WARNING - 2026-07-21 04:19:11 --> [DEPRECATED] Passing lowercase HTTP method "get" is deprecated. Use uppercase HTTP method like "GET". in SYSTEMPATH/Router/RouteCollection.php on line 1026.
 1 SYSTEMPATH/Router/RouteCollection.php(1026): trigger_error('Passing lowercase HTTP method "get" is deprecated. Use uppercase HTTP method like "GET".', 16384)
 2 APPPATH/Config/Routes.php(47): CodeIgniter\Router\RouteCollection->match([...], 'depot', 'Client\\OperationController::depot')
 3 SYSTEMPATH/Router/RouteCollection.php(799): CodeIgniter\Router\RouteCollection->{closure:/home/mihaja/Documents/GitHub/Final_S4/app/Config/Routes.php:45}(Object(CodeIgniter\Router\RouteCollection))
 4 APPPATH/Config/Routes.php(45): CodeIgniter\Router\RouteCollection->group('client', [...], Object(Closure))
 5 SYSTEMPATH/Router/RouteCollection.php(339): require('/home/mihaja/Documents/GitHub/Final_S4/app/Config/Routes.php')
 6 SYSTEMPATH/CLI/Console.php(41): CodeIgniter\Router\RouteCollection->loadRoutes()
 7 SYSTEMPATH/Boot.php(444): CodeIgniter\CLI\Console->run()
 8 SYSTEMPATH/Boot.php(166): CodeIgniter\Boot::runCommand(Object(CodeIgniter\CLI\Console))
 9 ROOTPATH/spark(87): CodeIgniter\Boot::bootSpark(Object(Config\Paths))
WARNING - 2026-07-21 04:19:11 --> [DEPRECATED] Passing lowercase HTTP method "post" is deprecated. Use uppercase HTTP method like "POST". in SYSTEMPATH/Router/RouteCollection.php on line 1026.
 1 SYSTEMPATH/Router/RouteCollection.php(1026): trigger_error('Passing lowercase HTTP method "post" is deprecated. Use uppercase HTTP method like "POST".', 16384)
 2 APPPATH/Config/Routes.php(47): CodeIgniter\Router\RouteCollection->match([...], 'depot', 'Client\\OperationController::depot')
 3 SYSTEMPATH/Router/RouteCollection.php(799): CodeIgniter\Router\RouteCollection->{closure:/home/mihaja/Documents/GitHub/Final_S4/app/Config/Routes.php:45}(Object(CodeIgniter\Router\RouteCollection))
 4 APPPATH/Config/Routes.php(45): CodeIgniter\Router\RouteCollection->group('client', [...], Object(Closure))
 5 SYSTEMPATH/Router/RouteCollection.php(339): require('/home/mihaja/Documents/GitHub/Final_S4/app/Config/Routes.php')
 6 SYSTEMPATH/CLI/Console.php(41): CodeIgniter\Router\RouteCollection->loadRoutes()
 7 SYSTEMPATH/Boot.php(444): CodeIgniter\CLI\Console->run()
 8 SYSTEMPATH/Boot.php(166): CodeIgniter\Boot::runCommand(Object(CodeIgniter\CLI\Console))
 9 ROOTPATH/spark(87): CodeIgniter\Boot::bootSpark(Object(Config\Paths))
WARNING - 2026-07-21 04:19:11 --> [DEPRECATED] Passing lowercase HTTP method "get" is deprecated. Use uppercase HTTP method like "GET". in SYSTEMPATH/Router/RouteCollection.php on line 1026.
 1 SYSTEMPATH/Router/RouteCollection.php(1026): trigger_error('Passing lowercase HTTP method "get" is deprecated. Use uppercase HTTP method like "GET".', 16384)
 2 APPPATH/Config/Routes.php(48): CodeIgniter\Router\RouteCollection->match([...], 'retrait', 'Client\\OperationController::retrait')
 3 SYSTEMPATH/Router/RouteCollection.php(799): CodeIgniter\Router\RouteCollection->{closure:/home/mihaja/Documents/GitHub/Final_S4/app/Config/Routes.php:45}(Object(CodeIgniter\Router\RouteCollection))
 4 APPPATH/Config/Routes.php(45): CodeIgniter\Router\RouteCollection->group('client', [...], Object(Closure))
 5 SYSTEMPATH/Router/RouteCollection.php(339): require('/home/mihaja/Documents/GitHub/Final_S4/app/Config/Routes.php')
 6 SYSTEMPATH/CLI/Console.php(41): CodeIgniter\Router\RouteCollection->loadRoutes()
 7 SYSTEMPATH/Boot.php(444): CodeIgniter\CLI\Console->run()
 8 SYSTEMPATH/Boot.php(166): CodeIgniter\Boot::runCommand(Object(CodeIgniter\CLI\Console))
 9 ROOTPATH/spark(87): CodeIgniter\Boot::bootSpark(Object(Config\Paths))
WARNING - 2026-07-21 04:19:11 --> [DEPRECATED] Passing lowercase HTTP method "post" is deprecated. Use uppercase HTTP method like "POST". in SYSTEMPATH/Router/RouteCollection.php on line 1026.
 1 SYSTEMPATH/Router/RouteCollection.php(1026): trigger_error('Passing lowercase HTTP method "post" is deprecated. Use uppercase HTTP method like "POST".', 16384)
 2 APPPATH/Config/Routes.php(48): CodeIgniter\Router\RouteCollection->match([...], 'retrait', 'Client\\OperationController::retrait')
 3 SYSTEMPATH/Router/RouteCollection.php(799): CodeIgniter\Router\RouteCollection->{closure:/home/mihaja/Documents/GitHub/Final_S4/app/Config/Routes.php:45}(Object(CodeIgniter\Router\RouteCollection))
 4 APPPATH/Config/Routes.php(45): CodeIgniter\Router\RouteCollection->group('client', [...], Object(Closure))
 5 SYSTEMPATH/Router/RouteCollection.php(339): require('/home/mihaja/Documents/GitHub/Final_S4/app/Config/Routes.php')
 6 SYSTEMPATH/CLI/Console.php(41): CodeIgniter\Router\RouteCollection->loadRoutes()
 7 SYSTEMPATH/Boot.php(444): CodeIgniter\CLI\Console->run()
 8 SYSTEMPATH/Boot.php(166): CodeIgniter\Boot::runCommand(Object(CodeIgniter\CLI\Console))
 9 ROOTPATH/spark(87): CodeIgniter\Boot::bootSpark(Object(Config\Paths))
WARNING - 2026-07-21 04:19:11 --> [DEPRECATED] Passing lowercase HTTP method "get" is deprecated. Use uppercase HTTP method like "GET". in SYSTEMPATH/Router/RouteCollection.php on line 1026.
 1 SYSTEMPATH/Router/RouteCollection.php(1026): trigger_error('Passing lowercase HTTP method "get" is deprecated. Use uppercase HTTP method like "GET".', 16384)
 2 APPPATH/Config/Routes.php(49): CodeIgniter\Router\RouteCollection->match([...], 'transfert', 'Client\\OperationController::transfert')
 3 SYSTEMPATH/Router/RouteCollection.php(799): CodeIgniter\Router\RouteCollection->{closure:/home/mihaja/Documents/GitHub/Final_S4/app/Config/Routes.php:45}(Object(CodeIgniter\Router\RouteCollection))
 4 APPPATH/Config/Routes.php(45): CodeIgniter\Router\RouteCollection->group('client', [...], Object(Closure))
 5 SYSTEMPATH/Router/RouteCollection.php(339): require('/home/mihaja/Documents/GitHub/Final_S4/app/Config/Routes.php')
 6 SYSTEMPATH/CLI/Console.php(41): CodeIgniter\Router\RouteCollection->loadRoutes()
 7 SYSTEMPATH/Boot.php(444): CodeIgniter\CLI\Console->run()
 8 SYSTEMPATH/Boot.php(166): CodeIgniter\Boot::runCommand(Object(CodeIgniter\CLI\Console))
 9 ROOTPATH/spark(87): CodeIgniter\Boot::bootSpark(Object(Config\Paths))
WARNING - 2026-07-21 04:19:11 --> [DEPRECATED] Passing lowercase HTTP method "post" is deprecated. Use uppercase HTTP method like "POST". in SYSTEMPATH/Router/RouteCollection.php on line 1026.
 1 SYSTEMPATH/Router/RouteCollection.php(1026): trigger_error('Passing lowercase HTTP method "post" is deprecated. Use uppercase HTTP method like "POST".', 16384)
 2 APPPATH/Config/Routes.php(49): CodeIgniter\Router\RouteCollection->match([...], 'transfert', 'Client\\OperationController::transfert')
 3 SYSTEMPATH/Router/RouteCollection.php(799): CodeIgniter\Router\RouteCollection->{closure:/home/mihaja/Documents/GitHub/Final_S4/app/Config/Routes.php:45}(Object(CodeIgniter\Router\RouteCollection))
 4 APPPATH/Config/Routes.php(45): CodeIgniter\Router\RouteCollection->group('client', [...], Object(Closure))
 5 SYSTEMPATH/Router/RouteCollection.php(339): require('/home/mihaja/Documents/GitHub/Final_S4/app/Config/Routes.php')
 6 SYSTEMPATH/CLI/Console.php(41): CodeIgniter\Router\RouteCollection->loadRoutes()
 7 SYSTEMPATH/Boot.php(444): CodeIgniter\CLI\Console->run()
 8 SYSTEMPATH/Boot.php(166): CodeIgniter\Boot::runCommand(Object(CodeIgniter\CLI\Console))
 9 ROOTPATH/spark(87): CodeIgniter\Boot::bootSpark(Object(Config\Paths))
WARNING - 2026-07-21 04:19:20 --> [DEPRECATED] Passing lowercase HTTP method "get" is deprecated. Use uppercase HTTP method like "GET". in SYSTEMPATH/Router/RouteCollection.php on line 1026.
 1 SYSTEMPATH/Router/RouteCollection.php(1026): trigger_error('Passing lowercase HTTP method "get" is deprecated. Use uppercase HTTP method like "GET".', 16384)
 2 APPPATH/Config/Routes.php(47): CodeIgniter\Router\RouteCollection->match([...], 'depot', 'Client\\OperationController::depot')
 3 SYSTEMPATH/Router/RouteCollection.php(799): CodeIgniter\Router\RouteCollection->{closure:/home/mihaja/Documents/GitHub/Final_S4/app/Config/Routes.php:45}(Object(CodeIgniter\Router\RouteCollection))
 4 APPPATH/Config/Routes.php(45): CodeIgniter\Router\RouteCollection->group('client', [...], Object(Closure))
 5 SYSTEMPATH/Router/RouteCollection.php(339): require('/home/mihaja/Documents/GitHub/Final_S4/app/Config/Routes.php')
 6 SYSTEMPATH/CodeIgniter.php(841): CodeIgniter\Router\RouteCollection->loadRoutes()
 7 SYSTEMPATH/CodeIgniter.php(464): CodeIgniter\CodeIgniter->tryToRouteIt(null)
 8 SYSTEMPATH/CodeIgniter.php(363): CodeIgniter\CodeIgniter->handleRequest(null, Object(Config\Cache), false)
 9 SYSTEMPATH/Boot.php(417): CodeIgniter\CodeIgniter->run()
10 SYSTEMPATH/Boot.php(68): CodeIgniter\Boot::runCodeIgniter(Object(CodeIgniter\CodeIgniter))
11 FCPATH/index.php(59): CodeIgniter\Boot::bootWeb(Object(Config\Paths))
12 SYSTEMPATH/rewrite.php(44): require_once('/home/mihaja/Documents/GitHub/Final_S4/public/index.php')
WARNING - 2026-07-21 04:19:20 --> [DEPRECATED] Passing lowercase HTTP method "post" is deprecated. Use uppercase HTTP method like "POST". in SYSTEMPATH/Router/RouteCollection.php on line 1026.
 1 SYSTEMPATH/Router/RouteCollection.php(1026): trigger_error('Passing lowercase HTTP method "post" is deprecated. Use uppercase HTTP method like "POST".', 16384)
 2 APPPATH/Config/Routes.php(47): CodeIgniter\Router\RouteCollection->match([...], 'depot', 'Client\\OperationController::depot')
 3 SYSTEMPATH/Router/RouteCollection.php(799): CodeIgniter\Router\RouteCollection->{closure:/home/mihaja/Documents/GitHub/Final_S4/app/Config/Routes.php:45}(Object(CodeIgniter\Router\RouteCollection))
 4 APPPATH/Config/Routes.php(45): CodeIgniter\Router\RouteCollection->group('client', [...], Object(Closure))
 5 SYSTEMPATH/Router/RouteCollection.php(339): require('/home/mihaja/Documents/GitHub/Final_S4/app/Config/Routes.php')
 6 SYSTEMPATH/CodeIgniter.php(841): CodeIgniter\Router\RouteCollection->loadRoutes()
 7 SYSTEMPATH/CodeIgniter.php(464): CodeIgniter\CodeIgniter->tryToRouteIt(null)
 8 SYSTEMPATH/CodeIgniter.php(363): CodeIgniter\CodeIgniter->handleRequest(null, Object(Config\Cache), false)
 9 SYSTEMPATH/Boot.php(417): CodeIgniter\CodeIgniter->run()
10 SYSTEMPATH/Boot.php(68): CodeIgniter\Boot::runCodeIgniter(Object(CodeIgniter\CodeIgniter))
11 FCPATH/index.php(59): CodeIgniter\Boot::bootWeb(Object(Config\Paths))
12 SYSTEMPATH/rewrite.php(44): require_once('/home/mihaja/Documents/GitHub/Final_S4/public/index.php')
WARNING - 2026-07-21 04:19:20 --> [DEPRECATED] Passing lowercase HTTP method "get" is deprecated. Use uppercase HTTP method like "GET". in SYSTEMPATH/Router/RouteCollection.php on line 1026.
 1 SYSTEMPATH/Router/RouteCollection.php(1026): trigger_error('Passing lowercase HTTP method "get" is deprecated. Use uppercase HTTP method like "GET".', 16384)
 2 APPPATH/Config/Routes.php(48): CodeIgniter\Router\RouteCollection->match([...], 'retrait', 'Client\\OperationController::retrait')
 3 SYSTEMPATH/Router/RouteCollection.php(799): CodeIgniter\Router\RouteCollection->{closure:/home/mihaja/Documents/GitHub/Final_S4/app/Config/Routes.php:45}(Object(CodeIgniter\Router\RouteCollection))
 4 APPPATH/Config/Routes.php(45): CodeIgniter\Router\RouteCollection->group('client', [...], Object(Closure))
 5 SYSTEMPATH/Router/RouteCollection.php(339): require('/home/mihaja/Documents/GitHub/Final_S4/app/Config/Routes.php')
 6 SYSTEMPATH/CodeIgniter.php(841): CodeIgniter\Router\RouteCollection->loadRoutes()
 7 SYSTEMPATH/CodeIgniter.php(464): CodeIgniter\CodeIgniter->tryToRouteIt(null)
 8 SYSTEMPATH/CodeIgniter.php(363): CodeIgniter\CodeIgniter->handleRequest(null, Object(Config\Cache), false)
 9 SYSTEMPATH/Boot.php(417): CodeIgniter\CodeIgniter->run()
10 SYSTEMPATH/Boot.php(68): CodeIgniter\Boot::runCodeIgniter(Object(CodeIgniter\CodeIgniter))
11 FCPATH/index.php(59): CodeIgniter\Boot::bootWeb(Object(Config\Paths))
12 SYSTEMPATH/rewrite.php(44): require_once('/home/mihaja/Documents/GitHub/Final_S4/public/index.php')
WARNING - 2026-07-21 04:19:20 --> [DEPRECATED] Passing lowercase HTTP method "post" is deprecated. Use uppercase HTTP method like "POST". in SYSTEMPATH/Router/RouteCollection.php on line 1026.
 1 SYSTEMPATH/Router/RouteCollection.php(1026): trigger_error('Passing lowercase HTTP method "post" is deprecated. Use uppercase HTTP method like "POST".', 16384)
 2 APPPATH/Config/Routes.php(48): CodeIgniter\Router\RouteCollection->match([...], 'retrait', 'Client\\OperationController::retrait')
 3 SYSTEMPATH/Router/RouteCollection.php(799): CodeIgniter\Router\RouteCollection->{closure:/home/mihaja/Documents/GitHub/Final_S4/app/Config/Routes.php:45}(Object(CodeIgniter\Router\RouteCollection))
 4 APPPATH/Config/Routes.php(45): CodeIgniter\Router\RouteCollection->group('client', [...], Object(Closure))
 5 SYSTEMPATH/Router/RouteCollection.php(339): require('/home/mihaja/Documents/GitHub/Final_S4/app/Config/Routes.php')
 6 SYSTEMPATH/CodeIgniter.php(841): CodeIgniter\Router\RouteCollection->loadRoutes()
 7 SYSTEMPATH/CodeIgniter.php(464): CodeIgniter\CodeIgniter->tryToRouteIt(null)
 8 SYSTEMPATH/CodeIgniter.php(363): CodeIgniter\CodeIgniter->handleRequest(null, Object(Config\Cache), false)
 9 SYSTEMPATH/Boot.php(417): CodeIgniter\CodeIgniter->run()
10 SYSTEMPATH/Boot.php(68): CodeIgniter\Boot::runCodeIgniter(Object(CodeIgniter\CodeIgniter))
11 FCPATH/index.php(59): CodeIgniter\Boot::bootWeb(Object(Config\Paths))
12 SYSTEMPATH/rewrite.php(44): require_once('/home/mihaja/Documents/GitHub/Final_S4/public/index.php')
WARNING - 2026-07-21 04:19:20 --> [DEPRECATED] Passing lowercase HTTP method "get" is deprecated. Use uppercase HTTP method like "GET". in SYSTEMPATH/Router/RouteCollection.php on line 1026.
 1 SYSTEMPATH/Router/RouteCollection.php(1026): trigger_error('Passing lowercase HTTP method "get" is deprecated. Use uppercase HTTP method like "GET".', 16384)
 2 APPPATH/Config/Routes.php(49): CodeIgniter\Router\RouteCollection->match([...], 'transfert', 'Client\\OperationController::transfert')
 3 SYSTEMPATH/Router/RouteCollection.php(799): CodeIgniter\Router\RouteCollection->{closure:/home/mihaja/Documents/GitHub/Final_S4/app/Config/Routes.php:45}(Object(CodeIgniter\Router\RouteCollection))
 4 APPPATH/Config/Routes.php(45): CodeIgniter\Router\RouteCollection->group('client', [...], Object(Closure))
 5 SYSTEMPATH/Router/RouteCollection.php(339): require('/home/mihaja/Documents/GitHub/Final_S4/app/Config/Routes.php')
 6 SYSTEMPATH/CodeIgniter.php(841): CodeIgniter\Router\RouteCollection->loadRoutes()
 7 SYSTEMPATH/CodeIgniter.php(464): CodeIgniter\CodeIgniter->tryToRouteIt(null)
 8 SYSTEMPATH/CodeIgniter.php(363): CodeIgniter\CodeIgniter->handleRequest(null, Object(Config\Cache), false)
 9 SYSTEMPATH/Boot.php(417): CodeIgniter\CodeIgniter->run()
10 SYSTEMPATH/Boot.php(68): CodeIgniter\Boot::runCodeIgniter(Object(CodeIgniter\CodeIgniter))
11 FCPATH/index.php(59): CodeIgniter\Boot::bootWeb(Object(Config\Paths))
12 SYSTEMPATH/rewrite.php(44): require_once('/home/mihaja/Documents/GitHub/Final_S4/public/index.php')
WARNING - 2026-07-21 04:19:20 --> [DEPRECATED] Passing lowercase HTTP method "post" is deprecated. Use uppercase HTTP method like "POST". in SYSTEMPATH/Router/RouteCollection.php on line 1026.
 1 SYSTEMPATH/Router/RouteCollection.php(1026): trigger_error('Passing lowercase HTTP method "post" is deprecated. Use uppercase HTTP method like "POST".', 16384)
 2 APPPATH/Config/Routes.php(49): CodeIgniter\Router\RouteCollection->match([...], 'transfert', 'Client\\OperationController::transfert')
 3 SYSTEMPATH/Router/RouteCollection.php(799): CodeIgniter\Router\RouteCollection->{closure:/home/mihaja/Documents/GitHub/Final_S4/app/Config/Routes.php:45}(Object(CodeIgniter\Router\RouteCollection))
 4 APPPATH/Config/Routes.php(45): CodeIgniter\Router\RouteCollection->group('client', [...], Object(Closure))
 5 SYSTEMPATH/Router/RouteCollection.php(339): require('/home/mihaja/Documents/GitHub/Final_S4/app/Config/Routes.php')
 6 SYSTEMPATH/CodeIgniter.php(841): CodeIgniter\Router\RouteCollection->loadRoutes()
 7 SYSTEMPATH/CodeIgniter.php(464): CodeIgniter\CodeIgniter->tryToRouteIt(null)
 8 SYSTEMPATH/CodeIgniter.php(363): CodeIgniter\CodeIgniter->handleRequest(null, Object(Config\Cache), false)
 9 SYSTEMPATH/Boot.php(417): CodeIgniter\CodeIgniter->run()
10 SYSTEMPATH/Boot.php(68): CodeIgniter\Boot::runCodeIgniter(Object(CodeIgniter\CodeIgniter))
11 FCPATH/index.php(59): CodeIgniter\Boot::bootWeb(Object(Config\Paths))
12 SYSTEMPATH/rewrite.php(44): require_once('/home/mihaja/Documents/GitHub/Final_S4/public/index.php')
WARNING - 2026-07-21 04:19:23 --> [DEPRECATED] Passing lowercase HTTP method "get" is deprecated. Use uppercase HTTP method like "GET". in SYSTEMPATH/Router/RouteCollection.php on line 1026.
 1 SYSTEMPATH/Router/RouteCollection.php(1026): trigger_error('Passing lowercase HTTP method "get" is deprecated. Use uppercase HTTP method like "GET".', 16384)
 2 APPPATH/Config/Routes.php(47): CodeIgniter\Router\RouteCollection->match([...], 'depot', 'Client\\OperationController::depot')
 3 SYSTEMPATH/Router/RouteCollection.php(799): CodeIgniter\Router\RouteCollection->{closure:/home/mihaja/Documents/GitHub/Final_S4/app/Config/Routes.php:45}(Object(CodeIgniter\Router\RouteCollection))
 4 APPPATH/Config/Routes.php(45): CodeIgniter\Router\RouteCollection->group('client', [...], Object(Closure))
 5 SYSTEMPATH/Router/RouteCollection.php(339): require('/home/mihaja/Documents/GitHub/Final_S4/app/Config/Routes.php')
 6 SYSTEMPATH/CodeIgniter.php(841): CodeIgniter\Router\RouteCollection->loadRoutes()
 7 SYSTEMPATH/CodeIgniter.php(464): CodeIgniter\CodeIgniter->tryToRouteIt(null)
 8 SYSTEMPATH/CodeIgniter.php(363): CodeIgniter\CodeIgniter->handleRequest(null, Object(Config\Cache), false)
 9 SYSTEMPATH/Boot.php(417): CodeIgniter\CodeIgniter->run()
10 SYSTEMPATH/Boot.php(68): CodeIgniter\Boot::runCodeIgniter(Object(CodeIgniter\CodeIgniter))
11 FCPATH/index.php(59): CodeIgniter\Boot::bootWeb(Object(Config\Paths))
12 SYSTEMPATH/rewrite.php(44): require_once('/home/mihaja/Documents/GitHub/Final_S4/public/index.php')
WARNING - 2026-07-21 04:19:23 --> [DEPRECATED] Passing lowercase HTTP method "post" is deprecated. Use uppercase HTTP method like "POST". in SYSTEMPATH/Router/RouteCollection.php on line 1026.
 1 SYSTEMPATH/Router/RouteCollection.php(1026): trigger_error('Passing lowercase HTTP method "post" is deprecated. Use uppercase HTTP method like "POST".', 16384)
 2 APPPATH/Config/Routes.php(47): CodeIgniter\Router\RouteCollection->match([...], 'depot', 'Client\\OperationController::depot')
 3 SYSTEMPATH/Router/RouteCollection.php(799): CodeIgniter\Router\RouteCollection->{closure:/home/mihaja/Documents/GitHub/Final_S4/app/Config/Routes.php:45}(Object(CodeIgniter\Router\RouteCollection))
 4 APPPATH/Config/Routes.php(45): CodeIgniter\Router\RouteCollection->group('client', [...], Object(Closure))
 5 SYSTEMPATH/Router/RouteCollection.php(339): require('/home/mihaja/Documents/GitHub/Final_S4/app/Config/Routes.php')
 6 SYSTEMPATH/CodeIgniter.php(841): CodeIgniter\Router\RouteCollection->loadRoutes()
 7 SYSTEMPATH/CodeIgniter.php(464): CodeIgniter\CodeIgniter->tryToRouteIt(null)
 8 SYSTEMPATH/CodeIgniter.php(363): CodeIgniter\CodeIgniter->handleRequest(null, Object(Config\Cache), false)
 9 SYSTEMPATH/Boot.php(417): CodeIgniter\CodeIgniter->run()
10 SYSTEMPATH/Boot.php(68): CodeIgniter\Boot::runCodeIgniter(Object(CodeIgniter\CodeIgniter))
11 FCPATH/index.php(59): CodeIgniter\Boot::bootWeb(Object(Config\Paths))
12 SYSTEMPATH/rewrite.php(44): require_once('/home/mihaja/Documents/GitHub/Final_S4/public/index.php')
WARNING - 2026-07-21 04:19:23 --> [DEPRECATED] Passing lowercase HTTP method "get" is deprecated. Use uppercase HTTP method like "GET". in SYSTEMPATH/Router/RouteCollection.php on line 1026.
 1 SYSTEMPATH/Router/RouteCollection.php(1026): trigger_error('Passing lowercase HTTP method "get" is deprecated. Use uppercase HTTP method like "GET".', 16384)
 2 APPPATH/Config/Routes.php(48): CodeIgniter\Router\RouteCollection->match([...], 'retrait', 'Client\\OperationController::retrait')
 3 SYSTEMPATH/Router/RouteCollection.php(799): CodeIgniter\Router\RouteCollection->{closure:/home/mihaja/Documents/GitHub/Final_S4/app/Config/Routes.php:45}(Object(CodeIgniter\Router\RouteCollection))
 4 APPPATH/Config/Routes.php(45): CodeIgniter\Router\RouteCollection->group('client', [...], Object(Closure))
 5 SYSTEMPATH/Router/RouteCollection.php(339): require('/home/mihaja/Documents/GitHub/Final_S4/app/Config/Routes.php')
 6 SYSTEMPATH/CodeIgniter.php(841): CodeIgniter\Router\RouteCollection->loadRoutes()
 7 SYSTEMPATH/CodeIgniter.php(464): CodeIgniter\CodeIgniter->tryToRouteIt(null)
 8 SYSTEMPATH/CodeIgniter.php(363): CodeIgniter\CodeIgniter->handleRequest(null, Object(Config\Cache), false)
 9 SYSTEMPATH/Boot.php(417): CodeIgniter\CodeIgniter->run()
10 SYSTEMPATH/Boot.php(68): CodeIgniter\Boot::runCodeIgniter(Object(CodeIgniter\CodeIgniter))
11 FCPATH/index.php(59): CodeIgniter\Boot::bootWeb(Object(Config\Paths))
12 SYSTEMPATH/rewrite.php(44): require_once('/home/mihaja/Documents/GitHub/Final_S4/public/index.php')
WARNING - 2026-07-21 04:19:23 --> [DEPRECATED] Passing lowercase HTTP method "post" is deprecated. Use uppercase HTTP method like "POST". in SYSTEMPATH/Router/RouteCollection.php on line 1026.
 1 SYSTEMPATH/Router/RouteCollection.php(1026): trigger_error('Passing lowercase HTTP method "post" is deprecated. Use uppercase HTTP method like "POST".', 16384)
 2 APPPATH/Config/Routes.php(48): CodeIgniter\Router\RouteCollection->match([...], 'retrait', 'Client\\OperationController::retrait')
 3 SYSTEMPATH/Router/RouteCollection.php(799): CodeIgniter\Router\RouteCollection->{closure:/home/mihaja/Documents/GitHub/Final_S4/app/Config/Routes.php:45}(Object(CodeIgniter\Router\RouteCollection))
 4 APPPATH/Config/Routes.php(45): CodeIgniter\Router\RouteCollection->group('client', [...], Object(Closure))
 5 SYSTEMPATH/Router/RouteCollection.php(339): require('/home/mihaja/Documents/GitHub/Final_S4/app/Config/Routes.php')
 6 SYSTEMPATH/CodeIgniter.php(841): CodeIgniter\Router\RouteCollection->loadRoutes()
 7 SYSTEMPATH/CodeIgniter.php(464): CodeIgniter\CodeIgniter->tryToRouteIt(null)
 8 SYSTEMPATH/CodeIgniter.php(363): CodeIgniter\CodeIgniter->handleRequest(null, Object(Config\Cache), false)
 9 SYSTEMPATH/Boot.php(417): CodeIgniter\CodeIgniter->run()
10 SYSTEMPATH/Boot.php(68): CodeIgniter\Boot::runCodeIgniter(Object(CodeIgniter\CodeIgniter))
11 FCPATH/index.php(59): CodeIgniter\Boot::bootWeb(Object(Config\Paths))
12 SYSTEMPATH/rewrite.php(44): require_once('/home/mihaja/Documents/GitHub/Final_S4/public/index.php')
WARNING - 2026-07-21 04:19:23 --> [DEPRECATED] Passing lowercase HTTP method "get" is deprecated. Use uppercase HTTP method like "GET". in SYSTEMPATH/Router/RouteCollection.php on line 1026.
 1 SYSTEMPATH/Router/RouteCollection.php(1026): trigger_error('Passing lowercase HTTP method "get" is deprecated. Use uppercase HTTP method like "GET".', 16384)
 2 APPPATH/Config/Routes.php(49): CodeIgniter\Router\RouteCollection->match([...], 'transfert', 'Client\\OperationController::transfert')
 3 SYSTEMPATH/Router/RouteCollection.php(799): CodeIgniter\Router\RouteCollection->{closure:/home/mihaja/Documents/GitHub/Final_S4/app/Config/Routes.php:45}(Object(CodeIgniter\Router\RouteCollection))
 4 APPPATH/Config/Routes.php(45): CodeIgniter\Router\RouteCollection->group('client', [...], Object(Closure))
 5 SYSTEMPATH/Router/RouteCollection.php(339): require('/home/mihaja/Documents/GitHub/Final_S4/app/Config/Routes.php')
 6 SYSTEMPATH/CodeIgniter.php(841): CodeIgniter\Router\RouteCollection->loadRoutes()
 7 SYSTEMPATH/CodeIgniter.php(464): CodeIgniter\CodeIgniter->tryToRouteIt(null)
 8 SYSTEMPATH/CodeIgniter.php(363): CodeIgniter\CodeIgniter->handleRequest(null, Object(Config\Cache), false)
 9 SYSTEMPATH/Boot.php(417): CodeIgniter\CodeIgniter->run()
10 SYSTEMPATH/Boot.php(68): CodeIgniter\Boot::runCodeIgniter(Object(CodeIgniter\CodeIgniter))
11 FCPATH/index.php(59): CodeIgniter\Boot::bootWeb(Object(Config\Paths))
12 SYSTEMPATH/rewrite.php(44): require_once('/home/mihaja/Documents/GitHub/Final_S4/public/index.php')
WARNING - 2026-07-21 04:19:23 --> [DEPRECATED] Passing lowercase HTTP method "post" is deprecated. Use uppercase HTTP method like "POST". in SYSTEMPATH/Router/RouteCollection.php on line 1026.
 1 SYSTEMPATH/Router/RouteCollection.php(1026): trigger_error('Passing lowercase HTTP method "post" is deprecated. Use uppercase HTTP method like "POST".', 16384)
 2 APPPATH/Config/Routes.php(49): CodeIgniter\Router\RouteCollection->match([...], 'transfert', 'Client\\OperationController::transfert')
 3 SYSTEMPATH/Router/RouteCollection.php(799): CodeIgniter\Router\RouteCollection->{closure:/home/mihaja/Documents/GitHub/Final_S4/app/Config/Routes.php:45}(Object(CodeIgniter\Router\RouteCollection))
 4 APPPATH/Config/Routes.php(45): CodeIgniter\Router\RouteCollection->group('client', [...], Object(Closure))
 5 SYSTEMPATH/Router/RouteCollection.php(339): require('/home/mihaja/Documents/GitHub/Final_S4/app/Config/Routes.php')
 6 SYSTEMPATH/CodeIgniter.php(841): CodeIgniter\Router\RouteCollection->loadRoutes()
 7 SYSTEMPATH/CodeIgniter.php(464): CodeIgniter\CodeIgniter->tryToRouteIt(null)
 8 SYSTEMPATH/CodeIgniter.php(363): CodeIgniter\CodeIgniter->handleRequest(null, Object(Config\Cache), false)
 9 SYSTEMPATH/Boot.php(417): CodeIgniter\CodeIgniter->run()
10 SYSTEMPATH/Boot.php(68): CodeIgniter\Boot::runCodeIgniter(Object(CodeIgniter\CodeIgniter))
11 FCPATH/index.php(59): CodeIgniter\Boot::bootWeb(Object(Config\Paths))
12 SYSTEMPATH/rewrite.php(44): require_once('/home/mihaja/Documents/GitHub/Final_S4/public/index.php')
WARNING - 2026-07-21 04:19:24 --> [DEPRECATED] Passing lowercase HTTP method "get" is deprecated. Use uppercase HTTP method like "GET". in SYSTEMPATH/Router/RouteCollection.php on line 1026.
 1 SYSTEMPATH/Router/RouteCollection.php(1026): trigger_error('Passing lowercase HTTP method "get" is deprecated. Use uppercase HTTP method like "GET".', 16384)
 2 APPPATH/Config/Routes.php(47): CodeIgniter\Router\RouteCollection->match([...], 'depot', 'Client\\OperationController::depot')
 3 SYSTEMPATH/Router/RouteCollection.php(799): CodeIgniter\Router\RouteCollection->{closure:/home/mihaja/Documents/GitHub/Final_S4/app/Config/Routes.php:45}(Object(CodeIgniter\Router\RouteCollection))
 4 APPPATH/Config/Routes.php(45): CodeIgniter\Router\RouteCollection->group('client', [...], Object(Closure))
 5 SYSTEMPATH/Router/RouteCollection.php(339): require('/home/mihaja/Documents/GitHub/Final_S4/app/Config/Routes.php')
 6 SYSTEMPATH/CodeIgniter.php(841): CodeIgniter\Router\RouteCollection->loadRoutes()
 7 SYSTEMPATH/CodeIgniter.php(464): CodeIgniter\CodeIgniter->tryToRouteIt(null)
 8 SYSTEMPATH/CodeIgniter.php(363): CodeIgniter\CodeIgniter->handleRequest(null, Object(Config\Cache), false)
 9 SYSTEMPATH/Boot.php(417): CodeIgniter\CodeIgniter->run()
10 SYSTEMPATH/Boot.php(68): CodeIgniter\Boot::runCodeIgniter(Object(CodeIgniter\CodeIgniter))
11 FCPATH/index.php(59): CodeIgniter\Boot::bootWeb(Object(Config\Paths))
12 SYSTEMPATH/rewrite.php(44): require_once('/home/mihaja/Documents/GitHub/Final_S4/public/index.php')
WARNING - 2026-07-21 04:19:24 --> [DEPRECATED] Passing lowercase HTTP method "post" is deprecated. Use uppercase HTTP method like "POST". in SYSTEMPATH/Router/RouteCollection.php on line 1026.
 1 SYSTEMPATH/Router/RouteCollection.php(1026): trigger_error('Passing lowercase HTTP method "post" is deprecated. Use uppercase HTTP method like "POST".', 16384)
 2 APPPATH/Config/Routes.php(47): CodeIgniter\Router\RouteCollection->match([...], 'depot', 'Client\\OperationController::depot')
 3 SYSTEMPATH/Router/RouteCollection.php(799): CodeIgniter\Router\RouteCollection->{closure:/home/mihaja/Documents/GitHub/Final_S4/app/Config/Routes.php:45}(Object(CodeIgniter\Router\RouteCollection))
 4 APPPATH/Config/Routes.php(45): CodeIgniter\Router\RouteCollection->group('client', [...], Object(Closure))
 5 SYSTEMPATH/Router/RouteCollection.php(339): require('/home/mihaja/Documents/GitHub/Final_S4/app/Config/Routes.php')
 6 SYSTEMPATH/CodeIgniter.php(841): CodeIgniter\Router\RouteCollection->loadRoutes()
 7 SYSTEMPATH/CodeIgniter.php(464): CodeIgniter\CodeIgniter->tryToRouteIt(null)
 8 SYSTEMPATH/CodeIgniter.php(363): CodeIgniter\CodeIgniter->handleRequest(null, Object(Config\Cache), false)
 9 SYSTEMPATH/Boot.php(417): CodeIgniter\CodeIgniter->run()
10 SYSTEMPATH/Boot.php(68): CodeIgniter\Boot::runCodeIgniter(Object(CodeIgniter\CodeIgniter))
11 FCPATH/index.php(59): CodeIgniter\Boot::bootWeb(Object(Config\Paths))
12 SYSTEMPATH/rewrite.php(44): require_once('/home/mihaja/Documents/GitHub/Final_S4/public/index.php')
WARNING - 2026-07-21 04:19:24 --> [DEPRECATED] Passing lowercase HTTP method "get" is deprecated. Use uppercase HTTP method like "GET". in SYSTEMPATH/Router/RouteCollection.php on line 1026.
 1 SYSTEMPATH/Router/RouteCollection.php(1026): trigger_error('Passing lowercase HTTP method "get" is deprecated. Use uppercase HTTP method like "GET".', 16384)
 2 APPPATH/Config/Routes.php(48): CodeIgniter\Router\RouteCollection->match([...], 'retrait', 'Client\\OperationController::retrait')
 3 SYSTEMPATH/Router/RouteCollection.php(799): CodeIgniter\Router\RouteCollection->{closure:/home/mihaja/Documents/GitHub/Final_S4/app/Config/Routes.php:45}(Object(CodeIgniter\Router\RouteCollection))
 4 APPPATH/Config/Routes.php(45): CodeIgniter\Router\RouteCollection->group('client', [...], Object(Closure))
 5 SYSTEMPATH/Router/RouteCollection.php(339): require('/home/mihaja/Documents/GitHub/Final_S4/app/Config/Routes.php')
 6 SYSTEMPATH/CodeIgniter.php(841): CodeIgniter\Router\RouteCollection->loadRoutes()
 7 SYSTEMPATH/CodeIgniter.php(464): CodeIgniter\CodeIgniter->tryToRouteIt(null)
 8 SYSTEMPATH/CodeIgniter.php(363): CodeIgniter\CodeIgniter->handleRequest(null, Object(Config\Cache), false)
 9 SYSTEMPATH/Boot.php(417): CodeIgniter\CodeIgniter->run()
10 SYSTEMPATH/Boot.php(68): CodeIgniter\Boot::runCodeIgniter(Object(CodeIgniter\CodeIgniter))
11 FCPATH/index.php(59): CodeIgniter\Boot::bootWeb(Object(Config\Paths))
12 SYSTEMPATH/rewrite.php(44): require_once('/home/mihaja/Documents/GitHub/Final_S4/public/index.php')
WARNING - 2026-07-21 04:19:24 --> [DEPRECATED] Passing lowercase HTTP method "post" is deprecated. Use uppercase HTTP method like "POST". in SYSTEMPATH/Router/RouteCollection.php on line 1026.
 1 SYSTEMPATH/Router/RouteCollection.php(1026): trigger_error('Passing lowercase HTTP method "post" is deprecated. Use uppercase HTTP method like "POST".', 16384)
 2 APPPATH/Config/Routes.php(48): CodeIgniter\Router\RouteCollection->match([...], 'retrait', 'Client\\OperationController::retrait')
 3 SYSTEMPATH/Router/RouteCollection.php(799): CodeIgniter\Router\RouteCollection->{closure:/home/mihaja/Documents/GitHub/Final_S4/app/Config/Routes.php:45}(Object(CodeIgniter\Router\RouteCollection))
 4 APPPATH/Config/Routes.php(45): CodeIgniter\Router\RouteCollection->group('client', [...], Object(Closure))
 5 SYSTEMPATH/Router/RouteCollection.php(339): require('/home/mihaja/Documents/GitHub/Final_S4/app/Config/Routes.php')
 6 SYSTEMPATH/CodeIgniter.php(841): CodeIgniter\Router\RouteCollection->loadRoutes()
 7 SYSTEMPATH/CodeIgniter.php(464): CodeIgniter\CodeIgniter->tryToRouteIt(null)
 8 SYSTEMPATH/CodeIgniter.php(363): CodeIgniter\CodeIgniter->handleRequest(null, Object(Config\Cache), false)
 9 SYSTEMPATH/Boot.php(417): CodeIgniter\CodeIgniter->run()
10 SYSTEMPATH/Boot.php(68): CodeIgniter\Boot::runCodeIgniter(Object(CodeIgniter\CodeIgniter))
11 FCPATH/index.php(59): CodeIgniter\Boot::bootWeb(Object(Config\Paths))
12 SYSTEMPATH/rewrite.php(44): require_once('/home/mihaja/Documents/GitHub/Final_S4/public/index.php')
WARNING - 2026-07-21 04:19:24 --> [DEPRECATED] Passing lowercase HTTP method "get" is deprecated. Use uppercase HTTP method like "GET". in SYSTEMPATH/Router/RouteCollection.php on line 1026.
 1 SYSTEMPATH/Router/RouteCollection.php(1026): trigger_error('Passing lowercase HTTP method "get" is deprecated. Use uppercase HTTP method like "GET".', 16384)
 2 APPPATH/Config/Routes.php(49): CodeIgniter\Router\RouteCollection->match([...], 'transfert', 'Client\\OperationController::transfert')
 3 SYSTEMPATH/Router/RouteCollection.php(799): CodeIgniter\Router\RouteCollection->{closure:/home/mihaja/Documents/GitHub/Final_S4/app/Config/Routes.php:45}(Object(CodeIgniter\Router\RouteCollection))
 4 APPPATH/Config/Routes.php(45): CodeIgniter\Router\RouteCollection->group('client', [...], Object(Closure))
 5 SYSTEMPATH/Router/RouteCollection.php(339): require('/home/mihaja/Documents/GitHub/Final_S4/app/Config/Routes.php')
 6 SYSTEMPATH/CodeIgniter.php(841): CodeIgniter\Router\RouteCollection->loadRoutes()
 7 SYSTEMPATH/CodeIgniter.php(464): CodeIgniter\CodeIgniter->tryToRouteIt(null)
 8 SYSTEMPATH/CodeIgniter.php(363): CodeIgniter\CodeIgniter->handleRequest(null, Object(Config\Cache), false)
 9 SYSTEMPATH/Boot.php(417): CodeIgniter\CodeIgniter->run()
10 SYSTEMPATH/Boot.php(68): CodeIgniter\Boot::runCodeIgniter(Object(CodeIgniter\CodeIgniter))
11 FCPATH/index.php(59): CodeIgniter\Boot::bootWeb(Object(Config\Paths))
12 SYSTEMPATH/rewrite.php(44): require_once('/home/mihaja/Documents/GitHub/Final_S4/public/index.php')
WARNING - 2026-07-21 04:19:24 --> [DEPRECATED] Passing lowercase HTTP method "post" is deprecated. Use uppercase HTTP method like "POST". in SYSTEMPATH/Router/RouteCollection.php on line 1026.
 1 SYSTEMPATH/Router/RouteCollection.php(1026): trigger_error('Passing lowercase HTTP method "post" is deprecated. Use uppercase HTTP method like "POST".', 16384)
 2 APPPATH/Config/Routes.php(49): CodeIgniter\Router\RouteCollection->match([...], 'transfert', 'Client\\OperationController::transfert')
 3 SYSTEMPATH/Router/RouteCollection.php(799): CodeIgniter\Router\RouteCollection->{closure:/home/mihaja/Documents/GitHub/Final_S4/app/Config/Routes.php:45}(Object(CodeIgniter\Router\RouteCollection))
 4 APPPATH/Config/Routes.php(45): CodeIgniter\Router\RouteCollection->group('client', [...], Object(Closure))
 5 SYSTEMPATH/Router/RouteCollection.php(339): require('/home/mihaja/Documents/GitHub/Final_S4/app/Config/Routes.php')
 6 SYSTEMPATH/CodeIgniter.php(841): CodeIgniter\Router\RouteCollection->loadRoutes()
 7 SYSTEMPATH/CodeIgniter.php(464): CodeIgniter\CodeIgniter->tryToRouteIt(null)
 8 SYSTEMPATH/CodeIgniter.php(363): CodeIgniter\CodeIgniter->handleRequest(null, Object(Config\Cache), false)
 9 SYSTEMPATH/Boot.php(417): CodeIgniter\CodeIgniter->run()
10 SYSTEMPATH/Boot.php(68): CodeIgniter\Boot::runCodeIgniter(Object(CodeIgniter\CodeIgniter))
11 FCPATH/index.php(59): CodeIgniter\Boot::bootWeb(Object(Config\Paths))
12 SYSTEMPATH/rewrite.php(44): require_once('/home/mihaja/Documents/GitHub/Final_S4/public/index.php')
WARNING - 2026-07-21 04:19:28 --> [DEPRECATED] Passing lowercase HTTP method "get" is deprecated. Use uppercase HTTP method like "GET". in SYSTEMPATH/Router/RouteCollection.php on line 1026.
 1 SYSTEMPATH/Router/RouteCollection.php(1026): trigger_error('Passing lowercase HTTP method "get" is deprecated. Use uppercase HTTP method like "GET".', 16384)
 2 APPPATH/Config/Routes.php(47): CodeIgniter\Router\RouteCollection->match([...], 'depot', 'Client\\OperationController::depot')
 3 SYSTEMPATH/Router/RouteCollection.php(799): CodeIgniter\Router\RouteCollection->{closure:/home/mihaja/Documents/GitHub/Final_S4/app/Config/Routes.php:45}(Object(CodeIgniter\Router\RouteCollection))
 4 APPPATH/Config/Routes.php(45): CodeIgniter\Router\RouteCollection->group('client', [...], Object(Closure))
 5 SYSTEMPATH/Router/RouteCollection.php(339): require('/home/mihaja/Documents/GitHub/Final_S4/app/Config/Routes.php')
 6 SYSTEMPATH/CodeIgniter.php(841): CodeIgniter\Router\RouteCollection->loadRoutes()
 7 SYSTEMPATH/CodeIgniter.php(464): CodeIgniter\CodeIgniter->tryToRouteIt(null)
 8 SYSTEMPATH/CodeIgniter.php(363): CodeIgniter\CodeIgniter->handleRequest(null, Object(Config\Cache), false)
 9 SYSTEMPATH/Boot.php(417): CodeIgniter\CodeIgniter->run()
10 SYSTEMPATH/Boot.php(68): CodeIgniter\Boot::runCodeIgniter(Object(CodeIgniter\CodeIgniter))
11 FCPATH/index.php(59): CodeIgniter\Boot::bootWeb(Object(Config\Paths))
12 SYSTEMPATH/rewrite.php(44): require_once('/home/mihaja/Documents/GitHub/Final_S4/public/index.php')
WARNING - 2026-07-21 04:19:28 --> [DEPRECATED] Passing lowercase HTTP method "post" is deprecated. Use uppercase HTTP method like "POST". in SYSTEMPATH/Router/RouteCollection.php on line 1026.
 1 SYSTEMPATH/Router/RouteCollection.php(1026): trigger_error('Passing lowercase HTTP method "post" is deprecated. Use uppercase HTTP method like "POST".', 16384)
 2 APPPATH/Config/Routes.php(47): CodeIgniter\Router\RouteCollection->match([...], 'depot', 'Client\\OperationController::depot')
 3 SYSTEMPATH/Router/RouteCollection.php(799): CodeIgniter\Router\RouteCollection->{closure:/home/mihaja/Documents/GitHub/Final_S4/app/Config/Routes.php:45}(Object(CodeIgniter\Router\RouteCollection))
 4 APPPATH/Config/Routes.php(45): CodeIgniter\Router\RouteCollection->group('client', [...], Object(Closure))
 5 SYSTEMPATH/Router/RouteCollection.php(339): require('/home/mihaja/Documents/GitHub/Final_S4/app/Config/Routes.php')
 6 SYSTEMPATH/CodeIgniter.php(841): CodeIgniter\Router\RouteCollection->loadRoutes()
 7 SYSTEMPATH/CodeIgniter.php(464): CodeIgniter\CodeIgniter->tryToRouteIt(null)
 8 SYSTEMPATH/CodeIgniter.php(363): CodeIgniter\CodeIgniter->handleRequest(null, Object(Config\Cache), false)
 9 SYSTEMPATH/Boot.php(417): CodeIgniter\CodeIgniter->run()
10 SYSTEMPATH/Boot.php(68): CodeIgniter\Boot::runCodeIgniter(Object(CodeIgniter\CodeIgniter))
11 FCPATH/index.php(59): CodeIgniter\Boot::bootWeb(Object(Config\Paths))
12 SYSTEMPATH/rewrite.php(44): require_once('/home/mihaja/Documents/GitHub/Final_S4/public/index.php')
WARNING - 2026-07-21 04:19:28 --> [DEPRECATED] Passing lowercase HTTP method "get" is deprecated. Use uppercase HTTP method like "GET". in SYSTEMPATH/Router/RouteCollection.php on line 1026.
 1 SYSTEMPATH/Router/RouteCollection.php(1026): trigger_error('Passing lowercase HTTP method "get" is deprecated. Use uppercase HTTP method like "GET".', 16384)
 2 APPPATH/Config/Routes.php(48): CodeIgniter\Router\RouteCollection->match([...], 'retrait', 'Client\\OperationController::retrait')
 3 SYSTEMPATH/Router/RouteCollection.php(799): CodeIgniter\Router\RouteCollection->{closure:/home/mihaja/Documents/GitHub/Final_S4/app/Config/Routes.php:45}(Object(CodeIgniter\Router\RouteCollection))
 4 APPPATH/Config/Routes.php(45): CodeIgniter\Router\RouteCollection->group('client', [...], Object(Closure))
 5 SYSTEMPATH/Router/RouteCollection.php(339): require('/home/mihaja/Documents/GitHub/Final_S4/app/Config/Routes.php')
 6 SYSTEMPATH/CodeIgniter.php(841): CodeIgniter\Router\RouteCollection->loadRoutes()
 7 SYSTEMPATH/CodeIgniter.php(464): CodeIgniter\CodeIgniter->tryToRouteIt(null)
 8 SYSTEMPATH/CodeIgniter.php(363): CodeIgniter\CodeIgniter->handleRequest(null, Object(Config\Cache), false)
 9 SYSTEMPATH/Boot.php(417): CodeIgniter\CodeIgniter->run()
10 SYSTEMPATH/Boot.php(68): CodeIgniter\Boot::runCodeIgniter(Object(CodeIgniter\CodeIgniter))
11 FCPATH/index.php(59): CodeIgniter\Boot::bootWeb(Object(Config\Paths))
12 SYSTEMPATH/rewrite.php(44): require_once('/home/mihaja/Documents/GitHub/Final_S4/public/index.php')
WARNING - 2026-07-21 04:19:28 --> [DEPRECATED] Passing lowercase HTTP method "post" is deprecated. Use uppercase HTTP method like "POST". in SYSTEMPATH/Router/RouteCollection.php on line 1026.
 1 SYSTEMPATH/Router/RouteCollection.php(1026): trigger_error('Passing lowercase HTTP method "post" is deprecated. Use uppercase HTTP method like "POST".', 16384)
 2 APPPATH/Config/Routes.php(48): CodeIgniter\Router\RouteCollection->match([...], 'retrait', 'Client\\OperationController::retrait')
 3 SYSTEMPATH/Router/RouteCollection.php(799): CodeIgniter\Router\RouteCollection->{closure:/home/mihaja/Documents/GitHub/Final_S4/app/Config/Routes.php:45}(Object(CodeIgniter\Router\RouteCollection))
 4 APPPATH/Config/Routes.php(45): CodeIgniter\Router\RouteCollection->group('client', [...], Object(Closure))
 5 SYSTEMPATH/Router/RouteCollection.php(339): require('/home/mihaja/Documents/GitHub/Final_S4/app/Config/Routes.php')
 6 SYSTEMPATH/CodeIgniter.php(841): CodeIgniter\Router\RouteCollection->loadRoutes()
 7 SYSTEMPATH/CodeIgniter.php(464): CodeIgniter\CodeIgniter->tryToRouteIt(null)
 8 SYSTEMPATH/CodeIgniter.php(363): CodeIgniter\CodeIgniter->handleRequest(null, Object(Config\Cache), false)
 9 SYSTEMPATH/Boot.php(417): CodeIgniter\CodeIgniter->run()
10 SYSTEMPATH/Boot.php(68): CodeIgniter\Boot::runCodeIgniter(Object(CodeIgniter\CodeIgniter))
11 FCPATH/index.php(59): CodeIgniter\Boot::bootWeb(Object(Config\Paths))
12 SYSTEMPATH/rewrite.php(44): require_once('/home/mihaja/Documents/GitHub/Final_S4/public/index.php')
WARNING - 2026-07-21 04:19:28 --> [DEPRECATED] Passing lowercase HTTP method "get" is deprecated. Use uppercase HTTP method like "GET". in SYSTEMPATH/Router/RouteCollection.php on line 1026.
 1 SYSTEMPATH/Router/RouteCollection.php(1026): trigger_error('Passing lowercase HTTP method "get" is deprecated. Use uppercase HTTP method like "GET".', 16384)
 2 APPPATH/Config/Routes.php(49): CodeIgniter\Router\RouteCollection->match([...], 'transfert', 'Client\\OperationController::transfert')
 3 SYSTEMPATH/Router/RouteCollection.php(799): CodeIgniter\Router\RouteCollection->{closure:/home/mihaja/Documents/GitHub/Final_S4/app/Config/Routes.php:45}(Object(CodeIgniter\Router\RouteCollection))
 4 APPPATH/Config/Routes.php(45): CodeIgniter\Router\RouteCollection->group('client', [...], Object(Closure))
 5 SYSTEMPATH/Router/RouteCollection.php(339): require('/home/mihaja/Documents/GitHub/Final_S4/app/Config/Routes.php')
 6 SYSTEMPATH/CodeIgniter.php(841): CodeIgniter\Router\RouteCollection->loadRoutes()
 7 SYSTEMPATH/CodeIgniter.php(464): CodeIgniter\CodeIgniter->tryToRouteIt(null)
 8 SYSTEMPATH/CodeIgniter.php(363): CodeIgniter\CodeIgniter->handleRequest(null, Object(Config\Cache), false)
 9 SYSTEMPATH/Boot.php(417): CodeIgniter\CodeIgniter->run()
10 SYSTEMPATH/Boot.php(68): CodeIgniter\Boot::runCodeIgniter(Object(CodeIgniter\CodeIgniter))
11 FCPATH/index.php(59): CodeIgniter\Boot::bootWeb(Object(Config\Paths))
12 SYSTEMPATH/rewrite.php(44): require_once('/home/mihaja/Documents/GitHub/Final_S4/public/index.php')
WARNING - 2026-07-21 04:19:28 --> [DEPRECATED] Passing lowercase HTTP method "post" is deprecated. Use uppercase HTTP method like "POST". in SYSTEMPATH/Router/RouteCollection.php on line 1026.
 1 SYSTEMPATH/Router/RouteCollection.php(1026): trigger_error('Passing lowercase HTTP method "post" is deprecated. Use uppercase HTTP method like "POST".', 16384)
 2 APPPATH/Config/Routes.php(49): CodeIgniter\Router\RouteCollection->match([...], 'transfert', 'Client\\OperationController::transfert')
 3 SYSTEMPATH/Router/RouteCollection.php(799): CodeIgniter\Router\RouteCollection->{closure:/home/mihaja/Documents/GitHub/Final_S4/app/Config/Routes.php:45}(Object(CodeIgniter\Router\RouteCollection))
 4 APPPATH/Config/Routes.php(45): CodeIgniter\Router\RouteCollection->group('client', [...], Object(Closure))
 5 SYSTEMPATH/Router/RouteCollection.php(339): require('/home/mihaja/Documents/GitHub/Final_S4/app/Config/Routes.php')
 6 SYSTEMPATH/CodeIgniter.php(841): CodeIgniter\Router\RouteCollection->loadRoutes()
 7 SYSTEMPATH/CodeIgniter.php(464): CodeIgniter\CodeIgniter->tryToRouteIt(null)
 8 SYSTEMPATH/CodeIgniter.php(363): CodeIgniter\CodeIgniter->handleRequest(null, Object(Config\Cache), false)
 9 SYSTEMPATH/Boot.php(417): CodeIgniter\CodeIgniter->run()
10 SYSTEMPATH/Boot.php(68): CodeIgniter\Boot::runCodeIgniter(Object(CodeIgniter\CodeIgniter))
11 FCPATH/index.php(59): CodeIgniter\Boot::bootWeb(Object(Config\Paths))
12 SYSTEMPATH/rewrite.php(44): require_once('/home/mihaja/Documents/GitHub/Final_S4/public/index.php')
DEBUG - 2026-07-21 04:19:28 --> Session: Class initialized using 'CodeIgniter\Session\Handlers\FileHandler' driver.
WARNING - 2026-07-21 04:19:29 --> [DEPRECATED] Passing lowercase HTTP method "get" is deprecated. Use uppercase HTTP method like "GET". in SYSTEMPATH/Router/RouteCollection.php on line 1026.
 1 SYSTEMPATH/Router/RouteCollection.php(1026): trigger_error('Passing lowercase HTTP method "get" is deprecated. Use uppercase HTTP method like "GET".', 16384)
 2 APPPATH/Config/Routes.php(47): CodeIgniter\Router\RouteCollection->match([...], 'depot', 'Client\\OperationController::depot')
 3 SYSTEMPATH/Router/RouteCollection.php(799): CodeIgniter\Router\RouteCollection->{closure:/home/mihaja/Documents/GitHub/Final_S4/app/Config/Routes.php:45}(Object(CodeIgniter\Router\RouteCollection))
 4 APPPATH/Config/Routes.php(45): CodeIgniter\Router\RouteCollection->group('client', [...], Object(Closure))
 5 SYSTEMPATH/Router/RouteCollection.php(339): require('/home/mihaja/Documents/GitHub/Final_S4/app/Config/Routes.php')
 6 SYSTEMPATH/CodeIgniter.php(841): CodeIgniter\Router\RouteCollection->loadRoutes()
 7 SYSTEMPATH/CodeIgniter.php(464): CodeIgniter\CodeIgniter->tryToRouteIt(null)
 8 SYSTEMPATH/CodeIgniter.php(363): CodeIgniter\CodeIgniter->handleRequest(null, Object(Config\Cache), false)
 9 SYSTEMPATH/Boot.php(417): CodeIgniter\CodeIgniter->run()
10 SYSTEMPATH/Boot.php(68): CodeIgniter\Boot::runCodeIgniter(Object(CodeIgniter\CodeIgniter))
11 FCPATH/index.php(59): CodeIgniter\Boot::bootWeb(Object(Config\Paths))
12 SYSTEMPATH/rewrite.php(44): require_once('/home/mihaja/Documents/GitHub/Final_S4/public/index.php')
WARNING - 2026-07-21 04:19:29 --> [DEPRECATED] Passing lowercase HTTP method "post" is deprecated. Use uppercase HTTP method like "POST". in SYSTEMPATH/Router/RouteCollection.php on line 1026.
 1 SYSTEMPATH/Router/RouteCollection.php(1026): trigger_error('Passing lowercase HTTP method "post" is deprecated. Use uppercase HTTP method like "POST".', 16384)
 2 APPPATH/Config/Routes.php(47): CodeIgniter\Router\RouteCollection->match([...], 'depot', 'Client\\OperationController::depot')
 3 SYSTEMPATH/Router/RouteCollection.php(799): CodeIgniter\Router\RouteCollection->{closure:/home/mihaja/Documents/GitHub/Final_S4/app/Config/Routes.php:45}(Object(CodeIgniter\Router\RouteCollection))
 4 APPPATH/Config/Routes.php(45): CodeIgniter\Router\RouteCollection->group('client', [...], Object(Closure))
 5 SYSTEMPATH/Router/RouteCollection.php(339): require('/home/mihaja/Documents/GitHub/Final_S4/app/Config/Routes.php')
 6 SYSTEMPATH/CodeIgniter.php(841): CodeIgniter\Router\RouteCollection->loadRoutes()
 7 SYSTEMPATH/CodeIgniter.php(464): CodeIgniter\CodeIgniter->tryToRouteIt(null)
 8 SYSTEMPATH/CodeIgniter.php(363): CodeIgniter\CodeIgniter->handleRequest(null, Object(Config\Cache), false)
 9 SYSTEMPATH/Boot.php(417): CodeIgniter\CodeIgniter->run()
10 SYSTEMPATH/Boot.php(68): CodeIgniter\Boot::runCodeIgniter(Object(CodeIgniter\CodeIgniter))
11 FCPATH/index.php(59): CodeIgniter\Boot::bootWeb(Object(Config\Paths))
12 SYSTEMPATH/rewrite.php(44): require_once('/home/mihaja/Documents/GitHub/Final_S4/public/index.php')
WARNING - 2026-07-21 04:19:29 --> [DEPRECATED] Passing lowercase HTTP method "get" is deprecated. Use uppercase HTTP method like "GET". in SYSTEMPATH/Router/RouteCollection.php on line 1026.
 1 SYSTEMPATH/Router/RouteCollection.php(1026): trigger_error('Passing lowercase HTTP method "get" is deprecated. Use uppercase HTTP method like "GET".', 16384)
 2 APPPATH/Config/Routes.php(48): CodeIgniter\Router\RouteCollection->match([...], 'retrait', 'Client\\OperationController::retrait')
 3 SYSTEMPATH/Router/RouteCollection.php(799): CodeIgniter\Router\RouteCollection->{closure:/home/mihaja/Documents/GitHub/Final_S4/app/Config/Routes.php:45}(Object(CodeIgniter\Router\RouteCollection))
 4 APPPATH/Config/Routes.php(45): CodeIgniter\Router\RouteCollection->group('client', [...], Object(Closure))
 5 SYSTEMPATH/Router/RouteCollection.php(339): require('/home/mihaja/Documents/GitHub/Final_S4/app/Config/Routes.php')
 6 SYSTEMPATH/CodeIgniter.php(841): CodeIgniter\Router\RouteCollection->loadRoutes()
 7 SYSTEMPATH/CodeIgniter.php(464): CodeIgniter\CodeIgniter->tryToRouteIt(null)
 8 SYSTEMPATH/CodeIgniter.php(363): CodeIgniter\CodeIgniter->handleRequest(null, Object(Config\Cache), false)
 9 SYSTEMPATH/Boot.php(417): CodeIgniter\CodeIgniter->run()
10 SYSTEMPATH/Boot.php(68): CodeIgniter\Boot::runCodeIgniter(Object(CodeIgniter\CodeIgniter))
11 FCPATH/index.php(59): CodeIgniter\Boot::bootWeb(Object(Config\Paths))
12 SYSTEMPATH/rewrite.php(44): require_once('/home/mihaja/Documents/GitHub/Final_S4/public/index.php')
WARNING - 2026-07-21 04:19:29 --> [DEPRECATED] Passing lowercase HTTP method "post" is deprecated. Use uppercase HTTP method like "POST". in SYSTEMPATH/Router/RouteCollection.php on line 1026.
 1 SYSTEMPATH/Router/RouteCollection.php(1026): trigger_error('Passing lowercase HTTP method "post" is deprecated. Use uppercase HTTP method like "POST".', 16384)
 2 APPPATH/Config/Routes.php(48): CodeIgniter\Router\RouteCollection->match([...], 'retrait', 'Client\\OperationController::retrait')
 3 SYSTEMPATH/Router/RouteCollection.php(799): CodeIgniter\Router\RouteCollection->{closure:/home/mihaja/Documents/GitHub/Final_S4/app/Config/Routes.php:45}(Object(CodeIgniter\Router\RouteCollection))
 4 APPPATH/Config/Routes.php(45): CodeIgniter\Router\RouteCollection->group('client', [...], Object(Closure))
 5 SYSTEMPATH/Router/RouteCollection.php(339): require('/home/mihaja/Documents/GitHub/Final_S4/app/Config/Routes.php')
 6 SYSTEMPATH/CodeIgniter.php(841): CodeIgniter\Router\RouteCollection->loadRoutes()
 7 SYSTEMPATH/CodeIgniter.php(464): CodeIgniter\CodeIgniter->tryToRouteIt(null)
 8 SYSTEMPATH/CodeIgniter.php(363): CodeIgniter\CodeIgniter->handleRequest(null, Object(Config\Cache), false)
 9 SYSTEMPATH/Boot.php(417): CodeIgniter\CodeIgniter->run()
10 SYSTEMPATH/Boot.php(68): CodeIgniter\Boot::runCodeIgniter(Object(CodeIgniter\CodeIgniter))
11 FCPATH/index.php(59): CodeIgniter\Boot::bootWeb(Object(Config\Paths))
12 SYSTEMPATH/rewrite.php(44): require_once('/home/mihaja/Documents/GitHub/Final_S4/public/index.php')
WARNING - 2026-07-21 04:19:29 --> [DEPRECATED] Passing lowercase HTTP method "get" is deprecated. Use uppercase HTTP method like "GET". in SYSTEMPATH/Router/RouteCollection.php on line 1026.
 1 SYSTEMPATH/Router/RouteCollection.php(1026): trigger_error('Passing lowercase HTTP method "get" is deprecated. Use uppercase HTTP method like "GET".', 16384)
 2 APPPATH/Config/Routes.php(49): CodeIgniter\Router\RouteCollection->match([...], 'transfert', 'Client\\OperationController::transfert')
 3 SYSTEMPATH/Router/RouteCollection.php(799): CodeIgniter\Router\RouteCollection->{closure:/home/mihaja/Documents/GitHub/Final_S4/app/Config/Routes.php:45}(Object(CodeIgniter\Router\RouteCollection))
 4 APPPATH/Config/Routes.php(45): CodeIgniter\Router\RouteCollection->group('client', [...], Object(Closure))
 5 SYSTEMPATH/Router/RouteCollection.php(339): require('/home/mihaja/Documents/GitHub/Final_S4/app/Config/Routes.php')
 6 SYSTEMPATH/CodeIgniter.php(841): CodeIgniter\Router\RouteCollection->loadRoutes()
 7 SYSTEMPATH/CodeIgniter.php(464): CodeIgniter\CodeIgniter->tryToRouteIt(null)
 8 SYSTEMPATH/CodeIgniter.php(363): CodeIgniter\CodeIgniter->handleRequest(null, Object(Config\Cache), false)
 9 SYSTEMPATH/Boot.php(417): CodeIgniter\CodeIgniter->run()
10 SYSTEMPATH/Boot.php(68): CodeIgniter\Boot::runCodeIgniter(Object(CodeIgniter\CodeIgniter))
11 FCPATH/index.php(59): CodeIgniter\Boot::bootWeb(Object(Config\Paths))
12 SYSTEMPATH/rewrite.php(44): require_once('/home/mihaja/Documents/GitHub/Final_S4/public/index.php')
WARNING - 2026-07-21 04:19:29 --> [DEPRECATED] Passing lowercase HTTP method "post" is deprecated. Use uppercase HTTP method like "POST". in SYSTEMPATH/Router/RouteCollection.php on line 1026.
 1 SYSTEMPATH/Router/RouteCollection.php(1026): trigger_error('Passing lowercase HTTP method "post" is deprecated. Use uppercase HTTP method like "POST".', 16384)
 2 APPPATH/Config/Routes.php(49): CodeIgniter\Router\RouteCollection->match([...], 'transfert', 'Client\\OperationController::transfert')
 3 SYSTEMPATH/Router/RouteCollection.php(799): CodeIgniter\Router\RouteCollection->{closure:/home/mihaja/Documents/GitHub/Final_S4/app/Config/Routes.php:45}(Object(CodeIgniter\Router\RouteCollection))
 4 APPPATH/Config/Routes.php(45): CodeIgniter\Router\RouteCollection->group('client', [...], Object(Closure))
 5 SYSTEMPATH/Router/RouteCollection.php(339): require('/home/mihaja/Documents/GitHub/Final_S4/app/Config/Routes.php')
 6 SYSTEMPATH/CodeIgniter.php(841): CodeIgniter\Router\RouteCollection->loadRoutes()
 7 SYSTEMPATH/CodeIgniter.php(464): CodeIgniter\CodeIgniter->tryToRouteIt(null)
 8 SYSTEMPATH/CodeIgniter.php(363): CodeIgniter\CodeIgniter->handleRequest(null, Object(Config\Cache), false)
 9 SYSTEMPATH/Boot.php(417): CodeIgniter\CodeIgniter->run()
10 SYSTEMPATH/Boot.php(68): CodeIgniter\Boot::runCodeIgniter(Object(CodeIgniter\CodeIgniter))
11 FCPATH/index.php(59): CodeIgniter\Boot::bootWeb(Object(Config\Paths))
12 SYSTEMPATH/rewrite.php(44): require_once('/home/mihaja/Documents/GitHub/Final_S4/public/index.php')
DEBUG - 2026-07-21 04:19:29 --> Session: Class initialized using 'CodeIgniter\Session\Handlers\FileHandler' driver.
WARNING - 2026-07-21 04:19:29 --> [DEPRECATED] Passing lowercase HTTP method "get" is deprecated. Use uppercase HTTP method like "GET". in SYSTEMPATH/Router/RouteCollection.php on line 1026.
 1 SYSTEMPATH/Router/RouteCollection.php(1026): trigger_error('Passing lowercase HTTP method "get" is deprecated. Use uppercase HTTP method like "GET".', 16384)
 2 APPPATH/Config/Routes.php(47): CodeIgniter\Router\RouteCollection->match([...], 'depot', 'Client\\OperationController::depot')
 3 SYSTEMPATH/Router/RouteCollection.php(799): CodeIgniter\Router\RouteCollection->{closure:/home/mihaja/Documents/GitHub/Final_S4/app/Config/Routes.php:45}(Object(CodeIgniter\Router\RouteCollection))
 4 APPPATH/Config/Routes.php(45): CodeIgniter\Router\RouteCollection->group('client', [...], Object(Closure))
 5 SYSTEMPATH/Router/RouteCollection.php(339): require('/home/mihaja/Documents/GitHub/Final_S4/app/Config/Routes.php')
 6 SYSTEMPATH/CodeIgniter.php(841): CodeIgniter\Router\RouteCollection->loadRoutes()
 7 SYSTEMPATH/CodeIgniter.php(464): CodeIgniter\CodeIgniter->tryToRouteIt(null)
 8 SYSTEMPATH/CodeIgniter.php(363): CodeIgniter\CodeIgniter->handleRequest(null, Object(Config\Cache), false)
 9 SYSTEMPATH/Boot.php(417): CodeIgniter\CodeIgniter->run()
10 SYSTEMPATH/Boot.php(68): CodeIgniter\Boot::runCodeIgniter(Object(CodeIgniter\CodeIgniter))
11 FCPATH/index.php(59): CodeIgniter\Boot::bootWeb(Object(Config\Paths))
12 SYSTEMPATH/rewrite.php(44): require_once('/home/mihaja/Documents/GitHub/Final_S4/public/index.php')
WARNING - 2026-07-21 04:19:29 --> [DEPRECATED] Passing lowercase HTTP method "post" is deprecated. Use uppercase HTTP method like "POST". in SYSTEMPATH/Router/RouteCollection.php on line 1026.
 1 SYSTEMPATH/Router/RouteCollection.php(1026): trigger_error('Passing lowercase HTTP method "post" is deprecated. Use uppercase HTTP method like "POST".', 16384)
 2 APPPATH/Config/Routes.php(47): CodeIgniter\Router\RouteCollection->match([...], 'depot', 'Client\\OperationController::depot')
 3 SYSTEMPATH/Router/RouteCollection.php(799): CodeIgniter\Router\RouteCollection->{closure:/home/mihaja/Documents/GitHub/Final_S4/app/Config/Routes.php:45}(Object(CodeIgniter\Router\RouteCollection))
 4 APPPATH/Config/Routes.php(45): CodeIgniter\Router\RouteCollection->group('client', [...], Object(Closure))
 5 SYSTEMPATH/Router/RouteCollection.php(339): require('/home/mihaja/Documents/GitHub/Final_S4/app/Config/Routes.php')
 6 SYSTEMPATH/CodeIgniter.php(841): CodeIgniter\Router\RouteCollection->loadRoutes()
 7 SYSTEMPATH/CodeIgniter.php(464): CodeIgniter\CodeIgniter->tryToRouteIt(null)
 8 SYSTEMPATH/CodeIgniter.php(363): CodeIgniter\CodeIgniter->handleRequest(null, Object(Config\Cache), false)
 9 SYSTEMPATH/Boot.php(417): CodeIgniter\CodeIgniter->run()
10 SYSTEMPATH/Boot.php(68): CodeIgniter\Boot::runCodeIgniter(Object(CodeIgniter\CodeIgniter))
11 FCPATH/index.php(59): CodeIgniter\Boot::bootWeb(Object(Config\Paths))
12 SYSTEMPATH/rewrite.php(44): require_once('/home/mihaja/Documents/GitHub/Final_S4/public/index.php')
WARNING - 2026-07-21 04:19:29 --> [DEPRECATED] Passing lowercase HTTP method "get" is deprecated. Use uppercase HTTP method like "GET". in SYSTEMPATH/Router/RouteCollection.php on line 1026.
 1 SYSTEMPATH/Router/RouteCollection.php(1026): trigger_error('Passing lowercase HTTP method "get" is deprecated. Use uppercase HTTP method like "GET".', 16384)
 2 APPPATH/Config/Routes.php(48): CodeIgniter\Router\RouteCollection->match([...], 'retrait', 'Client\\OperationController::retrait')
 3 SYSTEMPATH/Router/RouteCollection.php(799): CodeIgniter\Router\RouteCollection->{closure:/home/mihaja/Documents/GitHub/Final_S4/app/Config/Routes.php:45}(Object(CodeIgniter\Router\RouteCollection))
 4 APPPATH/Config/Routes.php(45): CodeIgniter\Router\RouteCollection->group('client', [...], Object(Closure))
 5 SYSTEMPATH/Router/RouteCollection.php(339): require('/home/mihaja/Documents/GitHub/Final_S4/app/Config/Routes.php')
 6 SYSTEMPATH/CodeIgniter.php(841): CodeIgniter\Router\RouteCollection->loadRoutes()
 7 SYSTEMPATH/CodeIgniter.php(464): CodeIgniter\CodeIgniter->tryToRouteIt(null)
 8 SYSTEMPATH/CodeIgniter.php(363): CodeIgniter\CodeIgniter->handleRequest(null, Object(Config\Cache), false)
 9 SYSTEMPATH/Boot.php(417): CodeIgniter\CodeIgniter->run()
10 SYSTEMPATH/Boot.php(68): CodeIgniter\Boot::runCodeIgniter(Object(CodeIgniter\CodeIgniter))
11 FCPATH/index.php(59): CodeIgniter\Boot::bootWeb(Object(Config\Paths))
12 SYSTEMPATH/rewrite.php(44): require_once('/home/mihaja/Documents/GitHub/Final_S4/public/index.php')
WARNING - 2026-07-21 04:19:29 --> [DEPRECATED] Passing lowercase HTTP method "post" is deprecated. Use uppercase HTTP method like "POST". in SYSTEMPATH/Router/RouteCollection.php on line 1026.
 1 SYSTEMPATH/Router/RouteCollection.php(1026): trigger_error('Passing lowercase HTTP method "post" is deprecated. Use uppercase HTTP method like "POST".', 16384)
 2 APPPATH/Config/Routes.php(48): CodeIgniter\Router\RouteCollection->match([...], 'retrait', 'Client\\OperationController::retrait')
 3 SYSTEMPATH/Router/RouteCollection.php(799): CodeIgniter\Router\RouteCollection->{closure:/home/mihaja/Documents/GitHub/Final_S4/app/Config/Routes.php:45}(Object(CodeIgniter\Router\RouteCollection))
 4 APPPATH/Config/Routes.php(45): CodeIgniter\Router\RouteCollection->group('client', [...], Object(Closure))
 5 SYSTEMPATH/Router/RouteCollection.php(339): require('/home/mihaja/Documents/GitHub/Final_S4/app/Config/Routes.php')
 6 SYSTEMPATH/CodeIgniter.php(841): CodeIgniter\Router\RouteCollection->loadRoutes()
 7 SYSTEMPATH/CodeIgniter.php(464): CodeIgniter\CodeIgniter->tryToRouteIt(null)
 8 SYSTEMPATH/CodeIgniter.php(363): CodeIgniter\CodeIgniter->handleRequest(null, Object(Config\Cache), false)
 9 SYSTEMPATH/Boot.php(417): CodeIgniter\CodeIgniter->run()
10 SYSTEMPATH/Boot.php(68): CodeIgniter\Boot::runCodeIgniter(Object(CodeIgniter\CodeIgniter))
11 FCPATH/index.php(59): CodeIgniter\Boot::bootWeb(Object(Config\Paths))
12 SYSTEMPATH/rewrite.php(44): require_once('/home/mihaja/Documents/GitHub/Final_S4/public/index.php')
WARNING - 2026-07-21 04:19:29 --> [DEPRECATED] Passing lowercase HTTP method "get" is deprecated. Use uppercase HTTP method like "GET". in SYSTEMPATH/Router/RouteCollection.php on line 1026.
 1 SYSTEMPATH/Router/RouteCollection.php(1026): trigger_error('Passing lowercase HTTP method "get" is deprecated. Use uppercase HTTP method like "GET".', 16384)
 2 APPPATH/Config/Routes.php(49): CodeIgniter\Router\RouteCollection->match([...], 'transfert', 'Client\\OperationController::transfert')
 3 SYSTEMPATH/Router/RouteCollection.php(799): CodeIgniter\Router\RouteCollection->{closure:/home/mihaja/Documents/GitHub/Final_S4/app/Config/Routes.php:45}(Object(CodeIgniter\Router\RouteCollection))
 4 APPPATH/Config/Routes.php(45): CodeIgniter\Router\RouteCollection->group('client', [...], Object(Closure))
 5 SYSTEMPATH/Router/RouteCollection.php(339): require('/home/mihaja/Documents/GitHub/Final_S4/app/Config/Routes.php')
 6 SYSTEMPATH/CodeIgniter.php(841): CodeIgniter\Router\RouteCollection->loadRoutes()
 7 SYSTEMPATH/CodeIgniter.php(464): CodeIgniter\CodeIgniter->tryToRouteIt(null)
 8 SYSTEMPATH/CodeIgniter.php(363): CodeIgniter\CodeIgniter->handleRequest(null, Object(Config\Cache), false)
 9 SYSTEMPATH/Boot.php(417): CodeIgniter\CodeIgniter->run()
10 SYSTEMPATH/Boot.php(68): CodeIgniter\Boot::runCodeIgniter(Object(CodeIgniter\CodeIgniter))
11 FCPATH/index.php(59): CodeIgniter\Boot::bootWeb(Object(Config\Paths))
12 SYSTEMPATH/rewrite.php(44): require_once('/home/mihaja/Documents/GitHub/Final_S4/public/index.php')
WARNING - 2026-07-21 04:19:29 --> [DEPRECATED] Passing lowercase HTTP method "post" is deprecated. Use uppercase HTTP method like "POST". in SYSTEMPATH/Router/RouteCollection.php on line 1026.
 1 SYSTEMPATH/Router/RouteCollection.php(1026): trigger_error('Passing lowercase HTTP method "post" is deprecated. Use uppercase HTTP method like "POST".', 16384)
 2 APPPATH/Config/Routes.php(49): CodeIgniter\Router\RouteCollection->match([...], 'transfert', 'Client\\OperationController::transfert')
 3 SYSTEMPATH/Router/RouteCollection.php(799): CodeIgniter\Router\RouteCollection->{closure:/home/mihaja/Documents/GitHub/Final_S4/app/Config/Routes.php:45}(Object(CodeIgniter\Router\RouteCollection))
 4 APPPATH/Config/Routes.php(45): CodeIgniter\Router\RouteCollection->group('client', [...], Object(Closure))
 5 SYSTEMPATH/Router/RouteCollection.php(339): require('/home/mihaja/Documents/GitHub/Final_S4/app/Config/Routes.php')
 6 SYSTEMPATH/CodeIgniter.php(841): CodeIgniter\Router\RouteCollection->loadRoutes()
 7 SYSTEMPATH/CodeIgniter.php(464): CodeIgniter\CodeIgniter->tryToRouteIt(null)
 8 SYSTEMPATH/CodeIgniter.php(363): CodeIgniter\CodeIgniter->handleRequest(null, Object(Config\Cache), false)
 9 SYSTEMPATH/Boot.php(417): CodeIgniter\CodeIgniter->run()
10 SYSTEMPATH/Boot.php(68): CodeIgniter\Boot::runCodeIgniter(Object(CodeIgniter\CodeIgniter))
11 FCPATH/index.php(59): CodeIgniter\Boot::bootWeb(Object(Config\Paths))
12 SYSTEMPATH/rewrite.php(44): require_once('/home/mihaja/Documents/GitHub/Final_S4/public/index.php')
WARNING - 2026-07-21 04:19:36 --> [DEPRECATED] Passing lowercase HTTP method "get" is deprecated. Use uppercase HTTP method like "GET". in SYSTEMPATH/Router/RouteCollection.php on line 1026.
 1 SYSTEMPATH/Router/RouteCollection.php(1026): trigger_error('Passing lowercase HTTP method "get" is deprecated. Use uppercase HTTP method like "GET".', 16384)
 2 APPPATH/Config/Routes.php(47): CodeIgniter\Router\RouteCollection->match([...], 'depot', 'Client\\OperationController::depot')
 3 SYSTEMPATH/Router/RouteCollection.php(799): CodeIgniter\Router\RouteCollection->{closure:/home/mihaja/Documents/GitHub/Final_S4/app/Config/Routes.php:45}(Object(CodeIgniter\Router\RouteCollection))
 4 APPPATH/Config/Routes.php(45): CodeIgniter\Router\RouteCollection->group('client', [...], Object(Closure))
 5 SYSTEMPATH/Router/RouteCollection.php(339): require('/home/mihaja/Documents/GitHub/Final_S4/app/Config/Routes.php')
 6 SYSTEMPATH/CodeIgniter.php(841): CodeIgniter\Router\RouteCollection->loadRoutes()
 7 SYSTEMPATH/CodeIgniter.php(464): CodeIgniter\CodeIgniter->tryToRouteIt(null)
 8 SYSTEMPATH/CodeIgniter.php(363): CodeIgniter\CodeIgniter->handleRequest(null, Object(Config\Cache), false)
 9 SYSTEMPATH/Boot.php(417): CodeIgniter\CodeIgniter->run()
10 SYSTEMPATH/Boot.php(68): CodeIgniter\Boot::runCodeIgniter(Object(CodeIgniter\CodeIgniter))
11 FCPATH/index.php(59): CodeIgniter\Boot::bootWeb(Object(Config\Paths))
12 SYSTEMPATH/rewrite.php(44): require_once('/home/mihaja/Documents/GitHub/Final_S4/public/index.php')
WARNING - 2026-07-21 04:19:36 --> [DEPRECATED] Passing lowercase HTTP method "post" is deprecated. Use uppercase HTTP method like "POST". in SYSTEMPATH/Router/RouteCollection.php on line 1026.
 1 SYSTEMPATH/Router/RouteCollection.php(1026): trigger_error('Passing lowercase HTTP method "post" is deprecated. Use uppercase HTTP method like "POST".', 16384)
 2 APPPATH/Config/Routes.php(47): CodeIgniter\Router\RouteCollection->match([...], 'depot', 'Client\\OperationController::depot')
 3 SYSTEMPATH/Router/RouteCollection.php(799): CodeIgniter\Router\RouteCollection->{closure:/home/mihaja/Documents/GitHub/Final_S4/app/Config/Routes.php:45}(Object(CodeIgniter\Router\RouteCollection))
 4 APPPATH/Config/Routes.php(45): CodeIgniter\Router\RouteCollection->group('client', [...], Object(Closure))
 5 SYSTEMPATH/Router/RouteCollection.php(339): require('/home/mihaja/Documents/GitHub/Final_S4/app/Config/Routes.php')
 6 SYSTEMPATH/CodeIgniter.php(841): CodeIgniter\Router\RouteCollection->loadRoutes()
 7 SYSTEMPATH/CodeIgniter.php(464): CodeIgniter\CodeIgniter->tryToRouteIt(null)
 8 SYSTEMPATH/CodeIgniter.php(363): CodeIgniter\CodeIgniter->handleRequest(null, Object(Config\Cache), false)
 9 SYSTEMPATH/Boot.php(417): CodeIgniter\CodeIgniter->run()
10 SYSTEMPATH/Boot.php(68): CodeIgniter\Boot::runCodeIgniter(Object(CodeIgniter\CodeIgniter))
11 FCPATH/index.php(59): CodeIgniter\Boot::bootWeb(Object(Config\Paths))
12 SYSTEMPATH/rewrite.php(44): require_once('/home/mihaja/Documents/GitHub/Final_S4/public/index.php')
WARNING - 2026-07-21 04:19:36 --> [DEPRECATED] Passing lowercase HTTP method "get" is deprecated. Use uppercase HTTP method like "GET". in SYSTEMPATH/Router/RouteCollection.php on line 1026.
 1 SYSTEMPATH/Router/RouteCollection.php(1026): trigger_error('Passing lowercase HTTP method "get" is deprecated. Use uppercase HTTP method like "GET".', 16384)
 2 APPPATH/Config/Routes.php(48): CodeIgniter\Router\RouteCollection->match([...], 'retrait', 'Client\\OperationController::retrait')
 3 SYSTEMPATH/Router/RouteCollection.php(799): CodeIgniter\Router\RouteCollection->{closure:/home/mihaja/Documents/GitHub/Final_S4/app/Config/Routes.php:45}(Object(CodeIgniter\Router\RouteCollection))
 4 APPPATH/Config/Routes.php(45): CodeIgniter\Router\RouteCollection->group('client', [...], Object(Closure))
 5 SYSTEMPATH/Router/RouteCollection.php(339): require('/home/mihaja/Documents/GitHub/Final_S4/app/Config/Routes.php')
 6 SYSTEMPATH/CodeIgniter.php(841): CodeIgniter\Router\RouteCollection->loadRoutes()
 7 SYSTEMPATH/CodeIgniter.php(464): CodeIgniter\CodeIgniter->tryToRouteIt(null)
 8 SYSTEMPATH/CodeIgniter.php(363): CodeIgniter\CodeIgniter->handleRequest(null, Object(Config\Cache), false)
 9 SYSTEMPATH/Boot.php(417): CodeIgniter\CodeIgniter->run()
10 SYSTEMPATH/Boot.php(68): CodeIgniter\Boot::runCodeIgniter(Object(CodeIgniter\CodeIgniter))
11 FCPATH/index.php(59): CodeIgniter\Boot::bootWeb(Object(Config\Paths))
12 SYSTEMPATH/rewrite.php(44): require_once('/home/mihaja/Documents/GitHub/Final_S4/public/index.php')
WARNING - 2026-07-21 04:19:36 --> [DEPRECATED] Passing lowercase HTTP method "post" is deprecated. Use uppercase HTTP method like "POST". in SYSTEMPATH/Router/RouteCollection.php on line 1026.
 1 SYSTEMPATH/Router/RouteCollection.php(1026): trigger_error('Passing lowercase HTTP method "post" is deprecated. Use uppercase HTTP method like "POST".', 16384)
 2 APPPATH/Config/Routes.php(48): CodeIgniter\Router\RouteCollection->match([...], 'retrait', 'Client\\OperationController::retrait')
 3 SYSTEMPATH/Router/RouteCollection.php(799): CodeIgniter\Router\RouteCollection->{closure:/home/mihaja/Documents/GitHub/Final_S4/app/Config/Routes.php:45}(Object(CodeIgniter\Router\RouteCollection))
 4 APPPATH/Config/Routes.php(45): CodeIgniter\Router\RouteCollection->group('client', [...], Object(Closure))
 5 SYSTEMPATH/Router/RouteCollection.php(339): require('/home/mihaja/Documents/GitHub/Final_S4/app/Config/Routes.php')
 6 SYSTEMPATH/CodeIgniter.php(841): CodeIgniter\Router\RouteCollection->loadRoutes()
 7 SYSTEMPATH/CodeIgniter.php(464): CodeIgniter\CodeIgniter->tryToRouteIt(null)
 8 SYSTEMPATH/CodeIgniter.php(363): CodeIgniter\CodeIgniter->handleRequest(null, Object(Config\Cache), false)
 9 SYSTEMPATH/Boot.php(417): CodeIgniter\CodeIgniter->run()
10 SYSTEMPATH/Boot.php(68): CodeIgniter\Boot::runCodeIgniter(Object(CodeIgniter\CodeIgniter))
11 FCPATH/index.php(59): CodeIgniter\Boot::bootWeb(Object(Config\Paths))
12 SYSTEMPATH/rewrite.php(44): require_once('/home/mihaja/Documents/GitHub/Final_S4/public/index.php')
WARNING - 2026-07-21 04:19:36 --> [DEPRECATED] Passing lowercase HTTP method "get" is deprecated. Use uppercase HTTP method like "GET". in SYSTEMPATH/Router/RouteCollection.php on line 1026.
 1 SYSTEMPATH/Router/RouteCollection.php(1026): trigger_error('Passing lowercase HTTP method "get" is deprecated. Use uppercase HTTP method like "GET".', 16384)
 2 APPPATH/Config/Routes.php(49): CodeIgniter\Router\RouteCollection->match([...], 'transfert', 'Client\\OperationController::transfert')
 3 SYSTEMPATH/Router/RouteCollection.php(799): CodeIgniter\Router\RouteCollection->{closure:/home/mihaja/Documents/GitHub/Final_S4/app/Config/Routes.php:45}(Object(CodeIgniter\Router\RouteCollection))
 4 APPPATH/Config/Routes.php(45): CodeIgniter\Router\RouteCollection->group('client', [...], Object(Closure))
 5 SYSTEMPATH/Router/RouteCollection.php(339): require('/home/mihaja/Documents/GitHub/Final_S4/app/Config/Routes.php')
 6 SYSTEMPATH/CodeIgniter.php(841): CodeIgniter\Router\RouteCollection->loadRoutes()
 7 SYSTEMPATH/CodeIgniter.php(464): CodeIgniter\CodeIgniter->tryToRouteIt(null)
 8 SYSTEMPATH/CodeIgniter.php(363): CodeIgniter\CodeIgniter->handleRequest(null, Object(Config\Cache), false)
 9 SYSTEMPATH/Boot.php(417): CodeIgniter\CodeIgniter->run()
10 SYSTEMPATH/Boot.php(68): CodeIgniter\Boot::runCodeIgniter(Object(CodeIgniter\CodeIgniter))
11 FCPATH/index.php(59): CodeIgniter\Boot::bootWeb(Object(Config\Paths))
12 SYSTEMPATH/rewrite.php(44): require_once('/home/mihaja/Documents/GitHub/Final_S4/public/index.php')
WARNING - 2026-07-21 04:19:36 --> [DEPRECATED] Passing lowercase HTTP method "post" is deprecated. Use uppercase HTTP method like "POST". in SYSTEMPATH/Router/RouteCollection.php on line 1026.
 1 SYSTEMPATH/Router/RouteCollection.php(1026): trigger_error('Passing lowercase HTTP method "post" is deprecated. Use uppercase HTTP method like "POST".', 16384)
 2 APPPATH/Config/Routes.php(49): CodeIgniter\Router\RouteCollection->match([...], 'transfert', 'Client\\OperationController::transfert')
 3 SYSTEMPATH/Router/RouteCollection.php(799): CodeIgniter\Router\RouteCollection->{closure:/home/mihaja/Documents/GitHub/Final_S4/app/Config/Routes.php:45}(Object(CodeIgniter\Router\RouteCollection))
 4 APPPATH/Config/Routes.php(45): CodeIgniter\Router\RouteCollection->group('client', [...], Object(Closure))
 5 SYSTEMPATH/Router/RouteCollection.php(339): require('/home/mihaja/Documents/GitHub/Final_S4/app/Config/Routes.php')
 6 SYSTEMPATH/CodeIgniter.php(841): CodeIgniter\Router\RouteCollection->loadRoutes()
 7 SYSTEMPATH/CodeIgniter.php(464): CodeIgniter\CodeIgniter->tryToRouteIt(null)
 8 SYSTEMPATH/CodeIgniter.php(363): CodeIgniter\CodeIgniter->handleRequest(null, Object(Config\Cache), false)
 9 SYSTEMPATH/Boot.php(417): CodeIgniter\CodeIgniter->run()
10 SYSTEMPATH/Boot.php(68): CodeIgniter\Boot::runCodeIgniter(Object(CodeIgniter\CodeIgniter))
11 FCPATH/index.php(59): CodeIgniter\Boot::bootWeb(Object(Config\Paths))
12 SYSTEMPATH/rewrite.php(44): require_once('/home/mihaja/Documents/GitHub/Final_S4/public/index.php')
DEBUG - 2026-07-21 04:19:37 --> Session: Class initialized using 'CodeIgniter\Session\Handlers\FileHandler' driver.
WARNING - 2026-07-21 04:19:37 --> [DEPRECATED] Passing lowercase HTTP method "get" is deprecated. Use uppercase HTTP method like "GET". in SYSTEMPATH/Router/RouteCollection.php on line 1026.
 1 SYSTEMPATH/Router/RouteCollection.php(1026): trigger_error('Passing lowercase HTTP method "get" is deprecated. Use uppercase HTTP method like "GET".', 16384)
 2 APPPATH/Config/Routes.php(47): CodeIgniter\Router\RouteCollection->match([...], 'depot', 'Client\\OperationController::depot')
 3 SYSTEMPATH/Router/RouteCollection.php(799): CodeIgniter\Router\RouteCollection->{closure:/home/mihaja/Documents/GitHub/Final_S4/app/Config/Routes.php:45}(Object(CodeIgniter\Router\RouteCollection))
 4 APPPATH/Config/Routes.php(45): CodeIgniter\Router\RouteCollection->group('client', [...], Object(Closure))
 5 SYSTEMPATH/Router/RouteCollection.php(339): require('/home/mihaja/Documents/GitHub/Final_S4/app/Config/Routes.php')
 6 SYSTEMPATH/CodeIgniter.php(841): CodeIgniter\Router\RouteCollection->loadRoutes()
 7 SYSTEMPATH/CodeIgniter.php(464): CodeIgniter\CodeIgniter->tryToRouteIt(null)
 8 SYSTEMPATH/CodeIgniter.php(363): CodeIgniter\CodeIgniter->handleRequest(null, Object(Config\Cache), false)
 9 SYSTEMPATH/Boot.php(417): CodeIgniter\CodeIgniter->run()
10 SYSTEMPATH/Boot.php(68): CodeIgniter\Boot::runCodeIgniter(Object(CodeIgniter\CodeIgniter))
11 FCPATH/index.php(59): CodeIgniter\Boot::bootWeb(Object(Config\Paths))
12 SYSTEMPATH/rewrite.php(44): require_once('/home/mihaja/Documents/GitHub/Final_S4/public/index.php')
WARNING - 2026-07-21 04:19:37 --> [DEPRECATED] Passing lowercase HTTP method "post" is deprecated. Use uppercase HTTP method like "POST". in SYSTEMPATH/Router/RouteCollection.php on line 1026.
 1 SYSTEMPATH/Router/RouteCollection.php(1026): trigger_error('Passing lowercase HTTP method "post" is deprecated. Use uppercase HTTP method like "POST".', 16384)
 2 APPPATH/Config/Routes.php(47): CodeIgniter\Router\RouteCollection->match([...], 'depot', 'Client\\OperationController::depot')
 3 SYSTEMPATH/Router/RouteCollection.php(799): CodeIgniter\Router\RouteCollection->{closure:/home/mihaja/Documents/GitHub/Final_S4/app/Config/Routes.php:45}(Object(CodeIgniter\Router\RouteCollection))
 4 APPPATH/Config/Routes.php(45): CodeIgniter\Router\RouteCollection->group('client', [...], Object(Closure))
 5 SYSTEMPATH/Router/RouteCollection.php(339): require('/home/mihaja/Documents/GitHub/Final_S4/app/Config/Routes.php')
 6 SYSTEMPATH/CodeIgniter.php(841): CodeIgniter\Router\RouteCollection->loadRoutes()
 7 SYSTEMPATH/CodeIgniter.php(464): CodeIgniter\CodeIgniter->tryToRouteIt(null)
 8 SYSTEMPATH/CodeIgniter.php(363): CodeIgniter\CodeIgniter->handleRequest(null, Object(Config\Cache), false)
 9 SYSTEMPATH/Boot.php(417): CodeIgniter\CodeIgniter->run()
10 SYSTEMPATH/Boot.php(68): CodeIgniter\Boot::runCodeIgniter(Object(CodeIgniter\CodeIgniter))
11 FCPATH/index.php(59): CodeIgniter\Boot::bootWeb(Object(Config\Paths))
12 SYSTEMPATH/rewrite.php(44): require_once('/home/mihaja/Documents/GitHub/Final_S4/public/index.php')
WARNING - 2026-07-21 04:19:37 --> [DEPRECATED] Passing lowercase HTTP method "get" is deprecated. Use uppercase HTTP method like "GET". in SYSTEMPATH/Router/RouteCollection.php on line 1026.
 1 SYSTEMPATH/Router/RouteCollection.php(1026): trigger_error('Passing lowercase HTTP method "get" is deprecated. Use uppercase HTTP method like "GET".', 16384)
 2 APPPATH/Config/Routes.php(48): CodeIgniter\Router\RouteCollection->match([...], 'retrait', 'Client\\OperationController::retrait')
 3 SYSTEMPATH/Router/RouteCollection.php(799): CodeIgniter\Router\RouteCollection->{closure:/home/mihaja/Documents/GitHub/Final_S4/app/Config/Routes.php:45}(Object(CodeIgniter\Router\RouteCollection))
 4 APPPATH/Config/Routes.php(45): CodeIgniter\Router\RouteCollection->group('client', [...], Object(Closure))
 5 SYSTEMPATH/Router/RouteCollection.php(339): require('/home/mihaja/Documents/GitHub/Final_S4/app/Config/Routes.php')
 6 SYSTEMPATH/CodeIgniter.php(841): CodeIgniter\Router\RouteCollection->loadRoutes()
 7 SYSTEMPATH/CodeIgniter.php(464): CodeIgniter\CodeIgniter->tryToRouteIt(null)
 8 SYSTEMPATH/CodeIgniter.php(363): CodeIgniter\CodeIgniter->handleRequest(null, Object(Config\Cache), false)
 9 SYSTEMPATH/Boot.php(417): CodeIgniter\CodeIgniter->run()
10 SYSTEMPATH/Boot.php(68): CodeIgniter\Boot::runCodeIgniter(Object(CodeIgniter\CodeIgniter))
11 FCPATH/index.php(59): CodeIgniter\Boot::bootWeb(Object(Config\Paths))
12 SYSTEMPATH/rewrite.php(44): require_once('/home/mihaja/Documents/GitHub/Final_S4/public/index.php')
WARNING - 2026-07-21 04:19:37 --> [DEPRECATED] Passing lowercase HTTP method "post" is deprecated. Use uppercase HTTP method like "POST". in SYSTEMPATH/Router/RouteCollection.php on line 1026.
 1 SYSTEMPATH/Router/RouteCollection.php(1026): trigger_error('Passing lowercase HTTP method "post" is deprecated. Use uppercase HTTP method like "POST".', 16384)
 2 APPPATH/Config/Routes.php(48): CodeIgniter\Router\RouteCollection->match([...], 'retrait', 'Client\\OperationController::retrait')
 3 SYSTEMPATH/Router/RouteCollection.php(799): CodeIgniter\Router\RouteCollection->{closure:/home/mihaja/Documents/GitHub/Final_S4/app/Config/Routes.php:45}(Object(CodeIgniter\Router\RouteCollection))
 4 APPPATH/Config/Routes.php(45): CodeIgniter\Router\RouteCollection->group('client', [...], Object(Closure))
 5 SYSTEMPATH/Router/RouteCollection.php(339): require('/home/mihaja/Documents/GitHub/Final_S4/app/Config/Routes.php')
 6 SYSTEMPATH/CodeIgniter.php(841): CodeIgniter\Router\RouteCollection->loadRoutes()
 7 SYSTEMPATH/CodeIgniter.php(464): CodeIgniter\CodeIgniter->tryToRouteIt(null)
 8 SYSTEMPATH/CodeIgniter.php(363): CodeIgniter\CodeIgniter->handleRequest(null, Object(Config\Cache), false)
 9 SYSTEMPATH/Boot.php(417): CodeIgniter\CodeIgniter->run()
10 SYSTEMPATH/Boot.php(68): CodeIgniter\Boot::runCodeIgniter(Object(CodeIgniter\CodeIgniter))
11 FCPATH/index.php(59): CodeIgniter\Boot::bootWeb(Object(Config\Paths))
12 SYSTEMPATH/rewrite.php(44): require_once('/home/mihaja/Documents/GitHub/Final_S4/public/index.php')
WARNING - 2026-07-21 04:19:37 --> [DEPRECATED] Passing lowercase HTTP method "get" is deprecated. Use uppercase HTTP method like "GET". in SYSTEMPATH/Router/RouteCollection.php on line 1026.
 1 SYSTEMPATH/Router/RouteCollection.php(1026): trigger_error('Passing lowercase HTTP method "get" is deprecated. Use uppercase HTTP method like "GET".', 16384)
 2 APPPATH/Config/Routes.php(49): CodeIgniter\Router\RouteCollection->match([...], 'transfert', 'Client\\OperationController::transfert')
 3 SYSTEMPATH/Router/RouteCollection.php(799): CodeIgniter\Router\RouteCollection->{closure:/home/mihaja/Documents/GitHub/Final_S4/app/Config/Routes.php:45}(Object(CodeIgniter\Router\RouteCollection))
 4 APPPATH/Config/Routes.php(45): CodeIgniter\Router\RouteCollection->group('client', [...], Object(Closure))
 5 SYSTEMPATH/Router/RouteCollection.php(339): require('/home/mihaja/Documents/GitHub/Final_S4/app/Config/Routes.php')
 6 SYSTEMPATH/CodeIgniter.php(841): CodeIgniter\Router\RouteCollection->loadRoutes()
 7 SYSTEMPATH/CodeIgniter.php(464): CodeIgniter\CodeIgniter->tryToRouteIt(null)
 8 SYSTEMPATH/CodeIgniter.php(363): CodeIgniter\CodeIgniter->handleRequest(null, Object(Config\Cache), false)
 9 SYSTEMPATH/Boot.php(417): CodeIgniter\CodeIgniter->run()
10 SYSTEMPATH/Boot.php(68): CodeIgniter\Boot::runCodeIgniter(Object(CodeIgniter\CodeIgniter))
11 FCPATH/index.php(59): CodeIgniter\Boot::bootWeb(Object(Config\Paths))
12 SYSTEMPATH/rewrite.php(44): require_once('/home/mihaja/Documents/GitHub/Final_S4/public/index.php')
WARNING - 2026-07-21 04:19:37 --> [DEPRECATED] Passing lowercase HTTP method "post" is deprecated. Use uppercase HTTP method like "POST". in SYSTEMPATH/Router/RouteCollection.php on line 1026.
 1 SYSTEMPATH/Router/RouteCollection.php(1026): trigger_error('Passing lowercase HTTP method "post" is deprecated. Use uppercase HTTP method like "POST".', 16384)
 2 APPPATH/Config/Routes.php(49): CodeIgniter\Router\RouteCollection->match([...], 'transfert', 'Client\\OperationController::transfert')
 3 SYSTEMPATH/Router/RouteCollection.php(799): CodeIgniter\Router\RouteCollection->{closure:/home/mihaja/Documents/GitHub/Final_S4/app/Config/Routes.php:45}(Object(CodeIgniter\Router\RouteCollection))
 4 APPPATH/Config/Routes.php(45): CodeIgniter\Router\RouteCollection->group('client', [...], Object(Closure))
 5 SYSTEMPATH/Router/RouteCollection.php(339): require('/home/mihaja/Documents/GitHub/Final_S4/app/Config/Routes.php')
 6 SYSTEMPATH/CodeIgniter.php(841): CodeIgniter\Router\RouteCollection->loadRoutes()
 7 SYSTEMPATH/CodeIgniter.php(464): CodeIgniter\CodeIgniter->tryToRouteIt(null)
 8 SYSTEMPATH/CodeIgniter.php(363): CodeIgniter\CodeIgniter->handleRequest(null, Object(Config\Cache), false)
 9 SYSTEMPATH/Boot.php(417): CodeIgniter\CodeIgniter->run()
10 SYSTEMPATH/Boot.php(68): CodeIgniter\Boot::runCodeIgniter(Object(CodeIgniter\CodeIgniter))
11 FCPATH/index.php(59): CodeIgniter\Boot::bootWeb(Object(Config\Paths))
12 SYSTEMPATH/rewrite.php(44): require_once('/home/mihaja/Documents/GitHub/Final_S4/public/index.php')
DEBUG - 2026-07-21 04:19:37 --> Session: Class initialized using 'CodeIgniter\Session\Handlers\FileHandler' driver.
WARNING - 2026-07-21 04:19:38 --> [DEPRECATED] Passing lowercase HTTP method "get" is deprecated. Use uppercase HTTP method like "GET". in SYSTEMPATH/Router/RouteCollection.php on line 1026.
 1 SYSTEMPATH/Router/RouteCollection.php(1026): trigger_error('Passing lowercase HTTP method "get" is deprecated. Use uppercase HTTP method like "GET".', 16384)
 2 APPPATH/Config/Routes.php(47): CodeIgniter\Router\RouteCollection->match([...], 'depot', 'Client\\OperationController::depot')
 3 SYSTEMPATH/Router/RouteCollection.php(799): CodeIgniter\Router\RouteCollection->{closure:/home/mihaja/Documents/GitHub/Final_S4/app/Config/Routes.php:45}(Object(CodeIgniter\Router\RouteCollection))
 4 APPPATH/Config/Routes.php(45): CodeIgniter\Router\RouteCollection->group('client', [...], Object(Closure))
 5 SYSTEMPATH/Router/RouteCollection.php(339): require('/home/mihaja/Documents/GitHub/Final_S4/app/Config/Routes.php')
 6 SYSTEMPATH/CodeIgniter.php(841): CodeIgniter\Router\RouteCollection->loadRoutes()
 7 SYSTEMPATH/CodeIgniter.php(464): CodeIgniter\CodeIgniter->tryToRouteIt(null)
 8 SYSTEMPATH/CodeIgniter.php(363): CodeIgniter\CodeIgniter->handleRequest(null, Object(Config\Cache), false)
 9 SYSTEMPATH/Boot.php(417): CodeIgniter\CodeIgniter->run()
10 SYSTEMPATH/Boot.php(68): CodeIgniter\Boot::runCodeIgniter(Object(CodeIgniter\CodeIgniter))
11 FCPATH/index.php(59): CodeIgniter\Boot::bootWeb(Object(Config\Paths))
12 SYSTEMPATH/rewrite.php(44): require_once('/home/mihaja/Documents/GitHub/Final_S4/public/index.php')
WARNING - 2026-07-21 04:19:38 --> [DEPRECATED] Passing lowercase HTTP method "post" is deprecated. Use uppercase HTTP method like "POST". in SYSTEMPATH/Router/RouteCollection.php on line 1026.
 1 SYSTEMPATH/Router/RouteCollection.php(1026): trigger_error('Passing lowercase HTTP method "post" is deprecated. Use uppercase HTTP method like "POST".', 16384)
 2 APPPATH/Config/Routes.php(47): CodeIgniter\Router\RouteCollection->match([...], 'depot', 'Client\\OperationController::depot')
 3 SYSTEMPATH/Router/RouteCollection.php(799): CodeIgniter\Router\RouteCollection->{closure:/home/mihaja/Documents/GitHub/Final_S4/app/Config/Routes.php:45}(Object(CodeIgniter\Router\RouteCollection))
 4 APPPATH/Config/Routes.php(45): CodeIgniter\Router\RouteCollection->group('client', [...], Object(Closure))
 5 SYSTEMPATH/Router/RouteCollection.php(339): require('/home/mihaja/Documents/GitHub/Final_S4/app/Config/Routes.php')
 6 SYSTEMPATH/CodeIgniter.php(841): CodeIgniter\Router\RouteCollection->loadRoutes()
 7 SYSTEMPATH/CodeIgniter.php(464): CodeIgniter\CodeIgniter->tryToRouteIt(null)
 8 SYSTEMPATH/CodeIgniter.php(363): CodeIgniter\CodeIgniter->handleRequest(null, Object(Config\Cache), false)
 9 SYSTEMPATH/Boot.php(417): CodeIgniter\CodeIgniter->run()
10 SYSTEMPATH/Boot.php(68): CodeIgniter\Boot::runCodeIgniter(Object(CodeIgniter\CodeIgniter))
11 FCPATH/index.php(59): CodeIgniter\Boot::bootWeb(Object(Config\Paths))
12 SYSTEMPATH/rewrite.php(44): require_once('/home/mihaja/Documents/GitHub/Final_S4/public/index.php')
WARNING - 2026-07-21 04:19:38 --> [DEPRECATED] Passing lowercase HTTP method "get" is deprecated. Use uppercase HTTP method like "GET". in SYSTEMPATH/Router/RouteCollection.php on line 1026.
 1 SYSTEMPATH/Router/RouteCollection.php(1026): trigger_error('Passing lowercase HTTP method "get" is deprecated. Use uppercase HTTP method like "GET".', 16384)
 2 APPPATH/Config/Routes.php(48): CodeIgniter\Router\RouteCollection->match([...], 'retrait', 'Client\\OperationController::retrait')
 3 SYSTEMPATH/Router/RouteCollection.php(799): CodeIgniter\Router\RouteCollection->{closure:/home/mihaja/Documents/GitHub/Final_S4/app/Config/Routes.php:45}(Object(CodeIgniter\Router\RouteCollection))
 4 APPPATH/Config/Routes.php(45): CodeIgniter\Router\RouteCollection->group('client', [...], Object(Closure))
 5 SYSTEMPATH/Router/RouteCollection.php(339): require('/home/mihaja/Documents/GitHub/Final_S4/app/Config/Routes.php')
 6 SYSTEMPATH/CodeIgniter.php(841): CodeIgniter\Router\RouteCollection->loadRoutes()
 7 SYSTEMPATH/CodeIgniter.php(464): CodeIgniter\CodeIgniter->tryToRouteIt(null)
 8 SYSTEMPATH/CodeIgniter.php(363): CodeIgniter\CodeIgniter->handleRequest(null, Object(Config\Cache), false)
 9 SYSTEMPATH/Boot.php(417): CodeIgniter\CodeIgniter->run()
10 SYSTEMPATH/Boot.php(68): CodeIgniter\Boot::runCodeIgniter(Object(CodeIgniter\CodeIgniter))
11 FCPATH/index.php(59): CodeIgniter\Boot::bootWeb(Object(Config\Paths))
12 SYSTEMPATH/rewrite.php(44): require_once('/home/mihaja/Documents/GitHub/Final_S4/public/index.php')
WARNING - 2026-07-21 04:19:38 --> [DEPRECATED] Passing lowercase HTTP method "post" is deprecated. Use uppercase HTTP method like "POST". in SYSTEMPATH/Router/RouteCollection.php on line 1026.
 1 SYSTEMPATH/Router/RouteCollection.php(1026): trigger_error('Passing lowercase HTTP method "post" is deprecated. Use uppercase HTTP method like "POST".', 16384)
 2 APPPATH/Config/Routes.php(48): CodeIgniter\Router\RouteCollection->match([...], 'retrait', 'Client\\OperationController::retrait')
 3 SYSTEMPATH/Router/RouteCollection.php(799): CodeIgniter\Router\RouteCollection->{closure:/home/mihaja/Documents/GitHub/Final_S4/app/Config/Routes.php:45}(Object(CodeIgniter\Router\RouteCollection))
 4 APPPATH/Config/Routes.php(45): CodeIgniter\Router\RouteCollection->group('client', [...], Object(Closure))
 5 SYSTEMPATH/Router/RouteCollection.php(339): require('/home/mihaja/Documents/GitHub/Final_S4/app/Config/Routes.php')
 6 SYSTEMPATH/CodeIgniter.php(841): CodeIgniter\Router\RouteCollection->loadRoutes()
 7 SYSTEMPATH/CodeIgniter.php(464): CodeIgniter\CodeIgniter->tryToRouteIt(null)
 8 SYSTEMPATH/CodeIgniter.php(363): CodeIgniter\CodeIgniter->handleRequest(null, Object(Config\Cache), false)
 9 SYSTEMPATH/Boot.php(417): CodeIgniter\CodeIgniter->run()
10 SYSTEMPATH/Boot.php(68): CodeIgniter\Boot::runCodeIgniter(Object(CodeIgniter\CodeIgniter))
11 FCPATH/index.php(59): CodeIgniter\Boot::bootWeb(Object(Config\Paths))
12 SYSTEMPATH/rewrite.php(44): require_once('/home/mihaja/Documents/GitHub/Final_S4/public/index.php')
WARNING - 2026-07-21 04:19:38 --> [DEPRECATED] Passing lowercase HTTP method "get" is deprecated. Use uppercase HTTP method like "GET". in SYSTEMPATH/Router/RouteCollection.php on line 1026.
 1 SYSTEMPATH/Router/RouteCollection.php(1026): trigger_error('Passing lowercase HTTP method "get" is deprecated. Use uppercase HTTP method like "GET".', 16384)
 2 APPPATH/Config/Routes.php(49): CodeIgniter\Router\RouteCollection->match([...], 'transfert', 'Client\\OperationController::transfert')
 3 SYSTEMPATH/Router/RouteCollection.php(799): CodeIgniter\Router\RouteCollection->{closure:/home/mihaja/Documents/GitHub/Final_S4/app/Config/Routes.php:45}(Object(CodeIgniter\Router\RouteCollection))
 4 APPPATH/Config/Routes.php(45): CodeIgniter\Router\RouteCollection->group('client', [...], Object(Closure))
 5 SYSTEMPATH/Router/RouteCollection.php(339): require('/home/mihaja/Documents/GitHub/Final_S4/app/Config/Routes.php')
 6 SYSTEMPATH/CodeIgniter.php(841): CodeIgniter\Router\RouteCollection->loadRoutes()
 7 SYSTEMPATH/CodeIgniter.php(464): CodeIgniter\CodeIgniter->tryToRouteIt(null)
 8 SYSTEMPATH/CodeIgniter.php(363): CodeIgniter\CodeIgniter->handleRequest(null, Object(Config\Cache), false)
 9 SYSTEMPATH/Boot.php(417): CodeIgniter\CodeIgniter->run()
10 SYSTEMPATH/Boot.php(68): CodeIgniter\Boot::runCodeIgniter(Object(CodeIgniter\CodeIgniter))
11 FCPATH/index.php(59): CodeIgniter\Boot::bootWeb(Object(Config\Paths))
12 SYSTEMPATH/rewrite.php(44): require_once('/home/mihaja/Documents/GitHub/Final_S4/public/index.php')
WARNING - 2026-07-21 04:19:38 --> [DEPRECATED] Passing lowercase HTTP method "post" is deprecated. Use uppercase HTTP method like "POST". in SYSTEMPATH/Router/RouteCollection.php on line 1026.
 1 SYSTEMPATH/Router/RouteCollection.php(1026): trigger_error('Passing lowercase HTTP method "post" is deprecated. Use uppercase HTTP method like "POST".', 16384)
 2 APPPATH/Config/Routes.php(49): CodeIgniter\Router\RouteCollection->match([...], 'transfert', 'Client\\OperationController::transfert')
 3 SYSTEMPATH/Router/RouteCollection.php(799): CodeIgniter\Router\RouteCollection->{closure:/home/mihaja/Documents/GitHub/Final_S4/app/Config/Routes.php:45}(Object(CodeIgniter\Router\RouteCollection))
 4 APPPATH/Config/Routes.php(45): CodeIgniter\Router\RouteCollection->group('client', [...], Object(Closure))
 5 SYSTEMPATH/Router/RouteCollection.php(339): require('/home/mihaja/Documents/GitHub/Final_S4/app/Config/Routes.php')
 6 SYSTEMPATH/CodeIgniter.php(841): CodeIgniter\Router\RouteCollection->loadRoutes()
 7 SYSTEMPATH/CodeIgniter.php(464): CodeIgniter\CodeIgniter->tryToRouteIt(null)
 8 SYSTEMPATH/CodeIgniter.php(363): CodeIgniter\CodeIgniter->handleRequest(null, Object(Config\Cache), false)
 9 SYSTEMPATH/Boot.php(417): CodeIgniter\CodeIgniter->run()
10 SYSTEMPATH/Boot.php(68): CodeIgniter\Boot::runCodeIgniter(Object(CodeIgniter\CodeIgniter))
11 FCPATH/index.php(59): CodeIgniter\Boot::bootWeb(Object(Config\Paths))
12 SYSTEMPATH/rewrite.php(44): require_once('/home/mihaja/Documents/GitHub/Final_S4/public/index.php')
WARNING - 2026-07-21 04:19:52 --> [DEPRECATED] Passing lowercase HTTP method "get" is deprecated. Use uppercase HTTP method like "GET". in SYSTEMPATH/Router/RouteCollection.php on line 1026.
 1 SYSTEMPATH/Router/RouteCollection.php(1026): trigger_error('Passing lowercase HTTP method "get" is deprecated. Use uppercase HTTP method like "GET".', 16384)
 2 APPPATH/Config/Routes.php(47): CodeIgniter\Router\RouteCollection->match([...], 'depot', 'Client\\OperationController::depot')
 3 SYSTEMPATH/Router/RouteCollection.php(799): CodeIgniter\Router\RouteCollection->{closure:/home/mihaja/Documents/GitHub/Final_S4/app/Config/Routes.php:45}(Object(CodeIgniter\Router\RouteCollection))
 4 APPPATH/Config/Routes.php(45): CodeIgniter\Router\RouteCollection->group('client', [...], Object(Closure))
 5 SYSTEMPATH/Router/RouteCollection.php(339): require('/home/mihaja/Documents/GitHub/Final_S4/app/Config/Routes.php')
 6 SYSTEMPATH/CodeIgniter.php(841): CodeIgniter\Router\RouteCollection->loadRoutes()
 7 SYSTEMPATH/CodeIgniter.php(464): CodeIgniter\CodeIgniter->tryToRouteIt(null)
 8 SYSTEMPATH/CodeIgniter.php(363): CodeIgniter\CodeIgniter->handleRequest(null, Object(Config\Cache), false)
 9 SYSTEMPATH/Boot.php(417): CodeIgniter\CodeIgniter->run()
10 SYSTEMPATH/Boot.php(68): CodeIgniter\Boot::runCodeIgniter(Object(CodeIgniter\CodeIgniter))
11 FCPATH/index.php(59): CodeIgniter\Boot::bootWeb(Object(Config\Paths))
12 SYSTEMPATH/rewrite.php(44): require_once('/home/mihaja/Documents/GitHub/Final_S4/public/index.php')
WARNING - 2026-07-21 04:19:52 --> [DEPRECATED] Passing lowercase HTTP method "post" is deprecated. Use uppercase HTTP method like "POST". in SYSTEMPATH/Router/RouteCollection.php on line 1026.
 1 SYSTEMPATH/Router/RouteCollection.php(1026): trigger_error('Passing lowercase HTTP method "post" is deprecated. Use uppercase HTTP method like "POST".', 16384)
 2 APPPATH/Config/Routes.php(47): CodeIgniter\Router\RouteCollection->match([...], 'depot', 'Client\\OperationController::depot')
 3 SYSTEMPATH/Router/RouteCollection.php(799): CodeIgniter\Router\RouteCollection->{closure:/home/mihaja/Documents/GitHub/Final_S4/app/Config/Routes.php:45}(Object(CodeIgniter\Router\RouteCollection))
 4 APPPATH/Config/Routes.php(45): CodeIgniter\Router\RouteCollection->group('client', [...], Object(Closure))
 5 SYSTEMPATH/Router/RouteCollection.php(339): require('/home/mihaja/Documents/GitHub/Final_S4/app/Config/Routes.php')
 6 SYSTEMPATH/CodeIgniter.php(841): CodeIgniter\Router\RouteCollection->loadRoutes()
 7 SYSTEMPATH/CodeIgniter.php(464): CodeIgniter\CodeIgniter->tryToRouteIt(null)
 8 SYSTEMPATH/CodeIgniter.php(363): CodeIgniter\CodeIgniter->handleRequest(null, Object(Config\Cache), false)
 9 SYSTEMPATH/Boot.php(417): CodeIgniter\CodeIgniter->run()
10 SYSTEMPATH/Boot.php(68): CodeIgniter\Boot::runCodeIgniter(Object(CodeIgniter\CodeIgniter))
11 FCPATH/index.php(59): CodeIgniter\Boot::bootWeb(Object(Config\Paths))
12 SYSTEMPATH/rewrite.php(44): require_once('/home/mihaja/Documents/GitHub/Final_S4/public/index.php')
WARNING - 2026-07-21 04:19:52 --> [DEPRECATED] Passing lowercase HTTP method "get" is deprecated. Use uppercase HTTP method like "GET". in SYSTEMPATH/Router/RouteCollection.php on line 1026.
 1 SYSTEMPATH/Router/RouteCollection.php(1026): trigger_error('Passing lowercase HTTP method "get" is deprecated. Use uppercase HTTP method like "GET".', 16384)
 2 APPPATH/Config/Routes.php(48): CodeIgniter\Router\RouteCollection->match([...], 'retrait', 'Client\\OperationController::retrait')
 3 SYSTEMPATH/Router/RouteCollection.php(799): CodeIgniter\Router\RouteCollection->{closure:/home/mihaja/Documents/GitHub/Final_S4/app/Config/Routes.php:45}(Object(CodeIgniter\Router\RouteCollection))
 4 APPPATH/Config/Routes.php(45): CodeIgniter\Router\RouteCollection->group('client', [...], Object(Closure))
 5 SYSTEMPATH/Router/RouteCollection.php(339): require('/home/mihaja/Documents/GitHub/Final_S4/app/Config/Routes.php')
 6 SYSTEMPATH/CodeIgniter.php(841): CodeIgniter\Router\RouteCollection->loadRoutes()
 7 SYSTEMPATH/CodeIgniter.php(464): CodeIgniter\CodeIgniter->tryToRouteIt(null)
 8 SYSTEMPATH/CodeIgniter.php(363): CodeIgniter\CodeIgniter->handleRequest(null, Object(Config\Cache), false)
 9 SYSTEMPATH/Boot.php(417): CodeIgniter\CodeIgniter->run()
10 SYSTEMPATH/Boot.php(68): CodeIgniter\Boot::runCodeIgniter(Object(CodeIgniter\CodeIgniter))
11 FCPATH/index.php(59): CodeIgniter\Boot::bootWeb(Object(Config\Paths))
12 SYSTEMPATH/rewrite.php(44): require_once('/home/mihaja/Documents/GitHub/Final_S4/public/index.php')
WARNING - 2026-07-21 04:19:52 --> [DEPRECATED] Passing lowercase HTTP method "post" is deprecated. Use uppercase HTTP method like "POST". in SYSTEMPATH/Router/RouteCollection.php on line 1026.
 1 SYSTEMPATH/Router/RouteCollection.php(1026): trigger_error('Passing lowercase HTTP method "post" is deprecated. Use uppercase HTTP method like "POST".', 16384)
 2 APPPATH/Config/Routes.php(48): CodeIgniter\Router\RouteCollection->match([...], 'retrait', 'Client\\OperationController::retrait')
 3 SYSTEMPATH/Router/RouteCollection.php(799): CodeIgniter\Router\RouteCollection->{closure:/home/mihaja/Documents/GitHub/Final_S4/app/Config/Routes.php:45}(Object(CodeIgniter\Router\RouteCollection))
 4 APPPATH/Config/Routes.php(45): CodeIgniter\Router\RouteCollection->group('client', [...], Object(Closure))
 5 SYSTEMPATH/Router/RouteCollection.php(339): require('/home/mihaja/Documents/GitHub/Final_S4/app/Config/Routes.php')
 6 SYSTEMPATH/CodeIgniter.php(841): CodeIgniter\Router\RouteCollection->loadRoutes()
 7 SYSTEMPATH/CodeIgniter.php(464): CodeIgniter\CodeIgniter->tryToRouteIt(null)
 8 SYSTEMPATH/CodeIgniter.php(363): CodeIgniter\CodeIgniter->handleRequest(null, Object(Config\Cache), false)
 9 SYSTEMPATH/Boot.php(417): CodeIgniter\CodeIgniter->run()
10 SYSTEMPATH/Boot.php(68): CodeIgniter\Boot::runCodeIgniter(Object(CodeIgniter\CodeIgniter))
11 FCPATH/index.php(59): CodeIgniter\Boot::bootWeb(Object(Config\Paths))
12 SYSTEMPATH/rewrite.php(44): require_once('/home/mihaja/Documents/GitHub/Final_S4/public/index.php')
WARNING - 2026-07-21 04:19:52 --> [DEPRECATED] Passing lowercase HTTP method "get" is deprecated. Use uppercase HTTP method like "GET". in SYSTEMPATH/Router/RouteCollection.php on line 1026.
 1 SYSTEMPATH/Router/RouteCollection.php(1026): trigger_error('Passing lowercase HTTP method "get" is deprecated. Use uppercase HTTP method like "GET".', 16384)
 2 APPPATH/Config/Routes.php(49): CodeIgniter\Router\RouteCollection->match([...], 'transfert', 'Client\\OperationController::transfert')
 3 SYSTEMPATH/Router/RouteCollection.php(799): CodeIgniter\Router\RouteCollection->{closure:/home/mihaja/Documents/GitHub/Final_S4/app/Config/Routes.php:45}(Object(CodeIgniter\Router\RouteCollection))
 4 APPPATH/Config/Routes.php(45): CodeIgniter\Router\RouteCollection->group('client', [...], Object(Closure))
 5 SYSTEMPATH/Router/RouteCollection.php(339): require('/home/mihaja/Documents/GitHub/Final_S4/app/Config/Routes.php')
 6 SYSTEMPATH/CodeIgniter.php(841): CodeIgniter\Router\RouteCollection->loadRoutes()
 7 SYSTEMPATH/CodeIgniter.php(464): CodeIgniter\CodeIgniter->tryToRouteIt(null)
 8 SYSTEMPATH/CodeIgniter.php(363): CodeIgniter\CodeIgniter->handleRequest(null, Object(Config\Cache), false)
 9 SYSTEMPATH/Boot.php(417): CodeIgniter\CodeIgniter->run()
10 SYSTEMPATH/Boot.php(68): CodeIgniter\Boot::runCodeIgniter(Object(CodeIgniter\CodeIgniter))
11 FCPATH/index.php(59): CodeIgniter\Boot::bootWeb(Object(Config\Paths))
12 SYSTEMPATH/rewrite.php(44): require_once('/home/mihaja/Documents/GitHub/Final_S4/public/index.php')
WARNING - 2026-07-21 04:19:52 --> [DEPRECATED] Passing lowercase HTTP method "post" is deprecated. Use uppercase HTTP method like "POST". in SYSTEMPATH/Router/RouteCollection.php on line 1026.
 1 SYSTEMPATH/Router/RouteCollection.php(1026): trigger_error('Passing lowercase HTTP method "post" is deprecated. Use uppercase HTTP method like "POST".', 16384)
 2 APPPATH/Config/Routes.php(49): CodeIgniter\Router\RouteCollection->match([...], 'transfert', 'Client\\OperationController::transfert')
 3 SYSTEMPATH/Router/RouteCollection.php(799): CodeIgniter\Router\RouteCollection->{closure:/home/mihaja/Documents/GitHub/Final_S4/app/Config/Routes.php:45}(Object(CodeIgniter\Router\RouteCollection))
 4 APPPATH/Config/Routes.php(45): CodeIgniter\Router\RouteCollection->group('client', [...], Object(Closure))
 5 SYSTEMPATH/Router/RouteCollection.php(339): require('/home/mihaja/Documents/GitHub/Final_S4/app/Config/Routes.php')
 6 SYSTEMPATH/CodeIgniter.php(841): CodeIgniter\Router\RouteCollection->loadRoutes()
 7 SYSTEMPATH/CodeIgniter.php(464): CodeIgniter\CodeIgniter->tryToRouteIt(null)
 8 SYSTEMPATH/CodeIgniter.php(363): CodeIgniter\CodeIgniter->handleRequest(null, Object(Config\Cache), false)
 9 SYSTEMPATH/Boot.php(417): CodeIgniter\CodeIgniter->run()
10 SYSTEMPATH/Boot.php(68): CodeIgniter\Boot::runCodeIgniter(Object(CodeIgniter\CodeIgniter))
11 FCPATH/index.php(59): CodeIgniter\Boot::bootWeb(Object(Config\Paths))
12 SYSTEMPATH/rewrite.php(44): require_once('/home/mihaja/Documents/GitHub/Final_S4/public/index.php')
DEBUG - 2026-07-21 04:19:52 --> Session: Class initialized using 'CodeIgniter\Session\Handlers\FileHandler' driver.
WARNING - 2026-07-21 04:19:56 --> [DEPRECATED] Passing lowercase HTTP method "get" is deprecated. Use uppercase HTTP method like "GET". in SYSTEMPATH/Router/RouteCollection.php on line 1026.
 1 SYSTEMPATH/Router/RouteCollection.php(1026): trigger_error('Passing lowercase HTTP method "get" is deprecated. Use uppercase HTTP method like "GET".', 16384)
 2 APPPATH/Config/Routes.php(47): CodeIgniter\Router\RouteCollection->match([...], 'depot', 'Client\\OperationController::depot')
 3 SYSTEMPATH/Router/RouteCollection.php(799): CodeIgniter\Router\RouteCollection->{closure:/home/mihaja/Documents/GitHub/Final_S4/app/Config/Routes.php:45}(Object(CodeIgniter\Router\RouteCollection))
 4 APPPATH/Config/Routes.php(45): CodeIgniter\Router\RouteCollection->group('client', [...], Object(Closure))
 5 SYSTEMPATH/Router/RouteCollection.php(339): require('/home/mihaja/Documents/GitHub/Final_S4/app/Config/Routes.php')
 6 SYSTEMPATH/CodeIgniter.php(841): CodeIgniter\Router\RouteCollection->loadRoutes()
 7 SYSTEMPATH/CodeIgniter.php(464): CodeIgniter\CodeIgniter->tryToRouteIt(null)
 8 SYSTEMPATH/CodeIgniter.php(363): CodeIgniter\CodeIgniter->handleRequest(null, Object(Config\Cache), false)
 9 SYSTEMPATH/Boot.php(417): CodeIgniter\CodeIgniter->run()
10 SYSTEMPATH/Boot.php(68): CodeIgniter\Boot::runCodeIgniter(Object(CodeIgniter\CodeIgniter))
11 FCPATH/index.php(59): CodeIgniter\Boot::bootWeb(Object(Config\Paths))
12 SYSTEMPATH/rewrite.php(44): require_once('/home/mihaja/Documents/GitHub/Final_S4/public/index.php')
WARNING - 2026-07-21 04:19:56 --> [DEPRECATED] Passing lowercase HTTP method "post" is deprecated. Use uppercase HTTP method like "POST". in SYSTEMPATH/Router/RouteCollection.php on line 1026.
 1 SYSTEMPATH/Router/RouteCollection.php(1026): trigger_error('Passing lowercase HTTP method "post" is deprecated. Use uppercase HTTP method like "POST".', 16384)
 2 APPPATH/Config/Routes.php(47): CodeIgniter\Router\RouteCollection->match([...], 'depot', 'Client\\OperationController::depot')
 3 SYSTEMPATH/Router/RouteCollection.php(799): CodeIgniter\Router\RouteCollection->{closure:/home/mihaja/Documents/GitHub/Final_S4/app/Config/Routes.php:45}(Object(CodeIgniter\Router\RouteCollection))
 4 APPPATH/Config/Routes.php(45): CodeIgniter\Router\RouteCollection->group('client', [...], Object(Closure))
 5 SYSTEMPATH/Router/RouteCollection.php(339): require('/home/mihaja/Documents/GitHub/Final_S4/app/Config/Routes.php')
 6 SYSTEMPATH/CodeIgniter.php(841): CodeIgniter\Router\RouteCollection->loadRoutes()
 7 SYSTEMPATH/CodeIgniter.php(464): CodeIgniter\CodeIgniter->tryToRouteIt(null)
 8 SYSTEMPATH/CodeIgniter.php(363): CodeIgniter\CodeIgniter->handleRequest(null, Object(Config\Cache), false)
 9 SYSTEMPATH/Boot.php(417): CodeIgniter\CodeIgniter->run()
10 SYSTEMPATH/Boot.php(68): CodeIgniter\Boot::runCodeIgniter(Object(CodeIgniter\CodeIgniter))
11 FCPATH/index.php(59): CodeIgniter\Boot::bootWeb(Object(Config\Paths))
12 SYSTEMPATH/rewrite.php(44): require_once('/home/mihaja/Documents/GitHub/Final_S4/public/index.php')
WARNING - 2026-07-21 04:19:56 --> [DEPRECATED] Passing lowercase HTTP method "get" is deprecated. Use uppercase HTTP method like "GET". in SYSTEMPATH/Router/RouteCollection.php on line 1026.
 1 SYSTEMPATH/Router/RouteCollection.php(1026): trigger_error('Passing lowercase HTTP method "get" is deprecated. Use uppercase HTTP method like "GET".', 16384)
 2 APPPATH/Config/Routes.php(48): CodeIgniter\Router\RouteCollection->match([...], 'retrait', 'Client\\OperationController::retrait')
 3 SYSTEMPATH/Router/RouteCollection.php(799): CodeIgniter\Router\RouteCollection->{closure:/home/mihaja/Documents/GitHub/Final_S4/app/Config/Routes.php:45}(Object(CodeIgniter\Router\RouteCollection))
 4 APPPATH/Config/Routes.php(45): CodeIgniter\Router\RouteCollection->group('client', [...], Object(Closure))
 5 SYSTEMPATH/Router/RouteCollection.php(339): require('/home/mihaja/Documents/GitHub/Final_S4/app/Config/Routes.php')
 6 SYSTEMPATH/CodeIgniter.php(841): CodeIgniter\Router\RouteCollection->loadRoutes()
 7 SYSTEMPATH/CodeIgniter.php(464): CodeIgniter\CodeIgniter->tryToRouteIt(null)
 8 SYSTEMPATH/CodeIgniter.php(363): CodeIgniter\CodeIgniter->handleRequest(null, Object(Config\Cache), false)
 9 SYSTEMPATH/Boot.php(417): CodeIgniter\CodeIgniter->run()
10 SYSTEMPATH/Boot.php(68): CodeIgniter\Boot::runCodeIgniter(Object(CodeIgniter\CodeIgniter))
11 FCPATH/index.php(59): CodeIgniter\Boot::bootWeb(Object(Config\Paths))
12 SYSTEMPATH/rewrite.php(44): require_once('/home/mihaja/Documents/GitHub/Final_S4/public/index.php')
WARNING - 2026-07-21 04:19:56 --> [DEPRECATED] Passing lowercase HTTP method "post" is deprecated. Use uppercase HTTP method like "POST". in SYSTEMPATH/Router/RouteCollection.php on line 1026.
 1 SYSTEMPATH/Router/RouteCollection.php(1026): trigger_error('Passing lowercase HTTP method "post" is deprecated. Use uppercase HTTP method like "POST".', 16384)
 2 APPPATH/Config/Routes.php(48): CodeIgniter\Router\RouteCollection->match([...], 'retrait', 'Client\\OperationController::retrait')
 3 SYSTEMPATH/Router/RouteCollection.php(799): CodeIgniter\Router\RouteCollection->{closure:/home/mihaja/Documents/GitHub/Final_S4/app/Config/Routes.php:45}(Object(CodeIgniter\Router\RouteCollection))
 4 APPPATH/Config/Routes.php(45): CodeIgniter\Router\RouteCollection->group('client', [...], Object(Closure))
 5 SYSTEMPATH/Router/RouteCollection.php(339): require('/home/mihaja/Documents/GitHub/Final_S4/app/Config/Routes.php')
 6 SYSTEMPATH/CodeIgniter.php(841): CodeIgniter\Router\RouteCollection->loadRoutes()
 7 SYSTEMPATH/CodeIgniter.php(464): CodeIgniter\CodeIgniter->tryToRouteIt(null)
 8 SYSTEMPATH/CodeIgniter.php(363): CodeIgniter\CodeIgniter->handleRequest(null, Object(Config\Cache), false)
 9 SYSTEMPATH/Boot.php(417): CodeIgniter\CodeIgniter->run()
10 SYSTEMPATH/Boot.php(68): CodeIgniter\Boot::runCodeIgniter(Object(CodeIgniter\CodeIgniter))
11 FCPATH/index.php(59): CodeIgniter\Boot::bootWeb(Object(Config\Paths))
12 SYSTEMPATH/rewrite.php(44): require_once('/home/mihaja/Documents/GitHub/Final_S4/public/index.php')
WARNING - 2026-07-21 04:19:56 --> [DEPRECATED] Passing lowercase HTTP method "get" is deprecated. Use uppercase HTTP method like "GET". in SYSTEMPATH/Router/RouteCollection.php on line 1026.
 1 SYSTEMPATH/Router/RouteCollection.php(1026): trigger_error('Passing lowercase HTTP method "get" is deprecated. Use uppercase HTTP method like "GET".', 16384)
 2 APPPATH/Config/Routes.php(49): CodeIgniter\Router\RouteCollection->match([...], 'transfert', 'Client\\OperationController::transfert')
 3 SYSTEMPATH/Router/RouteCollection.php(799): CodeIgniter\Router\RouteCollection->{closure:/home/mihaja/Documents/GitHub/Final_S4/app/Config/Routes.php:45}(Object(CodeIgniter\Router\RouteCollection))
 4 APPPATH/Config/Routes.php(45): CodeIgniter\Router\RouteCollection->group('client', [...], Object(Closure))
 5 SYSTEMPATH/Router/RouteCollection.php(339): require('/home/mihaja/Documents/GitHub/Final_S4/app/Config/Routes.php')
 6 SYSTEMPATH/CodeIgniter.php(841): CodeIgniter\Router\RouteCollection->loadRoutes()
 7 SYSTEMPATH/CodeIgniter.php(464): CodeIgniter\CodeIgniter->tryToRouteIt(null)
 8 SYSTEMPATH/CodeIgniter.php(363): CodeIgniter\CodeIgniter->handleRequest(null, Object(Config\Cache), false)
 9 SYSTEMPATH/Boot.php(417): CodeIgniter\CodeIgniter->run()
10 SYSTEMPATH/Boot.php(68): CodeIgniter\Boot::runCodeIgniter(Object(CodeIgniter\CodeIgniter))
11 FCPATH/index.php(59): CodeIgniter\Boot::bootWeb(Object(Config\Paths))
12 SYSTEMPATH/rewrite.php(44): require_once('/home/mihaja/Documents/GitHub/Final_S4/public/index.php')
WARNING - 2026-07-21 04:19:56 --> [DEPRECATED] Passing lowercase HTTP method "post" is deprecated. Use uppercase HTTP method like "POST". in SYSTEMPATH/Router/RouteCollection.php on line 1026.
 1 SYSTEMPATH/Router/RouteCollection.php(1026): trigger_error('Passing lowercase HTTP method "post" is deprecated. Use uppercase HTTP method like "POST".', 16384)
 2 APPPATH/Config/Routes.php(49): CodeIgniter\Router\RouteCollection->match([...], 'transfert', 'Client\\OperationController::transfert')
 3 SYSTEMPATH/Router/RouteCollection.php(799): CodeIgniter\Router\RouteCollection->{closure:/home/mihaja/Documents/GitHub/Final_S4/app/Config/Routes.php:45}(Object(CodeIgniter\Router\RouteCollection))
 4 APPPATH/Config/Routes.php(45): CodeIgniter\Router\RouteCollection->group('client', [...], Object(Closure))
 5 SYSTEMPATH/Router/RouteCollection.php(339): require('/home/mihaja/Documents/GitHub/Final_S4/app/Config/Routes.php')
 6 SYSTEMPATH/CodeIgniter.php(841): CodeIgniter\Router\RouteCollection->loadRoutes()
 7 SYSTEMPATH/CodeIgniter.php(464): CodeIgniter\CodeIgniter->tryToRouteIt(null)
 8 SYSTEMPATH/CodeIgniter.php(363): CodeIgniter\CodeIgniter->handleRequest(null, Object(Config\Cache), false)
 9 SYSTEMPATH/Boot.php(417): CodeIgniter\CodeIgniter->run()
10 SYSTEMPATH/Boot.php(68): CodeIgniter\Boot::runCodeIgniter(Object(CodeIgniter\CodeIgniter))
11 FCPATH/index.php(59): CodeIgniter\Boot::bootWeb(Object(Config\Paths))
12 SYSTEMPATH/rewrite.php(44): require_once('/home/mihaja/Documents/GitHub/Final_S4/public/index.php')
DEBUG - 2026-07-21 04:19:56 --> Session: Class initialized using 'CodeIgniter\Session\Handlers\FileHandler' driver.
WARNING - 2026-07-21 04:20:07 --> [DEPRECATED] Passing lowercase HTTP method "get" is deprecated. Use uppercase HTTP method like "GET". in SYSTEMPATH/Router/RouteCollection.php on line 1026.
 1 SYSTEMPATH/Router/RouteCollection.php(1026): trigger_error('Passing lowercase HTTP method "get" is deprecated. Use uppercase HTTP method like "GET".', 16384)
 2 APPPATH/Config/Routes.php(47): CodeIgniter\Router\RouteCollection->match([...], 'depot', 'Client\\OperationController::depot')
 3 SYSTEMPATH/Router/RouteCollection.php(799): CodeIgniter\Router\RouteCollection->{closure:/home/mihaja/Documents/GitHub/Final_S4/app/Config/Routes.php:45}(Object(CodeIgniter\Router\RouteCollection))
 4 APPPATH/Config/Routes.php(45): CodeIgniter\Router\RouteCollection->group('client', [...], Object(Closure))
 5 SYSTEMPATH/Router/RouteCollection.php(339): require('/home/mihaja/Documents/GitHub/Final_S4/app/Config/Routes.php')
 6 SYSTEMPATH/CodeIgniter.php(841): CodeIgniter\Router\RouteCollection->loadRoutes()
 7 SYSTEMPATH/CodeIgniter.php(464): CodeIgniter\CodeIgniter->tryToRouteIt(null)
 8 SYSTEMPATH/CodeIgniter.php(363): CodeIgniter\CodeIgniter->handleRequest(null, Object(Config\Cache), false)
 9 SYSTEMPATH/Boot.php(417): CodeIgniter\CodeIgniter->run()
10 SYSTEMPATH/Boot.php(68): CodeIgniter\Boot::runCodeIgniter(Object(CodeIgniter\CodeIgniter))
11 FCPATH/index.php(59): CodeIgniter\Boot::bootWeb(Object(Config\Paths))
12 SYSTEMPATH/rewrite.php(44): require_once('/home/mihaja/Documents/GitHub/Final_S4/public/index.php')
WARNING - 2026-07-21 04:20:07 --> [DEPRECATED] Passing lowercase HTTP method "post" is deprecated. Use uppercase HTTP method like "POST". in SYSTEMPATH/Router/RouteCollection.php on line 1026.
 1 SYSTEMPATH/Router/RouteCollection.php(1026): trigger_error('Passing lowercase HTTP method "post" is deprecated. Use uppercase HTTP method like "POST".', 16384)
 2 APPPATH/Config/Routes.php(47): CodeIgniter\Router\RouteCollection->match([...], 'depot', 'Client\\OperationController::depot')
 3 SYSTEMPATH/Router/RouteCollection.php(799): CodeIgniter\Router\RouteCollection->{closure:/home/mihaja/Documents/GitHub/Final_S4/app/Config/Routes.php:45}(Object(CodeIgniter\Router\RouteCollection))
 4 APPPATH/Config/Routes.php(45): CodeIgniter\Router\RouteCollection->group('client', [...], Object(Closure))
 5 SYSTEMPATH/Router/RouteCollection.php(339): require('/home/mihaja/Documents/GitHub/Final_S4/app/Config/Routes.php')
 6 SYSTEMPATH/CodeIgniter.php(841): CodeIgniter\Router\RouteCollection->loadRoutes()
 7 SYSTEMPATH/CodeIgniter.php(464): CodeIgniter\CodeIgniter->tryToRouteIt(null)
 8 SYSTEMPATH/CodeIgniter.php(363): CodeIgniter\CodeIgniter->handleRequest(null, Object(Config\Cache), false)
 9 SYSTEMPATH/Boot.php(417): CodeIgniter\CodeIgniter->run()
10 SYSTEMPATH/Boot.php(68): CodeIgniter\Boot::runCodeIgniter(Object(CodeIgniter\CodeIgniter))
11 FCPATH/index.php(59): CodeIgniter\Boot::bootWeb(Object(Config\Paths))
12 SYSTEMPATH/rewrite.php(44): require_once('/home/mihaja/Documents/GitHub/Final_S4/public/index.php')
WARNING - 2026-07-21 04:20:07 --> [DEPRECATED] Passing lowercase HTTP method "get" is deprecated. Use uppercase HTTP method like "GET". in SYSTEMPATH/Router/RouteCollection.php on line 1026.
 1 SYSTEMPATH/Router/RouteCollection.php(1026): trigger_error('Passing lowercase HTTP method "get" is deprecated. Use uppercase HTTP method like "GET".', 16384)
 2 APPPATH/Config/Routes.php(48): CodeIgniter\Router\RouteCollection->match([...], 'retrait', 'Client\\OperationController::retrait')
 3 SYSTEMPATH/Router/RouteCollection.php(799): CodeIgniter\Router\RouteCollection->{closure:/home/mihaja/Documents/GitHub/Final_S4/app/Config/Routes.php:45}(Object(CodeIgniter\Router\RouteCollection))
 4 APPPATH/Config/Routes.php(45): CodeIgniter\Router\RouteCollection->group('client', [...], Object(Closure))
 5 SYSTEMPATH/Router/RouteCollection.php(339): require('/home/mihaja/Documents/GitHub/Final_S4/app/Config/Routes.php')
 6 SYSTEMPATH/CodeIgniter.php(841): CodeIgniter\Router\RouteCollection->loadRoutes()
 7 SYSTEMPATH/CodeIgniter.php(464): CodeIgniter\CodeIgniter->tryToRouteIt(null)
 8 SYSTEMPATH/CodeIgniter.php(363): CodeIgniter\CodeIgniter->handleRequest(null, Object(Config\Cache), false)
 9 SYSTEMPATH/Boot.php(417): CodeIgniter\CodeIgniter->run()
10 SYSTEMPATH/Boot.php(68): CodeIgniter\Boot::runCodeIgniter(Object(CodeIgniter\CodeIgniter))
11 FCPATH/index.php(59): CodeIgniter\Boot::bootWeb(Object(Config\Paths))
12 SYSTEMPATH/rewrite.php(44): require_once('/home/mihaja/Documents/GitHub/Final_S4/public/index.php')
WARNING - 2026-07-21 04:20:07 --> [DEPRECATED] Passing lowercase HTTP method "post" is deprecated. Use uppercase HTTP method like "POST". in SYSTEMPATH/Router/RouteCollection.php on line 1026.
 1 SYSTEMPATH/Router/RouteCollection.php(1026): trigger_error('Passing lowercase HTTP method "post" is deprecated. Use uppercase HTTP method like "POST".', 16384)
 2 APPPATH/Config/Routes.php(48): CodeIgniter\Router\RouteCollection->match([...], 'retrait', 'Client\\OperationController::retrait')
 3 SYSTEMPATH/Router/RouteCollection.php(799): CodeIgniter\Router\RouteCollection->{closure:/home/mihaja/Documents/GitHub/Final_S4/app/Config/Routes.php:45}(Object(CodeIgniter\Router\RouteCollection))
 4 APPPATH/Config/Routes.php(45): CodeIgniter\Router\RouteCollection->group('client', [...], Object(Closure))
 5 SYSTEMPATH/Router/RouteCollection.php(339): require('/home/mihaja/Documents/GitHub/Final_S4/app/Config/Routes.php')
 6 SYSTEMPATH/CodeIgniter.php(841): CodeIgniter\Router\RouteCollection->loadRoutes()
 7 SYSTEMPATH/CodeIgniter.php(464): CodeIgniter\CodeIgniter->tryToRouteIt(null)
 8 SYSTEMPATH/CodeIgniter.php(363): CodeIgniter\CodeIgniter->handleRequest(null, Object(Config\Cache), false)
 9 SYSTEMPATH/Boot.php(417): CodeIgniter\CodeIgniter->run()
10 SYSTEMPATH/Boot.php(68): CodeIgniter\Boot::runCodeIgniter(Object(CodeIgniter\CodeIgniter))
11 FCPATH/index.php(59): CodeIgniter\Boot::bootWeb(Object(Config\Paths))
12 SYSTEMPATH/rewrite.php(44): require_once('/home/mihaja/Documents/GitHub/Final_S4/public/index.php')
WARNING - 2026-07-21 04:20:07 --> [DEPRECATED] Passing lowercase HTTP method "get" is deprecated. Use uppercase HTTP method like "GET". in SYSTEMPATH/Router/RouteCollection.php on line 1026.
 1 SYSTEMPATH/Router/RouteCollection.php(1026): trigger_error('Passing lowercase HTTP method "get" is deprecated. Use uppercase HTTP method like "GET".', 16384)
 2 APPPATH/Config/Routes.php(49): CodeIgniter\Router\RouteCollection->match([...], 'transfert', 'Client\\OperationController::transfert')
 3 SYSTEMPATH/Router/RouteCollection.php(799): CodeIgniter\Router\RouteCollection->{closure:/home/mihaja/Documents/GitHub/Final_S4/app/Config/Routes.php:45}(Object(CodeIgniter\Router\RouteCollection))
 4 APPPATH/Config/Routes.php(45): CodeIgniter\Router\RouteCollection->group('client', [...], Object(Closure))
 5 SYSTEMPATH/Router/RouteCollection.php(339): require('/home/mihaja/Documents/GitHub/Final_S4/app/Config/Routes.php')
 6 SYSTEMPATH/CodeIgniter.php(841): CodeIgniter\Router\RouteCollection->loadRoutes()
 7 SYSTEMPATH/CodeIgniter.php(464): CodeIgniter\CodeIgniter->tryToRouteIt(null)
 8 SYSTEMPATH/CodeIgniter.php(363): CodeIgniter\CodeIgniter->handleRequest(null, Object(Config\Cache), false)
 9 SYSTEMPATH/Boot.php(417): CodeIgniter\CodeIgniter->run()
10 SYSTEMPATH/Boot.php(68): CodeIgniter\Boot::runCodeIgniter(Object(CodeIgniter\CodeIgniter))
11 FCPATH/index.php(59): CodeIgniter\Boot::bootWeb(Object(Config\Paths))
12 SYSTEMPATH/rewrite.php(44): require_once('/home/mihaja/Documents/GitHub/Final_S4/public/index.php')
WARNING - 2026-07-21 04:20:07 --> [DEPRECATED] Passing lowercase HTTP method "post" is deprecated. Use uppercase HTTP method like "POST". in SYSTEMPATH/Router/RouteCollection.php on line 1026.
 1 SYSTEMPATH/Router/RouteCollection.php(1026): trigger_error('Passing lowercase HTTP method "post" is deprecated. Use uppercase HTTP method like "POST".', 16384)
 2 APPPATH/Config/Routes.php(49): CodeIgniter\Router\RouteCollection->match([...], 'transfert', 'Client\\OperationController::transfert')
 3 SYSTEMPATH/Router/RouteCollection.php(799): CodeIgniter\Router\RouteCollection->{closure:/home/mihaja/Documents/GitHub/Final_S4/app/Config/Routes.php:45}(Object(CodeIgniter\Router\RouteCollection))
 4 APPPATH/Config/Routes.php(45): CodeIgniter\Router\RouteCollection->group('client', [...], Object(Closure))
 5 SYSTEMPATH/Router/RouteCollection.php(339): require('/home/mihaja/Documents/GitHub/Final_S4/app/Config/Routes.php')
 6 SYSTEMPATH/CodeIgniter.php(841): CodeIgniter\Router\RouteCollection->loadRoutes()
 7 SYSTEMPATH/CodeIgniter.php(464): CodeIgniter\CodeIgniter->tryToRouteIt(null)
 8 SYSTEMPATH/CodeIgniter.php(363): CodeIgniter\CodeIgniter->handleRequest(null, Object(Config\Cache), false)
 9 SYSTEMPATH/Boot.php(417): CodeIgniter\CodeIgniter->run()
10 SYSTEMPATH/Boot.php(68): CodeIgniter\Boot::runCodeIgniter(Object(CodeIgniter\CodeIgniter))
11 FCPATH/index.php(59): CodeIgniter\Boot::bootWeb(Object(Config\Paths))
12 SYSTEMPATH/rewrite.php(44): require_once('/home/mihaja/Documents/GitHub/Final_S4/public/index.php')
DEBUG - 2026-07-21 04:20:07 --> Session: Class initialized using 'CodeIgniter\Session\Handlers\FileHandler' driver.
WARNING - 2026-07-21 04:20:09 --> [DEPRECATED] Passing lowercase HTTP method "get" is deprecated. Use uppercase HTTP method like "GET". in SYSTEMPATH/Router/RouteCollection.php on line 1026.
 1 SYSTEMPATH/Router/RouteCollection.php(1026): trigger_error('Passing lowercase HTTP method "get" is deprecated. Use uppercase HTTP method like "GET".', 16384)
 2 APPPATH/Config/Routes.php(47): CodeIgniter\Router\RouteCollection->match([...], 'depot', 'Client\\OperationController::depot')
 3 SYSTEMPATH/Router/RouteCollection.php(799): CodeIgniter\Router\RouteCollection->{closure:/home/mihaja/Documents/GitHub/Final_S4/app/Config/Routes.php:45}(Object(CodeIgniter\Router\RouteCollection))
 4 APPPATH/Config/Routes.php(45): CodeIgniter\Router\RouteCollection->group('client', [...], Object(Closure))
 5 SYSTEMPATH/Router/RouteCollection.php(339): require('/home/mihaja/Documents/GitHub/Final_S4/app/Config/Routes.php')
 6 SYSTEMPATH/CodeIgniter.php(841): CodeIgniter\Router\RouteCollection->loadRoutes()
 7 SYSTEMPATH/CodeIgniter.php(464): CodeIgniter\CodeIgniter->tryToRouteIt(null)
 8 SYSTEMPATH/CodeIgniter.php(363): CodeIgniter\CodeIgniter->handleRequest(null, Object(Config\Cache), false)
 9 SYSTEMPATH/Boot.php(417): CodeIgniter\CodeIgniter->run()
10 SYSTEMPATH/Boot.php(68): CodeIgniter\Boot::runCodeIgniter(Object(CodeIgniter\CodeIgniter))
11 FCPATH/index.php(59): CodeIgniter\Boot::bootWeb(Object(Config\Paths))
12 SYSTEMPATH/rewrite.php(44): require_once('/home/mihaja/Documents/GitHub/Final_S4/public/index.php')
WARNING - 2026-07-21 04:20:09 --> [DEPRECATED] Passing lowercase HTTP method "post" is deprecated. Use uppercase HTTP method like "POST". in SYSTEMPATH/Router/RouteCollection.php on line 1026.
 1 SYSTEMPATH/Router/RouteCollection.php(1026): trigger_error('Passing lowercase HTTP method "post" is deprecated. Use uppercase HTTP method like "POST".', 16384)
 2 APPPATH/Config/Routes.php(47): CodeIgniter\Router\RouteCollection->match([...], 'depot', 'Client\\OperationController::depot')
 3 SYSTEMPATH/Router/RouteCollection.php(799): CodeIgniter\Router\RouteCollection->{closure:/home/mihaja/Documents/GitHub/Final_S4/app/Config/Routes.php:45}(Object(CodeIgniter\Router\RouteCollection))
 4 APPPATH/Config/Routes.php(45): CodeIgniter\Router\RouteCollection->group('client', [...], Object(Closure))
 5 SYSTEMPATH/Router/RouteCollection.php(339): require('/home/mihaja/Documents/GitHub/Final_S4/app/Config/Routes.php')
 6 SYSTEMPATH/CodeIgniter.php(841): CodeIgniter\Router\RouteCollection->loadRoutes()
 7 SYSTEMPATH/CodeIgniter.php(464): CodeIgniter\CodeIgniter->tryToRouteIt(null)
 8 SYSTEMPATH/CodeIgniter.php(363): CodeIgniter\CodeIgniter->handleRequest(null, Object(Config\Cache), false)
 9 SYSTEMPATH/Boot.php(417): CodeIgniter\CodeIgniter->run()
10 SYSTEMPATH/Boot.php(68): CodeIgniter\Boot::runCodeIgniter(Object(CodeIgniter\CodeIgniter))
11 FCPATH/index.php(59): CodeIgniter\Boot::bootWeb(Object(Config\Paths))
12 SYSTEMPATH/rewrite.php(44): require_once('/home/mihaja/Documents/GitHub/Final_S4/public/index.php')
WARNING - 2026-07-21 04:20:09 --> [DEPRECATED] Passing lowercase HTTP method "get" is deprecated. Use uppercase HTTP method like "GET". in SYSTEMPATH/Router/RouteCollection.php on line 1026.
 1 SYSTEMPATH/Router/RouteCollection.php(1026): trigger_error('Passing lowercase HTTP method "get" is deprecated. Use uppercase HTTP method like "GET".', 16384)
 2 APPPATH/Config/Routes.php(48): CodeIgniter\Router\RouteCollection->match([...], 'retrait', 'Client\\OperationController::retrait')
 3 SYSTEMPATH/Router/RouteCollection.php(799): CodeIgniter\Router\RouteCollection->{closure:/home/mihaja/Documents/GitHub/Final_S4/app/Config/Routes.php:45}(Object(CodeIgniter\Router\RouteCollection))
 4 APPPATH/Config/Routes.php(45): CodeIgniter\Router\RouteCollection->group('client', [...], Object(Closure))
 5 SYSTEMPATH/Router/RouteCollection.php(339): require('/home/mihaja/Documents/GitHub/Final_S4/app/Config/Routes.php')
 6 SYSTEMPATH/CodeIgniter.php(841): CodeIgniter\Router\RouteCollection->loadRoutes()
 7 SYSTEMPATH/CodeIgniter.php(464): CodeIgniter\CodeIgniter->tryToRouteIt(null)
 8 SYSTEMPATH/CodeIgniter.php(363): CodeIgniter\CodeIgniter->handleRequest(null, Object(Config\Cache), false)
 9 SYSTEMPATH/Boot.php(417): CodeIgniter\CodeIgniter->run()
10 SYSTEMPATH/Boot.php(68): CodeIgniter\Boot::runCodeIgniter(Object(CodeIgniter\CodeIgniter))
11 FCPATH/index.php(59): CodeIgniter\Boot::bootWeb(Object(Config\Paths))
12 SYSTEMPATH/rewrite.php(44): require_once('/home/mihaja/Documents/GitHub/Final_S4/public/index.php')
WARNING - 2026-07-21 04:20:09 --> [DEPRECATED] Passing lowercase HTTP method "post" is deprecated. Use uppercase HTTP method like "POST". in SYSTEMPATH/Router/RouteCollection.php on line 1026.
 1 SYSTEMPATH/Router/RouteCollection.php(1026): trigger_error('Passing lowercase HTTP method "post" is deprecated. Use uppercase HTTP method like "POST".', 16384)
 2 APPPATH/Config/Routes.php(48): CodeIgniter\Router\RouteCollection->match([...], 'retrait', 'Client\\OperationController::retrait')
 3 SYSTEMPATH/Router/RouteCollection.php(799): CodeIgniter\Router\RouteCollection->{closure:/home/mihaja/Documents/GitHub/Final_S4/app/Config/Routes.php:45}(Object(CodeIgniter\Router\RouteCollection))
 4 APPPATH/Config/Routes.php(45): CodeIgniter\Router\RouteCollection->group('client', [...], Object(Closure))
 5 SYSTEMPATH/Router/RouteCollection.php(339): require('/home/mihaja/Documents/GitHub/Final_S4/app/Config/Routes.php')
 6 SYSTEMPATH/CodeIgniter.php(841): CodeIgniter\Router\RouteCollection->loadRoutes()
 7 SYSTEMPATH/CodeIgniter.php(464): CodeIgniter\CodeIgniter->tryToRouteIt(null)
 8 SYSTEMPATH/CodeIgniter.php(363): CodeIgniter\CodeIgniter->handleRequest(null, Object(Config\Cache), false)
 9 SYSTEMPATH/Boot.php(417): CodeIgniter\CodeIgniter->run()
10 SYSTEMPATH/Boot.php(68): CodeIgniter\Boot::runCodeIgniter(Object(CodeIgniter\CodeIgniter))
11 FCPATH/index.php(59): CodeIgniter\Boot::bootWeb(Object(Config\Paths))
12 SYSTEMPATH/rewrite.php(44): require_once('/home/mihaja/Documents/GitHub/Final_S4/public/index.php')
WARNING - 2026-07-21 04:20:09 --> [DEPRECATED] Passing lowercase HTTP method "get" is deprecated. Use uppercase HTTP method like "GET". in SYSTEMPATH/Router/RouteCollection.php on line 1026.
 1 SYSTEMPATH/Router/RouteCollection.php(1026): trigger_error('Passing lowercase HTTP method "get" is deprecated. Use uppercase HTTP method like "GET".', 16384)
 2 APPPATH/Config/Routes.php(49): CodeIgniter\Router\RouteCollection->match([...], 'transfert', 'Client\\OperationController::transfert')
 3 SYSTEMPATH/Router/RouteCollection.php(799): CodeIgniter\Router\RouteCollection->{closure:/home/mihaja/Documents/GitHub/Final_S4/app/Config/Routes.php:45}(Object(CodeIgniter\Router\RouteCollection))
 4 APPPATH/Config/Routes.php(45): CodeIgniter\Router\RouteCollection->group('client', [...], Object(Closure))
 5 SYSTEMPATH/Router/RouteCollection.php(339): require('/home/mihaja/Documents/GitHub/Final_S4/app/Config/Routes.php')
 6 SYSTEMPATH/CodeIgniter.php(841): CodeIgniter\Router\RouteCollection->loadRoutes()
 7 SYSTEMPATH/CodeIgniter.php(464): CodeIgniter\CodeIgniter->tryToRouteIt(null)
 8 SYSTEMPATH/CodeIgniter.php(363): CodeIgniter\CodeIgniter->handleRequest(null, Object(Config\Cache), false)
 9 SYSTEMPATH/Boot.php(417): CodeIgniter\CodeIgniter->run()
10 SYSTEMPATH/Boot.php(68): CodeIgniter\Boot::runCodeIgniter(Object(CodeIgniter\CodeIgniter))
11 FCPATH/index.php(59): CodeIgniter\Boot::bootWeb(Object(Config\Paths))
12 SYSTEMPATH/rewrite.php(44): require_once('/home/mihaja/Documents/GitHub/Final_S4/public/index.php')
WARNING - 2026-07-21 04:20:09 --> [DEPRECATED] Passing lowercase HTTP method "post" is deprecated. Use uppercase HTTP method like "POST". in SYSTEMPATH/Router/RouteCollection.php on line 1026.
 1 SYSTEMPATH/Router/RouteCollection.php(1026): trigger_error('Passing lowercase HTTP method "post" is deprecated. Use uppercase HTTP method like "POST".', 16384)
 2 APPPATH/Config/Routes.php(49): CodeIgniter\Router\RouteCollection->match([...], 'transfert', 'Client\\OperationController::transfert')
 3 SYSTEMPATH/Router/RouteCollection.php(799): CodeIgniter\Router\RouteCollection->{closure:/home/mihaja/Documents/GitHub/Final_S4/app/Config/Routes.php:45}(Object(CodeIgniter\Router\RouteCollection))
 4 APPPATH/Config/Routes.php(45): CodeIgniter\Router\RouteCollection->group('client', [...], Object(Closure))
 5 SYSTEMPATH/Router/RouteCollection.php(339): require('/home/mihaja/Documents/GitHub/Final_S4/app/Config/Routes.php')
 6 SYSTEMPATH/CodeIgniter.php(841): CodeIgniter\Router\RouteCollection->loadRoutes()
 7 SYSTEMPATH/CodeIgniter.php(464): CodeIgniter\CodeIgniter->tryToRouteIt(null)
 8 SYSTEMPATH/CodeIgniter.php(363): CodeIgniter\CodeIgniter->handleRequest(null, Object(Config\Cache), false)
 9 SYSTEMPATH/Boot.php(417): CodeIgniter\CodeIgniter->run()
10 SYSTEMPATH/Boot.php(68): CodeIgniter\Boot::runCodeIgniter(Object(CodeIgniter\CodeIgniter))
11 FCPATH/index.php(59): CodeIgniter\Boot::bootWeb(Object(Config\Paths))
12 SYSTEMPATH/rewrite.php(44): require_once('/home/mihaja/Documents/GitHub/Final_S4/public/index.php')
DEBUG - 2026-07-21 04:20:09 --> Session: Class initialized using 'CodeIgniter\Session\Handlers\FileHandler' driver.
WARNING - 2026-07-21 04:20:12 --> [DEPRECATED] Passing lowercase HTTP method "get" is deprecated. Use uppercase HTTP method like "GET". in SYSTEMPATH/Router/RouteCollection.php on line 1026.
 1 SYSTEMPATH/Router/RouteCollection.php(1026): trigger_error('Passing lowercase HTTP method "get" is deprecated. Use uppercase HTTP method like "GET".', 16384)
 2 APPPATH/Config/Routes.php(47): CodeIgniter\Router\RouteCollection->match([...], 'depot', 'Client\\OperationController::depot')
 3 SYSTEMPATH/Router/RouteCollection.php(799): CodeIgniter\Router\RouteCollection->{closure:/home/mihaja/Documents/GitHub/Final_S4/app/Config/Routes.php:45}(Object(CodeIgniter\Router\RouteCollection))
 4 APPPATH/Config/Routes.php(45): CodeIgniter\Router\RouteCollection->group('client', [...], Object(Closure))
 5 SYSTEMPATH/Router/RouteCollection.php(339): require('/home/mihaja/Documents/GitHub/Final_S4/app/Config/Routes.php')
 6 SYSTEMPATH/CodeIgniter.php(841): CodeIgniter\Router\RouteCollection->loadRoutes()
 7 SYSTEMPATH/CodeIgniter.php(464): CodeIgniter\CodeIgniter->tryToRouteIt(null)
 8 SYSTEMPATH/CodeIgniter.php(363): CodeIgniter\CodeIgniter->handleRequest(null, Object(Config\Cache), false)
 9 SYSTEMPATH/Boot.php(417): CodeIgniter\CodeIgniter->run()
10 SYSTEMPATH/Boot.php(68): CodeIgniter\Boot::runCodeIgniter(Object(CodeIgniter\CodeIgniter))
11 FCPATH/index.php(59): CodeIgniter\Boot::bootWeb(Object(Config\Paths))
12 SYSTEMPATH/rewrite.php(44): require_once('/home/mihaja/Documents/GitHub/Final_S4/public/index.php')
WARNING - 2026-07-21 04:20:12 --> [DEPRECATED] Passing lowercase HTTP method "post" is deprecated. Use uppercase HTTP method like "POST". in SYSTEMPATH/Router/RouteCollection.php on line 1026.
 1 SYSTEMPATH/Router/RouteCollection.php(1026): trigger_error('Passing lowercase HTTP method "post" is deprecated. Use uppercase HTTP method like "POST".', 16384)
 2 APPPATH/Config/Routes.php(47): CodeIgniter\Router\RouteCollection->match([...], 'depot', 'Client\\OperationController::depot')
 3 SYSTEMPATH/Router/RouteCollection.php(799): CodeIgniter\Router\RouteCollection->{closure:/home/mihaja/Documents/GitHub/Final_S4/app/Config/Routes.php:45}(Object(CodeIgniter\Router\RouteCollection))
 4 APPPATH/Config/Routes.php(45): CodeIgniter\Router\RouteCollection->group('client', [...], Object(Closure))
 5 SYSTEMPATH/Router/RouteCollection.php(339): require('/home/mihaja/Documents/GitHub/Final_S4/app/Config/Routes.php')
 6 SYSTEMPATH/CodeIgniter.php(841): CodeIgniter\Router\RouteCollection->loadRoutes()
 7 SYSTEMPATH/CodeIgniter.php(464): CodeIgniter\CodeIgniter->tryToRouteIt(null)
 8 SYSTEMPATH/CodeIgniter.php(363): CodeIgniter\CodeIgniter->handleRequest(null, Object(Config\Cache), false)
 9 SYSTEMPATH/Boot.php(417): CodeIgniter\CodeIgniter->run()
10 SYSTEMPATH/Boot.php(68): CodeIgniter\Boot::runCodeIgniter(Object(CodeIgniter\CodeIgniter))
11 FCPATH/index.php(59): CodeIgniter\Boot::bootWeb(Object(Config\Paths))
12 SYSTEMPATH/rewrite.php(44): require_once('/home/mihaja/Documents/GitHub/Final_S4/public/index.php')
WARNING - 2026-07-21 04:20:12 --> [DEPRECATED] Passing lowercase HTTP method "get" is deprecated. Use uppercase HTTP method like "GET". in SYSTEMPATH/Router/RouteCollection.php on line 1026.
 1 SYSTEMPATH/Router/RouteCollection.php(1026): trigger_error('Passing lowercase HTTP method "get" is deprecated. Use uppercase HTTP method like "GET".', 16384)
 2 APPPATH/Config/Routes.php(48): CodeIgniter\Router\RouteCollection->match([...], 'retrait', 'Client\\OperationController::retrait')
 3 SYSTEMPATH/Router/RouteCollection.php(799): CodeIgniter\Router\RouteCollection->{closure:/home/mihaja/Documents/GitHub/Final_S4/app/Config/Routes.php:45}(Object(CodeIgniter\Router\RouteCollection))
 4 APPPATH/Config/Routes.php(45): CodeIgniter\Router\RouteCollection->group('client', [...], Object(Closure))
 5 SYSTEMPATH/Router/RouteCollection.php(339): require('/home/mihaja/Documents/GitHub/Final_S4/app/Config/Routes.php')
 6 SYSTEMPATH/CodeIgniter.php(841): CodeIgniter\Router\RouteCollection->loadRoutes()
 7 SYSTEMPATH/CodeIgniter.php(464): CodeIgniter\CodeIgniter->tryToRouteIt(null)
 8 SYSTEMPATH/CodeIgniter.php(363): CodeIgniter\CodeIgniter->handleRequest(null, Object(Config\Cache), false)
 9 SYSTEMPATH/Boot.php(417): CodeIgniter\CodeIgniter->run()
10 SYSTEMPATH/Boot.php(68): CodeIgniter\Boot::runCodeIgniter(Object(CodeIgniter\CodeIgniter))
11 FCPATH/index.php(59): CodeIgniter\Boot::bootWeb(Object(Config\Paths))
12 SYSTEMPATH/rewrite.php(44): require_once('/home/mihaja/Documents/GitHub/Final_S4/public/index.php')
WARNING - 2026-07-21 04:20:12 --> [DEPRECATED] Passing lowercase HTTP method "post" is deprecated. Use uppercase HTTP method like "POST". in SYSTEMPATH/Router/RouteCollection.php on line 1026.
 1 SYSTEMPATH/Router/RouteCollection.php(1026): trigger_error('Passing lowercase HTTP method "post" is deprecated. Use uppercase HTTP method like "POST".', 16384)
 2 APPPATH/Config/Routes.php(48): CodeIgniter\Router\RouteCollection->match([...], 'retrait', 'Client\\OperationController::retrait')
 3 SYSTEMPATH/Router/RouteCollection.php(799): CodeIgniter\Router\RouteCollection->{closure:/home/mihaja/Documents/GitHub/Final_S4/app/Config/Routes.php:45}(Object(CodeIgniter\Router\RouteCollection))
 4 APPPATH/Config/Routes.php(45): CodeIgniter\Router\RouteCollection->group('client', [...], Object(Closure))
 5 SYSTEMPATH/Router/RouteCollection.php(339): require('/home/mihaja/Documents/GitHub/Final_S4/app/Config/Routes.php')
 6 SYSTEMPATH/CodeIgniter.php(841): CodeIgniter\Router\RouteCollection->loadRoutes()
 7 SYSTEMPATH/CodeIgniter.php(464): CodeIgniter\CodeIgniter->tryToRouteIt(null)
 8 SYSTEMPATH/CodeIgniter.php(363): CodeIgniter\CodeIgniter->handleRequest(null, Object(Config\Cache), false)
 9 SYSTEMPATH/Boot.php(417): CodeIgniter\CodeIgniter->run()
10 SYSTEMPATH/Boot.php(68): CodeIgniter\Boot::runCodeIgniter(Object(CodeIgniter\CodeIgniter))
11 FCPATH/index.php(59): CodeIgniter\Boot::bootWeb(Object(Config\Paths))
12 SYSTEMPATH/rewrite.php(44): require_once('/home/mihaja/Documents/GitHub/Final_S4/public/index.php')
WARNING - 2026-07-21 04:20:12 --> [DEPRECATED] Passing lowercase HTTP method "get" is deprecated. Use uppercase HTTP method like "GET". in SYSTEMPATH/Router/RouteCollection.php on line 1026.
 1 SYSTEMPATH/Router/RouteCollection.php(1026): trigger_error('Passing lowercase HTTP method "get" is deprecated. Use uppercase HTTP method like "GET".', 16384)
 2 APPPATH/Config/Routes.php(49): CodeIgniter\Router\RouteCollection->match([...], 'transfert', 'Client\\OperationController::transfert')
 3 SYSTEMPATH/Router/RouteCollection.php(799): CodeIgniter\Router\RouteCollection->{closure:/home/mihaja/Documents/GitHub/Final_S4/app/Config/Routes.php:45}(Object(CodeIgniter\Router\RouteCollection))
 4 APPPATH/Config/Routes.php(45): CodeIgniter\Router\RouteCollection->group('client', [...], Object(Closure))
 5 SYSTEMPATH/Router/RouteCollection.php(339): require('/home/mihaja/Documents/GitHub/Final_S4/app/Config/Routes.php')
 6 SYSTEMPATH/CodeIgniter.php(841): CodeIgniter\Router\RouteCollection->loadRoutes()
 7 SYSTEMPATH/CodeIgniter.php(464): CodeIgniter\CodeIgniter->tryToRouteIt(null)
 8 SYSTEMPATH/CodeIgniter.php(363): CodeIgniter\CodeIgniter->handleRequest(null, Object(Config\Cache), false)
 9 SYSTEMPATH/Boot.php(417): CodeIgniter\CodeIgniter->run()
10 SYSTEMPATH/Boot.php(68): CodeIgniter\Boot::runCodeIgniter(Object(CodeIgniter\CodeIgniter))
11 FCPATH/index.php(59): CodeIgniter\Boot::bootWeb(Object(Config\Paths))
12 SYSTEMPATH/rewrite.php(44): require_once('/home/mihaja/Documents/GitHub/Final_S4/public/index.php')
WARNING - 2026-07-21 04:20:12 --> [DEPRECATED] Passing lowercase HTTP method "post" is deprecated. Use uppercase HTTP method like "POST". in SYSTEMPATH/Router/RouteCollection.php on line 1026.
 1 SYSTEMPATH/Router/RouteCollection.php(1026): trigger_error('Passing lowercase HTTP method "post" is deprecated. Use uppercase HTTP method like "POST".', 16384)
 2 APPPATH/Config/Routes.php(49): CodeIgniter\Router\RouteCollection->match([...], 'transfert', 'Client\\OperationController::transfert')
 3 SYSTEMPATH/Router/RouteCollection.php(799): CodeIgniter\Router\RouteCollection->{closure:/home/mihaja/Documents/GitHub/Final_S4/app/Config/Routes.php:45}(Object(CodeIgniter\Router\RouteCollection))
 4 APPPATH/Config/Routes.php(45): CodeIgniter\Router\RouteCollection->group('client', [...], Object(Closure))
 5 SYSTEMPATH/Router/RouteCollection.php(339): require('/home/mihaja/Documents/GitHub/Final_S4/app/Config/Routes.php')
 6 SYSTEMPATH/CodeIgniter.php(841): CodeIgniter\Router\RouteCollection->loadRoutes()
 7 SYSTEMPATH/CodeIgniter.php(464): CodeIgniter\CodeIgniter->tryToRouteIt(null)
 8 SYSTEMPATH/CodeIgniter.php(363): CodeIgniter\CodeIgniter->handleRequest(null, Object(Config\Cache), false)
 9 SYSTEMPATH/Boot.php(417): CodeIgniter\CodeIgniter->run()
10 SYSTEMPATH/Boot.php(68): CodeIgniter\Boot::runCodeIgniter(Object(CodeIgniter\CodeIgniter))
11 FCPATH/index.php(59): CodeIgniter\Boot::bootWeb(Object(Config\Paths))
12 SYSTEMPATH/rewrite.php(44): require_once('/home/mihaja/Documents/GitHub/Final_S4/public/index.php')
DEBUG - 2026-07-21 04:20:12 --> Session: Class initialized using 'CodeIgniter\Session\Handlers\FileHandler' driver.
WARNING - 2026-07-21 04:26:14 --> [DEPRECATED] Passing lowercase HTTP method "get" is deprecated. Use uppercase HTTP method like "GET". in SYSTEMPATH/Router/RouteCollection.php on line 1026.
 1 SYSTEMPATH/Router/RouteCollection.php(1026): trigger_error('Passing lowercase HTTP method "get" is deprecated. Use uppercase HTTP method like "GET".', 16384)
 2 APPPATH/Config/Routes.php(47): CodeIgniter\Router\RouteCollection->match([...], 'depot', 'Client\\OperationController::depot')
 3 SYSTEMPATH/Router/RouteCollection.php(799): CodeIgniter\Router\RouteCollection->{closure:/home/mihaja/Documents/GitHub/Final_S4/app/Config/Routes.php:45}(Object(CodeIgniter\Router\RouteCollection))
 4 APPPATH/Config/Routes.php(45): CodeIgniter\Router\RouteCollection->group('client', [...], Object(Closure))
 5 SYSTEMPATH/Router/RouteCollection.php(339): require('/home/mihaja/Documents/GitHub/Final_S4/app/Config/Routes.php')
 6 SYSTEMPATH/CodeIgniter.php(841): CodeIgniter\Router\RouteCollection->loadRoutes()
 7 SYSTEMPATH/CodeIgniter.php(464): CodeIgniter\CodeIgniter->tryToRouteIt(null)
 8 SYSTEMPATH/CodeIgniter.php(363): CodeIgniter\CodeIgniter->handleRequest(null, Object(Config\Cache), false)
 9 SYSTEMPATH/Boot.php(417): CodeIgniter\CodeIgniter->run()
10 SYSTEMPATH/Boot.php(68): CodeIgniter\Boot::runCodeIgniter(Object(CodeIgniter\CodeIgniter))
11 FCPATH/index.php(59): CodeIgniter\Boot::bootWeb(Object(Config\Paths))
12 SYSTEMPATH/rewrite.php(44): require_once('/home/mihaja/Documents/GitHub/Final_S4/public/index.php')
WARNING - 2026-07-21 04:26:14 --> [DEPRECATED] Passing lowercase HTTP method "post" is deprecated. Use uppercase HTTP method like "POST". in SYSTEMPATH/Router/RouteCollection.php on line 1026.
 1 SYSTEMPATH/Router/RouteCollection.php(1026): trigger_error('Passing lowercase HTTP method "post" is deprecated. Use uppercase HTTP method like "POST".', 16384)
 2 APPPATH/Config/Routes.php(47): CodeIgniter\Router\RouteCollection->match([...], 'depot', 'Client\\OperationController::depot')
 3 SYSTEMPATH/Router/RouteCollection.php(799): CodeIgniter\Router\RouteCollection->{closure:/home/mihaja/Documents/GitHub/Final_S4/app/Config/Routes.php:45}(Object(CodeIgniter\Router\RouteCollection))
 4 APPPATH/Config/Routes.php(45): CodeIgniter\Router\RouteCollection->group('client', [...], Object(Closure))
 5 SYSTEMPATH/Router/RouteCollection.php(339): require('/home/mihaja/Documents/GitHub/Final_S4/app/Config/Routes.php')
 6 SYSTEMPATH/CodeIgniter.php(841): CodeIgniter\Router\RouteCollection->loadRoutes()
 7 SYSTEMPATH/CodeIgniter.php(464): CodeIgniter\CodeIgniter->tryToRouteIt(null)
 8 SYSTEMPATH/CodeIgniter.php(363): CodeIgniter\CodeIgniter->handleRequest(null, Object(Config\Cache), false)
 9 SYSTEMPATH/Boot.php(417): CodeIgniter\CodeIgniter->run()
10 SYSTEMPATH/Boot.php(68): CodeIgniter\Boot::runCodeIgniter(Object(CodeIgniter\CodeIgniter))
11 FCPATH/index.php(59): CodeIgniter\Boot::bootWeb(Object(Config\Paths))
12 SYSTEMPATH/rewrite.php(44): require_once('/home/mihaja/Documents/GitHub/Final_S4/public/index.php')
WARNING - 2026-07-21 04:26:14 --> [DEPRECATED] Passing lowercase HTTP method "get" is deprecated. Use uppercase HTTP method like "GET". in SYSTEMPATH/Router/RouteCollection.php on line 1026.
 1 SYSTEMPATH/Router/RouteCollection.php(1026): trigger_error('Passing lowercase HTTP method "get" is deprecated. Use uppercase HTTP method like "GET".', 16384)
 2 APPPATH/Config/Routes.php(48): CodeIgniter\Router\RouteCollection->match([...], 'retrait', 'Client\\OperationController::retrait')
 3 SYSTEMPATH/Router/RouteCollection.php(799): CodeIgniter\Router\RouteCollection->{closure:/home/mihaja/Documents/GitHub/Final_S4/app/Config/Routes.php:45}(Object(CodeIgniter\Router\RouteCollection))
 4 APPPATH/Config/Routes.php(45): CodeIgniter\Router\RouteCollection->group('client', [...], Object(Closure))
 5 SYSTEMPATH/Router/RouteCollection.php(339): require('/home/mihaja/Documents/GitHub/Final_S4/app/Config/Routes.php')
 6 SYSTEMPATH/CodeIgniter.php(841): CodeIgniter\Router\RouteCollection->loadRoutes()
 7 SYSTEMPATH/CodeIgniter.php(464): CodeIgniter\CodeIgniter->tryToRouteIt(null)
 8 SYSTEMPATH/CodeIgniter.php(363): CodeIgniter\CodeIgniter->handleRequest(null, Object(Config\Cache), false)
 9 SYSTEMPATH/Boot.php(417): CodeIgniter\CodeIgniter->run()
10 SYSTEMPATH/Boot.php(68): CodeIgniter\Boot::runCodeIgniter(Object(CodeIgniter\CodeIgniter))
11 FCPATH/index.php(59): CodeIgniter\Boot::bootWeb(Object(Config\Paths))
12 SYSTEMPATH/rewrite.php(44): require_once('/home/mihaja/Documents/GitHub/Final_S4/public/index.php')
WARNING - 2026-07-21 04:26:14 --> [DEPRECATED] Passing lowercase HTTP method "post" is deprecated. Use uppercase HTTP method like "POST". in SYSTEMPATH/Router/RouteCollection.php on line 1026.
 1 SYSTEMPATH/Router/RouteCollection.php(1026): trigger_error('Passing lowercase HTTP method "post" is deprecated. Use uppercase HTTP method like "POST".', 16384)
 2 APPPATH/Config/Routes.php(48): CodeIgniter\Router\RouteCollection->match([...], 'retrait', 'Client\\OperationController::retrait')
 3 SYSTEMPATH/Router/RouteCollection.php(799): CodeIgniter\Router\RouteCollection->{closure:/home/mihaja/Documents/GitHub/Final_S4/app/Config/Routes.php:45}(Object(CodeIgniter\Router\RouteCollection))
 4 APPPATH/Config/Routes.php(45): CodeIgniter\Router\RouteCollection->group('client', [...], Object(Closure))
 5 SYSTEMPATH/Router/RouteCollection.php(339): require('/home/mihaja/Documents/GitHub/Final_S4/app/Config/Routes.php')
 6 SYSTEMPATH/CodeIgniter.php(841): CodeIgniter\Router\RouteCollection->loadRoutes()
 7 SYSTEMPATH/CodeIgniter.php(464): CodeIgniter\CodeIgniter->tryToRouteIt(null)
 8 SYSTEMPATH/CodeIgniter.php(363): CodeIgniter\CodeIgniter->handleRequest(null, Object(Config\Cache), false)
 9 SYSTEMPATH/Boot.php(417): CodeIgniter\CodeIgniter->run()
10 SYSTEMPATH/Boot.php(68): CodeIgniter\Boot::runCodeIgniter(Object(CodeIgniter\CodeIgniter))
11 FCPATH/index.php(59): CodeIgniter\Boot::bootWeb(Object(Config\Paths))
12 SYSTEMPATH/rewrite.php(44): require_once('/home/mihaja/Documents/GitHub/Final_S4/public/index.php')
WARNING - 2026-07-21 04:26:14 --> [DEPRECATED] Passing lowercase HTTP method "get" is deprecated. Use uppercase HTTP method like "GET". in SYSTEMPATH/Router/RouteCollection.php on line 1026.
 1 SYSTEMPATH/Router/RouteCollection.php(1026): trigger_error('Passing lowercase HTTP method "get" is deprecated. Use uppercase HTTP method like "GET".', 16384)
 2 APPPATH/Config/Routes.php(49): CodeIgniter\Router\RouteCollection->match([...], 'transfert', 'Client\\OperationController::transfert')
 3 SYSTEMPATH/Router/RouteCollection.php(799): CodeIgniter\Router\RouteCollection->{closure:/home/mihaja/Documents/GitHub/Final_S4/app/Config/Routes.php:45}(Object(CodeIgniter\Router\RouteCollection))
 4 APPPATH/Config/Routes.php(45): CodeIgniter\Router\RouteCollection->group('client', [...], Object(Closure))
 5 SYSTEMPATH/Router/RouteCollection.php(339): require('/home/mihaja/Documents/GitHub/Final_S4/app/Config/Routes.php')
 6 SYSTEMPATH/CodeIgniter.php(841): CodeIgniter\Router\RouteCollection->loadRoutes()
 7 SYSTEMPATH/CodeIgniter.php(464): CodeIgniter\CodeIgniter->tryToRouteIt(null)
 8 SYSTEMPATH/CodeIgniter.php(363): CodeIgniter\CodeIgniter->handleRequest(null, Object(Config\Cache), false)
 9 SYSTEMPATH/Boot.php(417): CodeIgniter\CodeIgniter->run()
10 SYSTEMPATH/Boot.php(68): CodeIgniter\Boot::runCodeIgniter(Object(CodeIgniter\CodeIgniter))
11 FCPATH/index.php(59): CodeIgniter\Boot::bootWeb(Object(Config\Paths))
12 SYSTEMPATH/rewrite.php(44): require_once('/home/mihaja/Documents/GitHub/Final_S4/public/index.php')
WARNING - 2026-07-21 04:26:14 --> [DEPRECATED] Passing lowercase HTTP method "post" is deprecated. Use uppercase HTTP method like "POST". in SYSTEMPATH/Router/RouteCollection.php on line 1026.
 1 SYSTEMPATH/Router/RouteCollection.php(1026): trigger_error('Passing lowercase HTTP method "post" is deprecated. Use uppercase HTTP method like "POST".', 16384)
 2 APPPATH/Config/Routes.php(49): CodeIgniter\Router\RouteCollection->match([...], 'transfert', 'Client\\OperationController::transfert')
 3 SYSTEMPATH/Router/RouteCollection.php(799): CodeIgniter\Router\RouteCollection->{closure:/home/mihaja/Documents/GitHub/Final_S4/app/Config/Routes.php:45}(Object(CodeIgniter\Router\RouteCollection))
 4 APPPATH/Config/Routes.php(45): CodeIgniter\Router\RouteCollection->group('client', [...], Object(Closure))
 5 SYSTEMPATH/Router/RouteCollection.php(339): require('/home/mihaja/Documents/GitHub/Final_S4/app/Config/Routes.php')
 6 SYSTEMPATH/CodeIgniter.php(841): CodeIgniter\Router\RouteCollection->loadRoutes()
 7 SYSTEMPATH/CodeIgniter.php(464): CodeIgniter\CodeIgniter->tryToRouteIt(null)
 8 SYSTEMPATH/CodeIgniter.php(363): CodeIgniter\CodeIgniter->handleRequest(null, Object(Config\Cache), false)
 9 SYSTEMPATH/Boot.php(417): CodeIgniter\CodeIgniter->run()
10 SYSTEMPATH/Boot.php(68): CodeIgniter\Boot::runCodeIgniter(Object(CodeIgniter\CodeIgniter))
11 FCPATH/index.php(59): CodeIgniter\Boot::bootWeb(Object(Config\Paths))
12 SYSTEMPATH/rewrite.php(44): require_once('/home/mihaja/Documents/GitHub/Final_S4/public/index.php')
DEBUG - 2026-07-21 04:26:14 --> Session: Class initialized using 'CodeIgniter\Session\Handlers\FileHandler' driver.
WARNING - 2026-07-21 04:26:18 --> [DEPRECATED] Passing lowercase HTTP method "get" is deprecated. Use uppercase HTTP method like "GET". in SYSTEMPATH/Router/RouteCollection.php on line 1026.
 1 SYSTEMPATH/Router/RouteCollection.php(1026): trigger_error('Passing lowercase HTTP method "get" is deprecated. Use uppercase HTTP method like "GET".', 16384)
 2 APPPATH/Config/Routes.php(47): CodeIgniter\Router\RouteCollection->match([...], 'depot', 'Client\\OperationController::depot')
 3 SYSTEMPATH/Router/RouteCollection.php(799): CodeIgniter\Router\RouteCollection->{closure:/home/mihaja/Documents/GitHub/Final_S4/app/Config/Routes.php:45}(Object(CodeIgniter\Router\RouteCollection))
 4 APPPATH/Config/Routes.php(45): CodeIgniter\Router\RouteCollection->group('client', [...], Object(Closure))
 5 SYSTEMPATH/Router/RouteCollection.php(339): require('/home/mihaja/Documents/GitHub/Final_S4/app/Config/Routes.php')
 6 SYSTEMPATH/CodeIgniter.php(841): CodeIgniter\Router\RouteCollection->loadRoutes()
 7 SYSTEMPATH/CodeIgniter.php(464): CodeIgniter\CodeIgniter->tryToRouteIt(null)
 8 SYSTEMPATH/CodeIgniter.php(363): CodeIgniter\CodeIgniter->handleRequest(null, Object(Config\Cache), false)
 9 SYSTEMPATH/Boot.php(417): CodeIgniter\CodeIgniter->run()
10 SYSTEMPATH/Boot.php(68): CodeIgniter\Boot::runCodeIgniter(Object(CodeIgniter\CodeIgniter))
11 FCPATH/index.php(59): CodeIgniter\Boot::bootWeb(Object(Config\Paths))
12 SYSTEMPATH/rewrite.php(44): require_once('/home/mihaja/Documents/GitHub/Final_S4/public/index.php')
WARNING - 2026-07-21 04:26:18 --> [DEPRECATED] Passing lowercase HTTP method "post" is deprecated. Use uppercase HTTP method like "POST". in SYSTEMPATH/Router/RouteCollection.php on line 1026.
 1 SYSTEMPATH/Router/RouteCollection.php(1026): trigger_error('Passing lowercase HTTP method "post" is deprecated. Use uppercase HTTP method like "POST".', 16384)
 2 APPPATH/Config/Routes.php(47): CodeIgniter\Router\RouteCollection->match([...], 'depot', 'Client\\OperationController::depot')
 3 SYSTEMPATH/Router/RouteCollection.php(799): CodeIgniter\Router\RouteCollection->{closure:/home/mihaja/Documents/GitHub/Final_S4/app/Config/Routes.php:45}(Object(CodeIgniter\Router\RouteCollection))
 4 APPPATH/Config/Routes.php(45): CodeIgniter\Router\RouteCollection->group('client', [...], Object(Closure))
 5 SYSTEMPATH/Router/RouteCollection.php(339): require('/home/mihaja/Documents/GitHub/Final_S4/app/Config/Routes.php')
 6 SYSTEMPATH/CodeIgniter.php(841): CodeIgniter\Router\RouteCollection->loadRoutes()
 7 SYSTEMPATH/CodeIgniter.php(464): CodeIgniter\CodeIgniter->tryToRouteIt(null)
 8 SYSTEMPATH/CodeIgniter.php(363): CodeIgniter\CodeIgniter->handleRequest(null, Object(Config\Cache), false)
 9 SYSTEMPATH/Boot.php(417): CodeIgniter\CodeIgniter->run()
10 SYSTEMPATH/Boot.php(68): CodeIgniter\Boot::runCodeIgniter(Object(CodeIgniter\CodeIgniter))
11 FCPATH/index.php(59): CodeIgniter\Boot::bootWeb(Object(Config\Paths))
12 SYSTEMPATH/rewrite.php(44): require_once('/home/mihaja/Documents/GitHub/Final_S4/public/index.php')
WARNING - 2026-07-21 04:26:18 --> [DEPRECATED] Passing lowercase HTTP method "get" is deprecated. Use uppercase HTTP method like "GET". in SYSTEMPATH/Router/RouteCollection.php on line 1026.
 1 SYSTEMPATH/Router/RouteCollection.php(1026): trigger_error('Passing lowercase HTTP method "get" is deprecated. Use uppercase HTTP method like "GET".', 16384)
 2 APPPATH/Config/Routes.php(48): CodeIgniter\Router\RouteCollection->match([...], 'retrait', 'Client\\OperationController::retrait')
 3 SYSTEMPATH/Router/RouteCollection.php(799): CodeIgniter\Router\RouteCollection->{closure:/home/mihaja/Documents/GitHub/Final_S4/app/Config/Routes.php:45}(Object(CodeIgniter\Router\RouteCollection))
 4 APPPATH/Config/Routes.php(45): CodeIgniter\Router\RouteCollection->group('client', [...], Object(Closure))
 5 SYSTEMPATH/Router/RouteCollection.php(339): require('/home/mihaja/Documents/GitHub/Final_S4/app/Config/Routes.php')
 6 SYSTEMPATH/CodeIgniter.php(841): CodeIgniter\Router\RouteCollection->loadRoutes()
 7 SYSTEMPATH/CodeIgniter.php(464): CodeIgniter\CodeIgniter->tryToRouteIt(null)
 8 SYSTEMPATH/CodeIgniter.php(363): CodeIgniter\CodeIgniter->handleRequest(null, Object(Config\Cache), false)
 9 SYSTEMPATH/Boot.php(417): CodeIgniter\CodeIgniter->run()
10 SYSTEMPATH/Boot.php(68): CodeIgniter\Boot::runCodeIgniter(Object(CodeIgniter\CodeIgniter))
11 FCPATH/index.php(59): CodeIgniter\Boot::bootWeb(Object(Config\Paths))
12 SYSTEMPATH/rewrite.php(44): require_once('/home/mihaja/Documents/GitHub/Final_S4/public/index.php')
WARNING - 2026-07-21 04:26:18 --> [DEPRECATED] Passing lowercase HTTP method "post" is deprecated. Use uppercase HTTP method like "POST". in SYSTEMPATH/Router/RouteCollection.php on line 1026.
 1 SYSTEMPATH/Router/RouteCollection.php(1026): trigger_error('Passing lowercase HTTP method "post" is deprecated. Use uppercase HTTP method like "POST".', 16384)
 2 APPPATH/Config/Routes.php(48): CodeIgniter\Router\RouteCollection->match([...], 'retrait', 'Client\\OperationController::retrait')
 3 SYSTEMPATH/Router/RouteCollection.php(799): CodeIgniter\Router\RouteCollection->{closure:/home/mihaja/Documents/GitHub/Final_S4/app/Config/Routes.php:45}(Object(CodeIgniter\Router\RouteCollection))
 4 APPPATH/Config/Routes.php(45): CodeIgniter\Router\RouteCollection->group('client', [...], Object(Closure))
 5 SYSTEMPATH/Router/RouteCollection.php(339): require('/home/mihaja/Documents/GitHub/Final_S4/app/Config/Routes.php')
 6 SYSTEMPATH/CodeIgniter.php(841): CodeIgniter\Router\RouteCollection->loadRoutes()
 7 SYSTEMPATH/CodeIgniter.php(464): CodeIgniter\CodeIgniter->tryToRouteIt(null)
 8 SYSTEMPATH/CodeIgniter.php(363): CodeIgniter\CodeIgniter->handleRequest(null, Object(Config\Cache), false)
 9 SYSTEMPATH/Boot.php(417): CodeIgniter\CodeIgniter->run()
10 SYSTEMPATH/Boot.php(68): CodeIgniter\Boot::runCodeIgniter(Object(CodeIgniter\CodeIgniter))
11 FCPATH/index.php(59): CodeIgniter\Boot::bootWeb(Object(Config\Paths))
12 SYSTEMPATH/rewrite.php(44): require_once('/home/mihaja/Documents/GitHub/Final_S4/public/index.php')
WARNING - 2026-07-21 04:26:18 --> [DEPRECATED] Passing lowercase HTTP method "get" is deprecated. Use uppercase HTTP method like "GET". in SYSTEMPATH/Router/RouteCollection.php on line 1026.
 1 SYSTEMPATH/Router/RouteCollection.php(1026): trigger_error('Passing lowercase HTTP method "get" is deprecated. Use uppercase HTTP method like "GET".', 16384)
 2 APPPATH/Config/Routes.php(49): CodeIgniter\Router\RouteCollection->match([...], 'transfert', 'Client\\OperationController::transfert')
 3 SYSTEMPATH/Router/RouteCollection.php(799): CodeIgniter\Router\RouteCollection->{closure:/home/mihaja/Documents/GitHub/Final_S4/app/Config/Routes.php:45}(Object(CodeIgniter\Router\RouteCollection))
 4 APPPATH/Config/Routes.php(45): CodeIgniter\Router\RouteCollection->group('client', [...], Object(Closure))
 5 SYSTEMPATH/Router/RouteCollection.php(339): require('/home/mihaja/Documents/GitHub/Final_S4/app/Config/Routes.php')
 6 SYSTEMPATH/CodeIgniter.php(841): CodeIgniter\Router\RouteCollection->loadRoutes()
 7 SYSTEMPATH/CodeIgniter.php(464): CodeIgniter\CodeIgniter->tryToRouteIt(null)
 8 SYSTEMPATH/CodeIgniter.php(363): CodeIgniter\CodeIgniter->handleRequest(null, Object(Config\Cache), false)
 9 SYSTEMPATH/Boot.php(417): CodeIgniter\CodeIgniter->run()
10 SYSTEMPATH/Boot.php(68): CodeIgniter\Boot::runCodeIgniter(Object(CodeIgniter\CodeIgniter))
11 FCPATH/index.php(59): CodeIgniter\Boot::bootWeb(Object(Config\Paths))
12 SYSTEMPATH/rewrite.php(44): require_once('/home/mihaja/Documents/GitHub/Final_S4/public/index.php')
WARNING - 2026-07-21 04:26:18 --> [DEPRECATED] Passing lowercase HTTP method "post" is deprecated. Use uppercase HTTP method like "POST". in SYSTEMPATH/Router/RouteCollection.php on line 1026.
 1 SYSTEMPATH/Router/RouteCollection.php(1026): trigger_error('Passing lowercase HTTP method "post" is deprecated. Use uppercase HTTP method like "POST".', 16384)
 2 APPPATH/Config/Routes.php(49): CodeIgniter\Router\RouteCollection->match([...], 'transfert', 'Client\\OperationController::transfert')
 3 SYSTEMPATH/Router/RouteCollection.php(799): CodeIgniter\Router\RouteCollection->{closure:/home/mihaja/Documents/GitHub/Final_S4/app/Config/Routes.php:45}(Object(CodeIgniter\Router\RouteCollection))
 4 APPPATH/Config/Routes.php(45): CodeIgniter\Router\RouteCollection->group('client', [...], Object(Closure))
 5 SYSTEMPATH/Router/RouteCollection.php(339): require('/home/mihaja/Documents/GitHub/Final_S4/app/Config/Routes.php')
 6 SYSTEMPATH/CodeIgniter.php(841): CodeIgniter\Router\RouteCollection->loadRoutes()
 7 SYSTEMPATH/CodeIgniter.php(464): CodeIgniter\CodeIgniter->tryToRouteIt(null)
 8 SYSTEMPATH/CodeIgniter.php(363): CodeIgniter\CodeIgniter->handleRequest(null, Object(Config\Cache), false)
 9 SYSTEMPATH/Boot.php(417): CodeIgniter\CodeIgniter->run()
10 SYSTEMPATH/Boot.php(68): CodeIgniter\Boot::runCodeIgniter(Object(CodeIgniter\CodeIgniter))
11 FCPATH/index.php(59): CodeIgniter\Boot::bootWeb(Object(Config\Paths))
12 SYSTEMPATH/rewrite.php(44): require_once('/home/mihaja/Documents/GitHub/Final_S4/public/index.php')
DEBUG - 2026-07-21 04:26:18 --> Session: Class initialized using 'CodeIgniter\Session\Handlers\FileHandler' driver.
WARNING - 2026-07-21 04:26:20 --> [DEPRECATED] Passing lowercase HTTP method "get" is deprecated. Use uppercase HTTP method like "GET". in SYSTEMPATH/Router/RouteCollection.php on line 1026.
 1 SYSTEMPATH/Router/RouteCollection.php(1026): trigger_error('Passing lowercase HTTP method "get" is deprecated. Use uppercase HTTP method like "GET".', 16384)
 2 APPPATH/Config/Routes.php(47): CodeIgniter\Router\RouteCollection->match([...], 'depot', 'Client\\OperationController::depot')
 3 SYSTEMPATH/Router/RouteCollection.php(799): CodeIgniter\Router\RouteCollection->{closure:/home/mihaja/Documents/GitHub/Final_S4/app/Config/Routes.php:45}(Object(CodeIgniter\Router\RouteCollection))
 4 APPPATH/Config/Routes.php(45): CodeIgniter\Router\RouteCollection->group('client', [...], Object(Closure))
 5 SYSTEMPATH/Router/RouteCollection.php(339): require('/home/mihaja/Documents/GitHub/Final_S4/app/Config/Routes.php')
 6 SYSTEMPATH/CodeIgniter.php(841): CodeIgniter\Router\RouteCollection->loadRoutes()
 7 SYSTEMPATH/CodeIgniter.php(464): CodeIgniter\CodeIgniter->tryToRouteIt(null)
 8 SYSTEMPATH/CodeIgniter.php(363): CodeIgniter\CodeIgniter->handleRequest(null, Object(Config\Cache), false)
 9 SYSTEMPATH/Boot.php(417): CodeIgniter\CodeIgniter->run()
10 SYSTEMPATH/Boot.php(68): CodeIgniter\Boot::runCodeIgniter(Object(CodeIgniter\CodeIgniter))
11 FCPATH/index.php(59): CodeIgniter\Boot::bootWeb(Object(Config\Paths))
12 SYSTEMPATH/rewrite.php(44): require_once('/home/mihaja/Documents/GitHub/Final_S4/public/index.php')
WARNING - 2026-07-21 04:26:20 --> [DEPRECATED] Passing lowercase HTTP method "post" is deprecated. Use uppercase HTTP method like "POST". in SYSTEMPATH/Router/RouteCollection.php on line 1026.
 1 SYSTEMPATH/Router/RouteCollection.php(1026): trigger_error('Passing lowercase HTTP method "post" is deprecated. Use uppercase HTTP method like "POST".', 16384)
 2 APPPATH/Config/Routes.php(47): CodeIgniter\Router\RouteCollection->match([...], 'depot', 'Client\\OperationController::depot')
 3 SYSTEMPATH/Router/RouteCollection.php(799): CodeIgniter\Router\RouteCollection->{closure:/home/mihaja/Documents/GitHub/Final_S4/app/Config/Routes.php:45}(Object(CodeIgniter\Router\RouteCollection))
 4 APPPATH/Config/Routes.php(45): CodeIgniter\Router\RouteCollection->group('client', [...], Object(Closure))
 5 SYSTEMPATH/Router/RouteCollection.php(339): require('/home/mihaja/Documents/GitHub/Final_S4/app/Config/Routes.php')
 6 SYSTEMPATH/CodeIgniter.php(841): CodeIgniter\Router\RouteCollection->loadRoutes()
 7 SYSTEMPATH/CodeIgniter.php(464): CodeIgniter\CodeIgniter->tryToRouteIt(null)
 8 SYSTEMPATH/CodeIgniter.php(363): CodeIgniter\CodeIgniter->handleRequest(null, Object(Config\Cache), false)
 9 SYSTEMPATH/Boot.php(417): CodeIgniter\CodeIgniter->run()
10 SYSTEMPATH/Boot.php(68): CodeIgniter\Boot::runCodeIgniter(Object(CodeIgniter\CodeIgniter))
11 FCPATH/index.php(59): CodeIgniter\Boot::bootWeb(Object(Config\Paths))
12 SYSTEMPATH/rewrite.php(44): require_once('/home/mihaja/Documents/GitHub/Final_S4/public/index.php')
WARNING - 2026-07-21 04:26:20 --> [DEPRECATED] Passing lowercase HTTP method "get" is deprecated. Use uppercase HTTP method like "GET". in SYSTEMPATH/Router/RouteCollection.php on line 1026.
 1 SYSTEMPATH/Router/RouteCollection.php(1026): trigger_error('Passing lowercase HTTP method "get" is deprecated. Use uppercase HTTP method like "GET".', 16384)
 2 APPPATH/Config/Routes.php(48): CodeIgniter\Router\RouteCollection->match([...], 'retrait', 'Client\\OperationController::retrait')
 3 SYSTEMPATH/Router/RouteCollection.php(799): CodeIgniter\Router\RouteCollection->{closure:/home/mihaja/Documents/GitHub/Final_S4/app/Config/Routes.php:45}(Object(CodeIgniter\Router\RouteCollection))
 4 APPPATH/Config/Routes.php(45): CodeIgniter\Router\RouteCollection->group('client', [...], Object(Closure))
 5 SYSTEMPATH/Router/RouteCollection.php(339): require('/home/mihaja/Documents/GitHub/Final_S4/app/Config/Routes.php')
 6 SYSTEMPATH/CodeIgniter.php(841): CodeIgniter\Router\RouteCollection->loadRoutes()
 7 SYSTEMPATH/CodeIgniter.php(464): CodeIgniter\CodeIgniter->tryToRouteIt(null)
 8 SYSTEMPATH/CodeIgniter.php(363): CodeIgniter\CodeIgniter->handleRequest(null, Object(Config\Cache), false)
 9 SYSTEMPATH/Boot.php(417): CodeIgniter\CodeIgniter->run()
10 SYSTEMPATH/Boot.php(68): CodeIgniter\Boot::runCodeIgniter(Object(CodeIgniter\CodeIgniter))
11 FCPATH/index.php(59): CodeIgniter\Boot::bootWeb(Object(Config\Paths))
12 SYSTEMPATH/rewrite.php(44): require_once('/home/mihaja/Documents/GitHub/Final_S4/public/index.php')
WARNING - 2026-07-21 04:26:20 --> [DEPRECATED] Passing lowercase HTTP method "post" is deprecated. Use uppercase HTTP method like "POST". in SYSTEMPATH/Router/RouteCollection.php on line 1026.
 1 SYSTEMPATH/Router/RouteCollection.php(1026): trigger_error('Passing lowercase HTTP method "post" is deprecated. Use uppercase HTTP method like "POST".', 16384)
 2 APPPATH/Config/Routes.php(48): CodeIgniter\Router\RouteCollection->match([...], 'retrait', 'Client\\OperationController::retrait')
 3 SYSTEMPATH/Router/RouteCollection.php(799): CodeIgniter\Router\RouteCollection->{closure:/home/mihaja/Documents/GitHub/Final_S4/app/Config/Routes.php:45}(Object(CodeIgniter\Router\RouteCollection))
 4 APPPATH/Config/Routes.php(45): CodeIgniter\Router\RouteCollection->group('client', [...], Object(Closure))
 5 SYSTEMPATH/Router/RouteCollection.php(339): require('/home/mihaja/Documents/GitHub/Final_S4/app/Config/Routes.php')
 6 SYSTEMPATH/CodeIgniter.php(841): CodeIgniter\Router\RouteCollection->loadRoutes()
 7 SYSTEMPATH/CodeIgniter.php(464): CodeIgniter\CodeIgniter->tryToRouteIt(null)
 8 SYSTEMPATH/CodeIgniter.php(363): CodeIgniter\CodeIgniter->handleRequest(null, Object(Config\Cache), false)
 9 SYSTEMPATH/Boot.php(417): CodeIgniter\CodeIgniter->run()
10 SYSTEMPATH/Boot.php(68): CodeIgniter\Boot::runCodeIgniter(Object(CodeIgniter\CodeIgniter))
11 FCPATH/index.php(59): CodeIgniter\Boot::bootWeb(Object(Config\Paths))
12 SYSTEMPATH/rewrite.php(44): require_once('/home/mihaja/Documents/GitHub/Final_S4/public/index.php')
WARNING - 2026-07-21 04:26:20 --> [DEPRECATED] Passing lowercase HTTP method "get" is deprecated. Use uppercase HTTP method like "GET". in SYSTEMPATH/Router/RouteCollection.php on line 1026.
 1 SYSTEMPATH/Router/RouteCollection.php(1026): trigger_error('Passing lowercase HTTP method "get" is deprecated. Use uppercase HTTP method like "GET".', 16384)
 2 APPPATH/Config/Routes.php(49): CodeIgniter\Router\RouteCollection->match([...], 'transfert', 'Client\\OperationController::transfert')
 3 SYSTEMPATH/Router/RouteCollection.php(799): CodeIgniter\Router\RouteCollection->{closure:/home/mihaja/Documents/GitHub/Final_S4/app/Config/Routes.php:45}(Object(CodeIgniter\Router\RouteCollection))
 4 APPPATH/Config/Routes.php(45): CodeIgniter\Router\RouteCollection->group('client', [...], Object(Closure))
 5 SYSTEMPATH/Router/RouteCollection.php(339): require('/home/mihaja/Documents/GitHub/Final_S4/app/Config/Routes.php')
 6 SYSTEMPATH/CodeIgniter.php(841): CodeIgniter\Router\RouteCollection->loadRoutes()
 7 SYSTEMPATH/CodeIgniter.php(464): CodeIgniter\CodeIgniter->tryToRouteIt(null)
 8 SYSTEMPATH/CodeIgniter.php(363): CodeIgniter\CodeIgniter->handleRequest(null, Object(Config\Cache), false)
 9 SYSTEMPATH/Boot.php(417): CodeIgniter\CodeIgniter->run()
10 SYSTEMPATH/Boot.php(68): CodeIgniter\Boot::runCodeIgniter(Object(CodeIgniter\CodeIgniter))
11 FCPATH/index.php(59): CodeIgniter\Boot::bootWeb(Object(Config\Paths))
12 SYSTEMPATH/rewrite.php(44): require_once('/home/mihaja/Documents/GitHub/Final_S4/public/index.php')
WARNING - 2026-07-21 04:26:20 --> [DEPRECATED] Passing lowercase HTTP method "post" is deprecated. Use uppercase HTTP method like "POST". in SYSTEMPATH/Router/RouteCollection.php on line 1026.
 1 SYSTEMPATH/Router/RouteCollection.php(1026): trigger_error('Passing lowercase HTTP method "post" is deprecated. Use uppercase HTTP method like "POST".', 16384)
 2 APPPATH/Config/Routes.php(49): CodeIgniter\Router\RouteCollection->match([...], 'transfert', 'Client\\OperationController::transfert')
 3 SYSTEMPATH/Router/RouteCollection.php(799): CodeIgniter\Router\RouteCollection->{closure:/home/mihaja/Documents/GitHub/Final_S4/app/Config/Routes.php:45}(Object(CodeIgniter\Router\RouteCollection))
 4 APPPATH/Config/Routes.php(45): CodeIgniter\Router\RouteCollection->group('client', [...], Object(Closure))
 5 SYSTEMPATH/Router/RouteCollection.php(339): require('/home/mihaja/Documents/GitHub/Final_S4/app/Config/Routes.php')
 6 SYSTEMPATH/CodeIgniter.php(841): CodeIgniter\Router\RouteCollection->loadRoutes()
 7 SYSTEMPATH/CodeIgniter.php(464): CodeIgniter\CodeIgniter->tryToRouteIt(null)
 8 SYSTEMPATH/CodeIgniter.php(363): CodeIgniter\CodeIgniter->handleRequest(null, Object(Config\Cache), false)
 9 SYSTEMPATH/Boot.php(417): CodeIgniter\CodeIgniter->run()
10 SYSTEMPATH/Boot.php(68): CodeIgniter\Boot::runCodeIgniter(Object(CodeIgniter\CodeIgniter))
11 FCPATH/index.php(59): CodeIgniter\Boot::bootWeb(Object(Config\Paths))
12 SYSTEMPATH/rewrite.php(44): require_once('/home/mihaja/Documents/GitHub/Final_S4/public/index.php')
DEBUG - 2026-07-21 04:26:20 --> Session: Class initialized using 'CodeIgniter\Session\Handlers\FileHandler' driver.
WARNING - 2026-07-21 04:26:24 --> [DEPRECATED] Passing lowercase HTTP method "get" is deprecated. Use uppercase HTTP method like "GET". in SYSTEMPATH/Router/RouteCollection.php on line 1026.
 1 SYSTEMPATH/Router/RouteCollection.php(1026): trigger_error('Passing lowercase HTTP method "get" is deprecated. Use uppercase HTTP method like "GET".', 16384)
 2 APPPATH/Config/Routes.php(47): CodeIgniter\Router\RouteCollection->match([...], 'depot', 'Client\\OperationController::depot')
 3 SYSTEMPATH/Router/RouteCollection.php(799): CodeIgniter\Router\RouteCollection->{closure:/home/mihaja/Documents/GitHub/Final_S4/app/Config/Routes.php:45}(Object(CodeIgniter\Router\RouteCollection))
 4 APPPATH/Config/Routes.php(45): CodeIgniter\Router\RouteCollection->group('client', [...], Object(Closure))
 5 SYSTEMPATH/Router/RouteCollection.php(339): require('/home/mihaja/Documents/GitHub/Final_S4/app/Config/Routes.php')
 6 SYSTEMPATH/CodeIgniter.php(841): CodeIgniter\Router\RouteCollection->loadRoutes()
 7 SYSTEMPATH/CodeIgniter.php(464): CodeIgniter\CodeIgniter->tryToRouteIt(null)
 8 SYSTEMPATH/CodeIgniter.php(363): CodeIgniter\CodeIgniter->handleRequest(null, Object(Config\Cache), false)
 9 SYSTEMPATH/Boot.php(417): CodeIgniter\CodeIgniter->run()
10 SYSTEMPATH/Boot.php(68): CodeIgniter\Boot::runCodeIgniter(Object(CodeIgniter\CodeIgniter))
11 FCPATH/index.php(59): CodeIgniter\Boot::bootWeb(Object(Config\Paths))
12 SYSTEMPATH/rewrite.php(44): require_once('/home/mihaja/Documents/GitHub/Final_S4/public/index.php')
WARNING - 2026-07-21 04:26:24 --> [DEPRECATED] Passing lowercase HTTP method "post" is deprecated. Use uppercase HTTP method like "POST". in SYSTEMPATH/Router/RouteCollection.php on line 1026.
 1 SYSTEMPATH/Router/RouteCollection.php(1026): trigger_error('Passing lowercase HTTP method "post" is deprecated. Use uppercase HTTP method like "POST".', 16384)
 2 APPPATH/Config/Routes.php(47): CodeIgniter\Router\RouteCollection->match([...], 'depot', 'Client\\OperationController::depot')
 3 SYSTEMPATH/Router/RouteCollection.php(799): CodeIgniter\Router\RouteCollection->{closure:/home/mihaja/Documents/GitHub/Final_S4/app/Config/Routes.php:45}(Object(CodeIgniter\Router\RouteCollection))
 4 APPPATH/Config/Routes.php(45): CodeIgniter\Router\RouteCollection->group('client', [...], Object(Closure))
 5 SYSTEMPATH/Router/RouteCollection.php(339): require('/home/mihaja/Documents/GitHub/Final_S4/app/Config/Routes.php')
 6 SYSTEMPATH/CodeIgniter.php(841): CodeIgniter\Router\RouteCollection->loadRoutes()
 7 SYSTEMPATH/CodeIgniter.php(464): CodeIgniter\CodeIgniter->tryToRouteIt(null)
 8 SYSTEMPATH/CodeIgniter.php(363): CodeIgniter\CodeIgniter->handleRequest(null, Object(Config\Cache), false)
 9 SYSTEMPATH/Boot.php(417): CodeIgniter\CodeIgniter->run()
10 SYSTEMPATH/Boot.php(68): CodeIgniter\Boot::runCodeIgniter(Object(CodeIgniter\CodeIgniter))
11 FCPATH/index.php(59): CodeIgniter\Boot::bootWeb(Object(Config\Paths))
12 SYSTEMPATH/rewrite.php(44): require_once('/home/mihaja/Documents/GitHub/Final_S4/public/index.php')
WARNING - 2026-07-21 04:26:24 --> [DEPRECATED] Passing lowercase HTTP method "get" is deprecated. Use uppercase HTTP method like "GET". in SYSTEMPATH/Router/RouteCollection.php on line 1026.
 1 SYSTEMPATH/Router/RouteCollection.php(1026): trigger_error('Passing lowercase HTTP method "get" is deprecated. Use uppercase HTTP method like "GET".', 16384)
 2 APPPATH/Config/Routes.php(48): CodeIgniter\Router\RouteCollection->match([...], 'retrait', 'Client\\OperationController::retrait')
 3 SYSTEMPATH/Router/RouteCollection.php(799): CodeIgniter\Router\RouteCollection->{closure:/home/mihaja/Documents/GitHub/Final_S4/app/Config/Routes.php:45}(Object(CodeIgniter\Router\RouteCollection))
 4 APPPATH/Config/Routes.php(45): CodeIgniter\Router\RouteCollection->group('client', [...], Object(Closure))
 5 SYSTEMPATH/Router/RouteCollection.php(339): require('/home/mihaja/Documents/GitHub/Final_S4/app/Config/Routes.php')
 6 SYSTEMPATH/CodeIgniter.php(841): CodeIgniter\Router\RouteCollection->loadRoutes()
 7 SYSTEMPATH/CodeIgniter.php(464): CodeIgniter\CodeIgniter->tryToRouteIt(null)
 8 SYSTEMPATH/CodeIgniter.php(363): CodeIgniter\CodeIgniter->handleRequest(null, Object(Config\Cache), false)
 9 SYSTEMPATH/Boot.php(417): CodeIgniter\CodeIgniter->run()
10 SYSTEMPATH/Boot.php(68): CodeIgniter\Boot::runCodeIgniter(Object(CodeIgniter\CodeIgniter))
11 FCPATH/index.php(59): CodeIgniter\Boot::bootWeb(Object(Config\Paths))
12 SYSTEMPATH/rewrite.php(44): require_once('/home/mihaja/Documents/GitHub/Final_S4/public/index.php')
WARNING - 2026-07-21 04:26:24 --> [DEPRECATED] Passing lowercase HTTP method "post" is deprecated. Use uppercase HTTP method like "POST". in SYSTEMPATH/Router/RouteCollection.php on line 1026.
 1 SYSTEMPATH/Router/RouteCollection.php(1026): trigger_error('Passing lowercase HTTP method "post" is deprecated. Use uppercase HTTP method like "POST".', 16384)
 2 APPPATH/Config/Routes.php(48): CodeIgniter\Router\RouteCollection->match([...], 'retrait', 'Client\\OperationController::retrait')
 3 SYSTEMPATH/Router/RouteCollection.php(799): CodeIgniter\Router\RouteCollection->{closure:/home/mihaja/Documents/GitHub/Final_S4/app/Config/Routes.php:45}(Object(CodeIgniter\Router\RouteCollection))
 4 APPPATH/Config/Routes.php(45): CodeIgniter\Router\RouteCollection->group('client', [...], Object(Closure))
 5 SYSTEMPATH/Router/RouteCollection.php(339): require('/home/mihaja/Documents/GitHub/Final_S4/app/Config/Routes.php')
 6 SYSTEMPATH/CodeIgniter.php(841): CodeIgniter\Router\RouteCollection->loadRoutes()
 7 SYSTEMPATH/CodeIgniter.php(464): CodeIgniter\CodeIgniter->tryToRouteIt(null)
 8 SYSTEMPATH/CodeIgniter.php(363): CodeIgniter\CodeIgniter->handleRequest(null, Object(Config\Cache), false)
 9 SYSTEMPATH/Boot.php(417): CodeIgniter\CodeIgniter->run()
10 SYSTEMPATH/Boot.php(68): CodeIgniter\Boot::runCodeIgniter(Object(CodeIgniter\CodeIgniter))
11 FCPATH/index.php(59): CodeIgniter\Boot::bootWeb(Object(Config\Paths))
12 SYSTEMPATH/rewrite.php(44): require_once('/home/mihaja/Documents/GitHub/Final_S4/public/index.php')
WARNING - 2026-07-21 04:26:24 --> [DEPRECATED] Passing lowercase HTTP method "get" is deprecated. Use uppercase HTTP method like "GET". in SYSTEMPATH/Router/RouteCollection.php on line 1026.
 1 SYSTEMPATH/Router/RouteCollection.php(1026): trigger_error('Passing lowercase HTTP method "get" is deprecated. Use uppercase HTTP method like "GET".', 16384)
 2 APPPATH/Config/Routes.php(49): CodeIgniter\Router\RouteCollection->match([...], 'transfert', 'Client\\OperationController::transfert')
 3 SYSTEMPATH/Router/RouteCollection.php(799): CodeIgniter\Router\RouteCollection->{closure:/home/mihaja/Documents/GitHub/Final_S4/app/Config/Routes.php:45}(Object(CodeIgniter\Router\RouteCollection))
 4 APPPATH/Config/Routes.php(45): CodeIgniter\Router\RouteCollection->group('client', [...], Object(Closure))
 5 SYSTEMPATH/Router/RouteCollection.php(339): require('/home/mihaja/Documents/GitHub/Final_S4/app/Config/Routes.php')
 6 SYSTEMPATH/CodeIgniter.php(841): CodeIgniter\Router\RouteCollection->loadRoutes()
 7 SYSTEMPATH/CodeIgniter.php(464): CodeIgniter\CodeIgniter->tryToRouteIt(null)
 8 SYSTEMPATH/CodeIgniter.php(363): CodeIgniter\CodeIgniter->handleRequest(null, Object(Config\Cache), false)
 9 SYSTEMPATH/Boot.php(417): CodeIgniter\CodeIgniter->run()
10 SYSTEMPATH/Boot.php(68): CodeIgniter\Boot::runCodeIgniter(Object(CodeIgniter\CodeIgniter))
11 FCPATH/index.php(59): CodeIgniter\Boot::bootWeb(Object(Config\Paths))
12 SYSTEMPATH/rewrite.php(44): require_once('/home/mihaja/Documents/GitHub/Final_S4/public/index.php')
WARNING - 2026-07-21 04:26:24 --> [DEPRECATED] Passing lowercase HTTP method "post" is deprecated. Use uppercase HTTP method like "POST". in SYSTEMPATH/Router/RouteCollection.php on line 1026.
 1 SYSTEMPATH/Router/RouteCollection.php(1026): trigger_error('Passing lowercase HTTP method "post" is deprecated. Use uppercase HTTP method like "POST".', 16384)
 2 APPPATH/Config/Routes.php(49): CodeIgniter\Router\RouteCollection->match([...], 'transfert', 'Client\\OperationController::transfert')
 3 SYSTEMPATH/Router/RouteCollection.php(799): CodeIgniter\Router\RouteCollection->{closure:/home/mihaja/Documents/GitHub/Final_S4/app/Config/Routes.php:45}(Object(CodeIgniter\Router\RouteCollection))
 4 APPPATH/Config/Routes.php(45): CodeIgniter\Router\RouteCollection->group('client', [...], Object(Closure))
 5 SYSTEMPATH/Router/RouteCollection.php(339): require('/home/mihaja/Documents/GitHub/Final_S4/app/Config/Routes.php')
 6 SYSTEMPATH/CodeIgniter.php(841): CodeIgniter\Router\RouteCollection->loadRoutes()
 7 SYSTEMPATH/CodeIgniter.php(464): CodeIgniter\CodeIgniter->tryToRouteIt(null)
 8 SYSTEMPATH/CodeIgniter.php(363): CodeIgniter\CodeIgniter->handleRequest(null, Object(Config\Cache), false)
 9 SYSTEMPATH/Boot.php(417): CodeIgniter\CodeIgniter->run()
10 SYSTEMPATH/Boot.php(68): CodeIgniter\Boot::runCodeIgniter(Object(CodeIgniter\CodeIgniter))
11 FCPATH/index.php(59): CodeIgniter\Boot::bootWeb(Object(Config\Paths))
12 SYSTEMPATH/rewrite.php(44): require_once('/home/mihaja/Documents/GitHub/Final_S4/public/index.php')
DEBUG - 2026-07-21 04:26:24 --> Session: Class initialized using 'CodeIgniter\Session\Handlers\FileHandler' driver.
WARNING - 2026-07-21 04:26:37 --> [DEPRECATED] Passing lowercase HTTP method "get" is deprecated. Use uppercase HTTP method like "GET". in SYSTEMPATH/Router/RouteCollection.php on line 1026.
 1 SYSTEMPATH/Router/RouteCollection.php(1026): trigger_error('Passing lowercase HTTP method "get" is deprecated. Use uppercase HTTP method like "GET".', 16384)
 2 APPPATH/Config/Routes.php(47): CodeIgniter\Router\RouteCollection->match([...], 'depot', 'Client\\OperationController::depot')
 3 SYSTEMPATH/Router/RouteCollection.php(799): CodeIgniter\Router\RouteCollection->{closure:/home/mihaja/Documents/GitHub/Final_S4/app/Config/Routes.php:45}(Object(CodeIgniter\Router\RouteCollection))
 4 APPPATH/Config/Routes.php(45): CodeIgniter\Router\RouteCollection->group('client', [...], Object(Closure))
 5 SYSTEMPATH/Router/RouteCollection.php(339): require('/home/mihaja/Documents/GitHub/Final_S4/app/Config/Routes.php')
 6 SYSTEMPATH/CodeIgniter.php(841): CodeIgniter\Router\RouteCollection->loadRoutes()
 7 SYSTEMPATH/CodeIgniter.php(464): CodeIgniter\CodeIgniter->tryToRouteIt(null)
 8 SYSTEMPATH/CodeIgniter.php(363): CodeIgniter\CodeIgniter->handleRequest(null, Object(Config\Cache), false)
 9 SYSTEMPATH/Boot.php(417): CodeIgniter\CodeIgniter->run()
10 SYSTEMPATH/Boot.php(68): CodeIgniter\Boot::runCodeIgniter(Object(CodeIgniter\CodeIgniter))
11 FCPATH/index.php(59): CodeIgniter\Boot::bootWeb(Object(Config\Paths))
12 SYSTEMPATH/rewrite.php(44): require_once('/home/mihaja/Documents/GitHub/Final_S4/public/index.php')
WARNING - 2026-07-21 04:26:37 --> [DEPRECATED] Passing lowercase HTTP method "post" is deprecated. Use uppercase HTTP method like "POST". in SYSTEMPATH/Router/RouteCollection.php on line 1026.
 1 SYSTEMPATH/Router/RouteCollection.php(1026): trigger_error('Passing lowercase HTTP method "post" is deprecated. Use uppercase HTTP method like "POST".', 16384)
 2 APPPATH/Config/Routes.php(47): CodeIgniter\Router\RouteCollection->match([...], 'depot', 'Client\\OperationController::depot')
 3 SYSTEMPATH/Router/RouteCollection.php(799): CodeIgniter\Router\RouteCollection->{closure:/home/mihaja/Documents/GitHub/Final_S4/app/Config/Routes.php:45}(Object(CodeIgniter\Router\RouteCollection))
 4 APPPATH/Config/Routes.php(45): CodeIgniter\Router\RouteCollection->group('client', [...], Object(Closure))
 5 SYSTEMPATH/Router/RouteCollection.php(339): require('/home/mihaja/Documents/GitHub/Final_S4/app/Config/Routes.php')
 6 SYSTEMPATH/CodeIgniter.php(841): CodeIgniter\Router\RouteCollection->loadRoutes()
 7 SYSTEMPATH/CodeIgniter.php(464): CodeIgniter\CodeIgniter->tryToRouteIt(null)
 8 SYSTEMPATH/CodeIgniter.php(363): CodeIgniter\CodeIgniter->handleRequest(null, Object(Config\Cache), false)
 9 SYSTEMPATH/Boot.php(417): CodeIgniter\CodeIgniter->run()
10 SYSTEMPATH/Boot.php(68): CodeIgniter\Boot::runCodeIgniter(Object(CodeIgniter\CodeIgniter))
11 FCPATH/index.php(59): CodeIgniter\Boot::bootWeb(Object(Config\Paths))
12 SYSTEMPATH/rewrite.php(44): require_once('/home/mihaja/Documents/GitHub/Final_S4/public/index.php')
WARNING - 2026-07-21 04:26:37 --> [DEPRECATED] Passing lowercase HTTP method "get" is deprecated. Use uppercase HTTP method like "GET". in SYSTEMPATH/Router/RouteCollection.php on line 1026.
 1 SYSTEMPATH/Router/RouteCollection.php(1026): trigger_error('Passing lowercase HTTP method "get" is deprecated. Use uppercase HTTP method like "GET".', 16384)
 2 APPPATH/Config/Routes.php(48): CodeIgniter\Router\RouteCollection->match([...], 'retrait', 'Client\\OperationController::retrait')
 3 SYSTEMPATH/Router/RouteCollection.php(799): CodeIgniter\Router\RouteCollection->{closure:/home/mihaja/Documents/GitHub/Final_S4/app/Config/Routes.php:45}(Object(CodeIgniter\Router\RouteCollection))
 4 APPPATH/Config/Routes.php(45): CodeIgniter\Router\RouteCollection->group('client', [...], Object(Closure))
 5 SYSTEMPATH/Router/RouteCollection.php(339): require('/home/mihaja/Documents/GitHub/Final_S4/app/Config/Routes.php')
 6 SYSTEMPATH/CodeIgniter.php(841): CodeIgniter\Router\RouteCollection->loadRoutes()
 7 SYSTEMPATH/CodeIgniter.php(464): CodeIgniter\CodeIgniter->tryToRouteIt(null)
 8 SYSTEMPATH/CodeIgniter.php(363): CodeIgniter\CodeIgniter->handleRequest(null, Object(Config\Cache), false)
 9 SYSTEMPATH/Boot.php(417): CodeIgniter\CodeIgniter->run()
10 SYSTEMPATH/Boot.php(68): CodeIgniter\Boot::runCodeIgniter(Object(CodeIgniter\CodeIgniter))
11 FCPATH/index.php(59): CodeIgniter\Boot::bootWeb(Object(Config\Paths))
12 SYSTEMPATH/rewrite.php(44): require_once('/home/mihaja/Documents/GitHub/Final_S4/public/index.php')
WARNING - 2026-07-21 04:26:37 --> [DEPRECATED] Passing lowercase HTTP method "post" is deprecated. Use uppercase HTTP method like "POST". in SYSTEMPATH/Router/RouteCollection.php on line 1026.
 1 SYSTEMPATH/Router/RouteCollection.php(1026): trigger_error('Passing lowercase HTTP method "post" is deprecated. Use uppercase HTTP method like "POST".', 16384)
 2 APPPATH/Config/Routes.php(48): CodeIgniter\Router\RouteCollection->match([...], 'retrait', 'Client\\OperationController::retrait')
 3 SYSTEMPATH/Router/RouteCollection.php(799): CodeIgniter\Router\RouteCollection->{closure:/home/mihaja/Documents/GitHub/Final_S4/app/Config/Routes.php:45}(Object(CodeIgniter\Router\RouteCollection))
 4 APPPATH/Config/Routes.php(45): CodeIgniter\Router\RouteCollection->group('client', [...], Object(Closure))
 5 SYSTEMPATH/Router/RouteCollection.php(339): require('/home/mihaja/Documents/GitHub/Final_S4/app/Config/Routes.php')
 6 SYSTEMPATH/CodeIgniter.php(841): CodeIgniter\Router\RouteCollection->loadRoutes()
 7 SYSTEMPATH/CodeIgniter.php(464): CodeIgniter\CodeIgniter->tryToRouteIt(null)
 8 SYSTEMPATH/CodeIgniter.php(363): CodeIgniter\CodeIgniter->handleRequest(null, Object(Config\Cache), false)
 9 SYSTEMPATH/Boot.php(417): CodeIgniter\CodeIgniter->run()
10 SYSTEMPATH/Boot.php(68): CodeIgniter\Boot::runCodeIgniter(Object(CodeIgniter\CodeIgniter))
11 FCPATH/index.php(59): CodeIgniter\Boot::bootWeb(Object(Config\Paths))
12 SYSTEMPATH/rewrite.php(44): require_once('/home/mihaja/Documents/GitHub/Final_S4/public/index.php')
WARNING - 2026-07-21 04:26:37 --> [DEPRECATED] Passing lowercase HTTP method "get" is deprecated. Use uppercase HTTP method like "GET". in SYSTEMPATH/Router/RouteCollection.php on line 1026.
 1 SYSTEMPATH/Router/RouteCollection.php(1026): trigger_error('Passing lowercase HTTP method "get" is deprecated. Use uppercase HTTP method like "GET".', 16384)
 2 APPPATH/Config/Routes.php(49): CodeIgniter\Router\RouteCollection->match([...], 'transfert', 'Client\\OperationController::transfert')
 3 SYSTEMPATH/Router/RouteCollection.php(799): CodeIgniter\Router\RouteCollection->{closure:/home/mihaja/Documents/GitHub/Final_S4/app/Config/Routes.php:45}(Object(CodeIgniter\Router\RouteCollection))
 4 APPPATH/Config/Routes.php(45): CodeIgniter\Router\RouteCollection->group('client', [...], Object(Closure))
 5 SYSTEMPATH/Router/RouteCollection.php(339): require('/home/mihaja/Documents/GitHub/Final_S4/app/Config/Routes.php')
 6 SYSTEMPATH/CodeIgniter.php(841): CodeIgniter\Router\RouteCollection->loadRoutes()
 7 SYSTEMPATH/CodeIgniter.php(464): CodeIgniter\CodeIgniter->tryToRouteIt(null)
 8 SYSTEMPATH/CodeIgniter.php(363): CodeIgniter\CodeIgniter->handleRequest(null, Object(Config\Cache), false)
 9 SYSTEMPATH/Boot.php(417): CodeIgniter\CodeIgniter->run()
10 SYSTEMPATH/Boot.php(68): CodeIgniter\Boot::runCodeIgniter(Object(CodeIgniter\CodeIgniter))
11 FCPATH/index.php(59): CodeIgniter\Boot::bootWeb(Object(Config\Paths))
12 SYSTEMPATH/rewrite.php(44): require_once('/home/mihaja/Documents/GitHub/Final_S4/public/index.php')
WARNING - 2026-07-21 04:26:37 --> [DEPRECATED] Passing lowercase HTTP method "post" is deprecated. Use uppercase HTTP method like "POST". in SYSTEMPATH/Router/RouteCollection.php on line 1026.
 1 SYSTEMPATH/Router/RouteCollection.php(1026): trigger_error('Passing lowercase HTTP method "post" is deprecated. Use uppercase HTTP method like "POST".', 16384)
 2 APPPATH/Config/Routes.php(49): CodeIgniter\Router\RouteCollection->match([...], 'transfert', 'Client\\OperationController::transfert')
 3 SYSTEMPATH/Router/RouteCollection.php(799): CodeIgniter\Router\RouteCollection->{closure:/home/mihaja/Documents/GitHub/Final_S4/app/Config/Routes.php:45}(Object(CodeIgniter\Router\RouteCollection))
 4 APPPATH/Config/Routes.php(45): CodeIgniter\Router\RouteCollection->group('client', [...], Object(Closure))
 5 SYSTEMPATH/Router/RouteCollection.php(339): require('/home/mihaja/Documents/GitHub/Final_S4/app/Config/Routes.php')
 6 SYSTEMPATH/CodeIgniter.php(841): CodeIgniter\Router\RouteCollection->loadRoutes()
 7 SYSTEMPATH/CodeIgniter.php(464): CodeIgniter\CodeIgniter->tryToRouteIt(null)
 8 SYSTEMPATH/CodeIgniter.php(363): CodeIgniter\CodeIgniter->handleRequest(null, Object(Config\Cache), false)
 9 SYSTEMPATH/Boot.php(417): CodeIgniter\CodeIgniter->run()
10 SYSTEMPATH/Boot.php(68): CodeIgniter\Boot::runCodeIgniter(Object(CodeIgniter\CodeIgniter))
11 FCPATH/index.php(59): CodeIgniter\Boot::bootWeb(Object(Config\Paths))
12 SYSTEMPATH/rewrite.php(44): require_once('/home/mihaja/Documents/GitHub/Final_S4/public/index.php')
DEBUG - 2026-07-21 04:26:37 --> Session: Class initialized using 'CodeIgniter\Session\Handlers\FileHandler' driver.
WARNING - 2026-07-21 04:32:57 --> [DEPRECATED] Passing lowercase HTTP method "get" is deprecated. Use uppercase HTTP method like "GET". in SYSTEMPATH/Router/RouteCollection.php on line 1026.
 1 SYSTEMPATH/Router/RouteCollection.php(1026): trigger_error('Passing lowercase HTTP method "get" is deprecated. Use uppercase HTTP method like "GET".', 16384)
 2 APPPATH/Config/Routes.php(47): CodeIgniter\Router\RouteCollection->match([...], 'depot', 'Client\\OperationController::depot')
 3 SYSTEMPATH/Router/RouteCollection.php(799): CodeIgniter\Router\RouteCollection->{closure:/home/mihaja/Documents/GitHub/Final_S4/app/Config/Routes.php:45}(Object(CodeIgniter\Router\RouteCollection))
 4 APPPATH/Config/Routes.php(45): CodeIgniter\Router\RouteCollection->group('client', [...], Object(Closure))
 5 SYSTEMPATH/Router/RouteCollection.php(339): require('/home/mihaja/Documents/GitHub/Final_S4/app/Config/Routes.php')
 6 SYSTEMPATH/CLI/Console.php(41): CodeIgniter\Router\RouteCollection->loadRoutes()
 7 SYSTEMPATH/Boot.php(444): CodeIgniter\CLI\Console->run()
 8 SYSTEMPATH/Boot.php(166): CodeIgniter\Boot::runCommand(Object(CodeIgniter\CLI\Console))
 9 ROOTPATH/spark(87): CodeIgniter\Boot::bootSpark(Object(Config\Paths))
WARNING - 2026-07-21 04:32:57 --> [DEPRECATED] Passing lowercase HTTP method "post" is deprecated. Use uppercase HTTP method like "POST". in SYSTEMPATH/Router/RouteCollection.php on line 1026.
 1 SYSTEMPATH/Router/RouteCollection.php(1026): trigger_error('Passing lowercase HTTP method "post" is deprecated. Use uppercase HTTP method like "POST".', 16384)
 2 APPPATH/Config/Routes.php(47): CodeIgniter\Router\RouteCollection->match([...], 'depot', 'Client\\OperationController::depot')
 3 SYSTEMPATH/Router/RouteCollection.php(799): CodeIgniter\Router\RouteCollection->{closure:/home/mihaja/Documents/GitHub/Final_S4/app/Config/Routes.php:45}(Object(CodeIgniter\Router\RouteCollection))
 4 APPPATH/Config/Routes.php(45): CodeIgniter\Router\RouteCollection->group('client', [...], Object(Closure))
 5 SYSTEMPATH/Router/RouteCollection.php(339): require('/home/mihaja/Documents/GitHub/Final_S4/app/Config/Routes.php')
 6 SYSTEMPATH/CLI/Console.php(41): CodeIgniter\Router\RouteCollection->loadRoutes()
 7 SYSTEMPATH/Boot.php(444): CodeIgniter\CLI\Console->run()
 8 SYSTEMPATH/Boot.php(166): CodeIgniter\Boot::runCommand(Object(CodeIgniter\CLI\Console))
 9 ROOTPATH/spark(87): CodeIgniter\Boot::bootSpark(Object(Config\Paths))
WARNING - 2026-07-21 04:32:57 --> [DEPRECATED] Passing lowercase HTTP method "get" is deprecated. Use uppercase HTTP method like "GET". in SYSTEMPATH/Router/RouteCollection.php on line 1026.
 1 SYSTEMPATH/Router/RouteCollection.php(1026): trigger_error('Passing lowercase HTTP method "get" is deprecated. Use uppercase HTTP method like "GET".', 16384)
 2 APPPATH/Config/Routes.php(48): CodeIgniter\Router\RouteCollection->match([...], 'retrait', 'Client\\OperationController::retrait')
 3 SYSTEMPATH/Router/RouteCollection.php(799): CodeIgniter\Router\RouteCollection->{closure:/home/mihaja/Documents/GitHub/Final_S4/app/Config/Routes.php:45}(Object(CodeIgniter\Router\RouteCollection))
 4 APPPATH/Config/Routes.php(45): CodeIgniter\Router\RouteCollection->group('client', [...], Object(Closure))
 5 SYSTEMPATH/Router/RouteCollection.php(339): require('/home/mihaja/Documents/GitHub/Final_S4/app/Config/Routes.php')
 6 SYSTEMPATH/CLI/Console.php(41): CodeIgniter\Router\RouteCollection->loadRoutes()
 7 SYSTEMPATH/Boot.php(444): CodeIgniter\CLI\Console->run()
 8 SYSTEMPATH/Boot.php(166): CodeIgniter\Boot::runCommand(Object(CodeIgniter\CLI\Console))
 9 ROOTPATH/spark(87): CodeIgniter\Boot::bootSpark(Object(Config\Paths))
WARNING - 2026-07-21 04:32:57 --> [DEPRECATED] Passing lowercase HTTP method "post" is deprecated. Use uppercase HTTP method like "POST". in SYSTEMPATH/Router/RouteCollection.php on line 1026.
 1 SYSTEMPATH/Router/RouteCollection.php(1026): trigger_error('Passing lowercase HTTP method "post" is deprecated. Use uppercase HTTP method like "POST".', 16384)
 2 APPPATH/Config/Routes.php(48): CodeIgniter\Router\RouteCollection->match([...], 'retrait', 'Client\\OperationController::retrait')
 3 SYSTEMPATH/Router/RouteCollection.php(799): CodeIgniter\Router\RouteCollection->{closure:/home/mihaja/Documents/GitHub/Final_S4/app/Config/Routes.php:45}(Object(CodeIgniter\Router\RouteCollection))
 4 APPPATH/Config/Routes.php(45): CodeIgniter\Router\RouteCollection->group('client', [...], Object(Closure))
 5 SYSTEMPATH/Router/RouteCollection.php(339): require('/home/mihaja/Documents/GitHub/Final_S4/app/Config/Routes.php')
 6 SYSTEMPATH/CLI/Console.php(41): CodeIgniter\Router\RouteCollection->loadRoutes()
 7 SYSTEMPATH/Boot.php(444): CodeIgniter\CLI\Console->run()
 8 SYSTEMPATH/Boot.php(166): CodeIgniter\Boot::runCommand(Object(CodeIgniter\CLI\Console))
 9 ROOTPATH/spark(87): CodeIgniter\Boot::bootSpark(Object(Config\Paths))
WARNING - 2026-07-21 04:32:57 --> [DEPRECATED] Passing lowercase HTTP method "get" is deprecated. Use uppercase HTTP method like "GET". in SYSTEMPATH/Router/RouteCollection.php on line 1026.
 1 SYSTEMPATH/Router/RouteCollection.php(1026): trigger_error('Passing lowercase HTTP method "get" is deprecated. Use uppercase HTTP method like "GET".', 16384)
 2 APPPATH/Config/Routes.php(49): CodeIgniter\Router\RouteCollection->match([...], 'transfert', 'Client\\OperationController::transfert')
 3 SYSTEMPATH/Router/RouteCollection.php(799): CodeIgniter\Router\RouteCollection->{closure:/home/mihaja/Documents/GitHub/Final_S4/app/Config/Routes.php:45}(Object(CodeIgniter\Router\RouteCollection))
 4 APPPATH/Config/Routes.php(45): CodeIgniter\Router\RouteCollection->group('client', [...], Object(Closure))
 5 SYSTEMPATH/Router/RouteCollection.php(339): require('/home/mihaja/Documents/GitHub/Final_S4/app/Config/Routes.php')
 6 SYSTEMPATH/CLI/Console.php(41): CodeIgniter\Router\RouteCollection->loadRoutes()
 7 SYSTEMPATH/Boot.php(444): CodeIgniter\CLI\Console->run()
 8 SYSTEMPATH/Boot.php(166): CodeIgniter\Boot::runCommand(Object(CodeIgniter\CLI\Console))
 9 ROOTPATH/spark(87): CodeIgniter\Boot::bootSpark(Object(Config\Paths))
WARNING - 2026-07-21 04:32:57 --> [DEPRECATED] Passing lowercase HTTP method "post" is deprecated. Use uppercase HTTP method like "POST". in SYSTEMPATH/Router/RouteCollection.php on line 1026.
 1 SYSTEMPATH/Router/RouteCollection.php(1026): trigger_error('Passing lowercase HTTP method "post" is deprecated. Use uppercase HTTP method like "POST".', 16384)
 2 APPPATH/Config/Routes.php(49): CodeIgniter\Router\RouteCollection->match([...], 'transfert', 'Client\\OperationController::transfert')
 3 SYSTEMPATH/Router/RouteCollection.php(799): CodeIgniter\Router\RouteCollection->{closure:/home/mihaja/Documents/GitHub/Final_S4/app/Config/Routes.php:45}(Object(CodeIgniter\Router\RouteCollection))
 4 APPPATH/Config/Routes.php(45): CodeIgniter\Router\RouteCollection->group('client', [...], Object(Closure))
 5 SYSTEMPATH/Router/RouteCollection.php(339): require('/home/mihaja/Documents/GitHub/Final_S4/app/Config/Routes.php')
 6 SYSTEMPATH/CLI/Console.php(41): CodeIgniter\Router\RouteCollection->loadRoutes()
 7 SYSTEMPATH/Boot.php(444): CodeIgniter\CLI\Console->run()
 8 SYSTEMPATH/Boot.php(166): CodeIgniter\Boot::runCommand(Object(CodeIgniter\CLI\Console))
 9 ROOTPATH/spark(87): CodeIgniter\Boot::bootSpark(Object(Config\Paths))
WARNING - 2026-07-21 04:35:13 --> [DEPRECATED] Passing lowercase HTTP method "get" is deprecated. Use uppercase HTTP method like "GET". in SYSTEMPATH/Router/RouteCollection.php on line 1026.
 1 SYSTEMPATH/Router/RouteCollection.php(1026): trigger_error('Passing lowercase HTTP method "get" is deprecated. Use uppercase HTTP method like "GET".', 16384)
 2 APPPATH/Config/Routes.php(47): CodeIgniter\Router\RouteCollection->match([...], 'depot', 'Client\\OperationController::depot')
 3 SYSTEMPATH/Router/RouteCollection.php(799): CodeIgniter\Router\RouteCollection->{closure:/home/mihaja/Documents/GitHub/Final_S4/app/Config/Routes.php:45}(Object(CodeIgniter\Router\RouteCollection))
 4 APPPATH/Config/Routes.php(45): CodeIgniter\Router\RouteCollection->group('client', [...], Object(Closure))
 5 SYSTEMPATH/Router/RouteCollection.php(339): require('/home/mihaja/Documents/GitHub/Final_S4/app/Config/Routes.php')
 6 SYSTEMPATH/CLI/Console.php(41): CodeIgniter\Router\RouteCollection->loadRoutes()
 7 SYSTEMPATH/Boot.php(444): CodeIgniter\CLI\Console->run()
 8 SYSTEMPATH/Boot.php(166): CodeIgniter\Boot::runCommand(Object(CodeIgniter\CLI\Console))
 9 ROOTPATH/spark(87): CodeIgniter\Boot::bootSpark(Object(Config\Paths))
WARNING - 2026-07-21 04:35:13 --> [DEPRECATED] Passing lowercase HTTP method "post" is deprecated. Use uppercase HTTP method like "POST". in SYSTEMPATH/Router/RouteCollection.php on line 1026.
 1 SYSTEMPATH/Router/RouteCollection.php(1026): trigger_error('Passing lowercase HTTP method "post" is deprecated. Use uppercase HTTP method like "POST".', 16384)
 2 APPPATH/Config/Routes.php(47): CodeIgniter\Router\RouteCollection->match([...], 'depot', 'Client\\OperationController::depot')
 3 SYSTEMPATH/Router/RouteCollection.php(799): CodeIgniter\Router\RouteCollection->{closure:/home/mihaja/Documents/GitHub/Final_S4/app/Config/Routes.php:45}(Object(CodeIgniter\Router\RouteCollection))
 4 APPPATH/Config/Routes.php(45): CodeIgniter\Router\RouteCollection->group('client', [...], Object(Closure))
 5 SYSTEMPATH/Router/RouteCollection.php(339): require('/home/mihaja/Documents/GitHub/Final_S4/app/Config/Routes.php')
 6 SYSTEMPATH/CLI/Console.php(41): CodeIgniter\Router\RouteCollection->loadRoutes()
 7 SYSTEMPATH/Boot.php(444): CodeIgniter\CLI\Console->run()
 8 SYSTEMPATH/Boot.php(166): CodeIgniter\Boot::runCommand(Object(CodeIgniter\CLI\Console))
 9 ROOTPATH/spark(87): CodeIgniter\Boot::bootSpark(Object(Config\Paths))
WARNING - 2026-07-21 04:35:13 --> [DEPRECATED] Passing lowercase HTTP method "get" is deprecated. Use uppercase HTTP method like "GET". in SYSTEMPATH/Router/RouteCollection.php on line 1026.
 1 SYSTEMPATH/Router/RouteCollection.php(1026): trigger_error('Passing lowercase HTTP method "get" is deprecated. Use uppercase HTTP method like "GET".', 16384)
 2 APPPATH/Config/Routes.php(48): CodeIgniter\Router\RouteCollection->match([...], 'retrait', 'Client\\OperationController::retrait')
 3 SYSTEMPATH/Router/RouteCollection.php(799): CodeIgniter\Router\RouteCollection->{closure:/home/mihaja/Documents/GitHub/Final_S4/app/Config/Routes.php:45}(Object(CodeIgniter\Router\RouteCollection))
 4 APPPATH/Config/Routes.php(45): CodeIgniter\Router\RouteCollection->group('client', [...], Object(Closure))
 5 SYSTEMPATH/Router/RouteCollection.php(339): require('/home/mihaja/Documents/GitHub/Final_S4/app/Config/Routes.php')
 6 SYSTEMPATH/CLI/Console.php(41): CodeIgniter\Router\RouteCollection->loadRoutes()
 7 SYSTEMPATH/Boot.php(444): CodeIgniter\CLI\Console->run()
 8 SYSTEMPATH/Boot.php(166): CodeIgniter\Boot::runCommand(Object(CodeIgniter\CLI\Console))
 9 ROOTPATH/spark(87): CodeIgniter\Boot::bootSpark(Object(Config\Paths))
WARNING - 2026-07-21 04:35:13 --> [DEPRECATED] Passing lowercase HTTP method "post" is deprecated. Use uppercase HTTP method like "POST". in SYSTEMPATH/Router/RouteCollection.php on line 1026.
 1 SYSTEMPATH/Router/RouteCollection.php(1026): trigger_error('Passing lowercase HTTP method "post" is deprecated. Use uppercase HTTP method like "POST".', 16384)
 2 APPPATH/Config/Routes.php(48): CodeIgniter\Router\RouteCollection->match([...], 'retrait', 'Client\\OperationController::retrait')
 3 SYSTEMPATH/Router/RouteCollection.php(799): CodeIgniter\Router\RouteCollection->{closure:/home/mihaja/Documents/GitHub/Final_S4/app/Config/Routes.php:45}(Object(CodeIgniter\Router\RouteCollection))
 4 APPPATH/Config/Routes.php(45): CodeIgniter\Router\RouteCollection->group('client', [...], Object(Closure))
 5 SYSTEMPATH/Router/RouteCollection.php(339): require('/home/mihaja/Documents/GitHub/Final_S4/app/Config/Routes.php')
 6 SYSTEMPATH/CLI/Console.php(41): CodeIgniter\Router\RouteCollection->loadRoutes()
 7 SYSTEMPATH/Boot.php(444): CodeIgniter\CLI\Console->run()
 8 SYSTEMPATH/Boot.php(166): CodeIgniter\Boot::runCommand(Object(CodeIgniter\CLI\Console))
 9 ROOTPATH/spark(87): CodeIgniter\Boot::bootSpark(Object(Config\Paths))
WARNING - 2026-07-21 04:35:13 --> [DEPRECATED] Passing lowercase HTTP method "get" is deprecated. Use uppercase HTTP method like "GET". in SYSTEMPATH/Router/RouteCollection.php on line 1026.
 1 SYSTEMPATH/Router/RouteCollection.php(1026): trigger_error('Passing lowercase HTTP method "get" is deprecated. Use uppercase HTTP method like "GET".', 16384)
 2 APPPATH/Config/Routes.php(49): CodeIgniter\Router\RouteCollection->match([...], 'transfert', 'Client\\OperationController::transfert')
 3 SYSTEMPATH/Router/RouteCollection.php(799): CodeIgniter\Router\RouteCollection->{closure:/home/mihaja/Documents/GitHub/Final_S4/app/Config/Routes.php:45}(Object(CodeIgniter\Router\RouteCollection))
 4 APPPATH/Config/Routes.php(45): CodeIgniter\Router\RouteCollection->group('client', [...], Object(Closure))
 5 SYSTEMPATH/Router/RouteCollection.php(339): require('/home/mihaja/Documents/GitHub/Final_S4/app/Config/Routes.php')
 6 SYSTEMPATH/CLI/Console.php(41): CodeIgniter\Router\RouteCollection->loadRoutes()
 7 SYSTEMPATH/Boot.php(444): CodeIgniter\CLI\Console->run()
 8 SYSTEMPATH/Boot.php(166): CodeIgniter\Boot::runCommand(Object(CodeIgniter\CLI\Console))
 9 ROOTPATH/spark(87): CodeIgniter\Boot::bootSpark(Object(Config\Paths))
WARNING - 2026-07-21 04:35:13 --> [DEPRECATED] Passing lowercase HTTP method "post" is deprecated. Use uppercase HTTP method like "POST". in SYSTEMPATH/Router/RouteCollection.php on line 1026.
 1 SYSTEMPATH/Router/RouteCollection.php(1026): trigger_error('Passing lowercase HTTP method "post" is deprecated. Use uppercase HTTP method like "POST".', 16384)
 2 APPPATH/Config/Routes.php(49): CodeIgniter\Router\RouteCollection->match([...], 'transfert', 'Client\\OperationController::transfert')
 3 SYSTEMPATH/Router/RouteCollection.php(799): CodeIgniter\Router\RouteCollection->{closure:/home/mihaja/Documents/GitHub/Final_S4/app/Config/Routes.php:45}(Object(CodeIgniter\Router\RouteCollection))
 4 APPPATH/Config/Routes.php(45): CodeIgniter\Router\RouteCollection->group('client', [...], Object(Closure))
 5 SYSTEMPATH/Router/RouteCollection.php(339): require('/home/mihaja/Documents/GitHub/Final_S4/app/Config/Routes.php')
 6 SYSTEMPATH/CLI/Console.php(41): CodeIgniter\Router\RouteCollection->loadRoutes()
 7 SYSTEMPATH/Boot.php(444): CodeIgniter\CLI\Console->run()
 8 SYSTEMPATH/Boot.php(166): CodeIgniter\Boot::runCommand(Object(CodeIgniter\CLI\Console))
 9 ROOTPATH/spark(87): CodeIgniter\Boot::bootSpark(Object(Config\Paths))
WARNING - 2026-07-21 04:35:46 --> [DEPRECATED] Passing lowercase HTTP method "get" is deprecated. Use uppercase HTTP method like "GET". in SYSTEMPATH/Router/RouteCollection.php on line 1026.
 1 SYSTEMPATH/Router/RouteCollection.php(1026): trigger_error('Passing lowercase HTTP method "get" is deprecated. Use uppercase HTTP method like "GET".', 16384)
 2 APPPATH/Config/Routes.php(47): CodeIgniter\Router\RouteCollection->match([...], 'depot', 'Client\\OperationController::depot')
 3 SYSTEMPATH/Router/RouteCollection.php(799): CodeIgniter\Router\RouteCollection->{closure:/home/mihaja/Documents/GitHub/Final_S4/app/Config/Routes.php:45}(Object(CodeIgniter\Router\RouteCollection))
 4 APPPATH/Config/Routes.php(45): CodeIgniter\Router\RouteCollection->group('client', [...], Object(Closure))
 5 SYSTEMPATH/Router/RouteCollection.php(339): require('/home/mihaja/Documents/GitHub/Final_S4/app/Config/Routes.php')
 6 SYSTEMPATH/CLI/Console.php(41): CodeIgniter\Router\RouteCollection->loadRoutes()
 7 SYSTEMPATH/Boot.php(444): CodeIgniter\CLI\Console->run()
 8 SYSTEMPATH/Boot.php(166): CodeIgniter\Boot::runCommand(Object(CodeIgniter\CLI\Console))
 9 ROOTPATH/spark(87): CodeIgniter\Boot::bootSpark(Object(Config\Paths))
WARNING - 2026-07-21 04:35:46 --> [DEPRECATED] Passing lowercase HTTP method "post" is deprecated. Use uppercase HTTP method like "POST". in SYSTEMPATH/Router/RouteCollection.php on line 1026.
 1 SYSTEMPATH/Router/RouteCollection.php(1026): trigger_error('Passing lowercase HTTP method "post" is deprecated. Use uppercase HTTP method like "POST".', 16384)
 2 APPPATH/Config/Routes.php(47): CodeIgniter\Router\RouteCollection->match([...], 'depot', 'Client\\OperationController::depot')
 3 SYSTEMPATH/Router/RouteCollection.php(799): CodeIgniter\Router\RouteCollection->{closure:/home/mihaja/Documents/GitHub/Final_S4/app/Config/Routes.php:45}(Object(CodeIgniter\Router\RouteCollection))
 4 APPPATH/Config/Routes.php(45): CodeIgniter\Router\RouteCollection->group('client', [...], Object(Closure))
 5 SYSTEMPATH/Router/RouteCollection.php(339): require('/home/mihaja/Documents/GitHub/Final_S4/app/Config/Routes.php')
 6 SYSTEMPATH/CLI/Console.php(41): CodeIgniter\Router\RouteCollection->loadRoutes()
 7 SYSTEMPATH/Boot.php(444): CodeIgniter\CLI\Console->run()
 8 SYSTEMPATH/Boot.php(166): CodeIgniter\Boot::runCommand(Object(CodeIgniter\CLI\Console))
 9 ROOTPATH/spark(87): CodeIgniter\Boot::bootSpark(Object(Config\Paths))
WARNING - 2026-07-21 04:35:46 --> [DEPRECATED] Passing lowercase HTTP method "get" is deprecated. Use uppercase HTTP method like "GET". in SYSTEMPATH/Router/RouteCollection.php on line 1026.
 1 SYSTEMPATH/Router/RouteCollection.php(1026): trigger_error('Passing lowercase HTTP method "get" is deprecated. Use uppercase HTTP method like "GET".', 16384)
 2 APPPATH/Config/Routes.php(48): CodeIgniter\Router\RouteCollection->match([...], 'retrait', 'Client\\OperationController::retrait')
 3 SYSTEMPATH/Router/RouteCollection.php(799): CodeIgniter\Router\RouteCollection->{closure:/home/mihaja/Documents/GitHub/Final_S4/app/Config/Routes.php:45}(Object(CodeIgniter\Router\RouteCollection))
 4 APPPATH/Config/Routes.php(45): CodeIgniter\Router\RouteCollection->group('client', [...], Object(Closure))
 5 SYSTEMPATH/Router/RouteCollection.php(339): require('/home/mihaja/Documents/GitHub/Final_S4/app/Config/Routes.php')
 6 SYSTEMPATH/CLI/Console.php(41): CodeIgniter\Router\RouteCollection->loadRoutes()
 7 SYSTEMPATH/Boot.php(444): CodeIgniter\CLI\Console->run()
 8 SYSTEMPATH/Boot.php(166): CodeIgniter\Boot::runCommand(Object(CodeIgniter\CLI\Console))
 9 ROOTPATH/spark(87): CodeIgniter\Boot::bootSpark(Object(Config\Paths))
WARNING - 2026-07-21 04:35:46 --> [DEPRECATED] Passing lowercase HTTP method "post" is deprecated. Use uppercase HTTP method like "POST". in SYSTEMPATH/Router/RouteCollection.php on line 1026.
 1 SYSTEMPATH/Router/RouteCollection.php(1026): trigger_error('Passing lowercase HTTP method "post" is deprecated. Use uppercase HTTP method like "POST".', 16384)
 2 APPPATH/Config/Routes.php(48): CodeIgniter\Router\RouteCollection->match([...], 'retrait', 'Client\\OperationController::retrait')
 3 SYSTEMPATH/Router/RouteCollection.php(799): CodeIgniter\Router\RouteCollection->{closure:/home/mihaja/Documents/GitHub/Final_S4/app/Config/Routes.php:45}(Object(CodeIgniter\Router\RouteCollection))
 4 APPPATH/Config/Routes.php(45): CodeIgniter\Router\RouteCollection->group('client', [...], Object(Closure))
 5 SYSTEMPATH/Router/RouteCollection.php(339): require('/home/mihaja/Documents/GitHub/Final_S4/app/Config/Routes.php')
 6 SYSTEMPATH/CLI/Console.php(41): CodeIgniter\Router\RouteCollection->loadRoutes()
 7 SYSTEMPATH/Boot.php(444): CodeIgniter\CLI\Console->run()
 8 SYSTEMPATH/Boot.php(166): CodeIgniter\Boot::runCommand(Object(CodeIgniter\CLI\Console))
 9 ROOTPATH/spark(87): CodeIgniter\Boot::bootSpark(Object(Config\Paths))
WARNING - 2026-07-21 04:35:46 --> [DEPRECATED] Passing lowercase HTTP method "get" is deprecated. Use uppercase HTTP method like "GET". in SYSTEMPATH/Router/RouteCollection.php on line 1026.
 1 SYSTEMPATH/Router/RouteCollection.php(1026): trigger_error('Passing lowercase HTTP method "get" is deprecated. Use uppercase HTTP method like "GET".', 16384)
 2 APPPATH/Config/Routes.php(49): CodeIgniter\Router\RouteCollection->match([...], 'transfert', 'Client\\OperationController::transfert')
 3 SYSTEMPATH/Router/RouteCollection.php(799): CodeIgniter\Router\RouteCollection->{closure:/home/mihaja/Documents/GitHub/Final_S4/app/Config/Routes.php:45}(Object(CodeIgniter\Router\RouteCollection))
 4 APPPATH/Config/Routes.php(45): CodeIgniter\Router\RouteCollection->group('client', [...], Object(Closure))
 5 SYSTEMPATH/Router/RouteCollection.php(339): require('/home/mihaja/Documents/GitHub/Final_S4/app/Config/Routes.php')
 6 SYSTEMPATH/CLI/Console.php(41): CodeIgniter\Router\RouteCollection->loadRoutes()
 7 SYSTEMPATH/Boot.php(444): CodeIgniter\CLI\Console->run()
 8 SYSTEMPATH/Boot.php(166): CodeIgniter\Boot::runCommand(Object(CodeIgniter\CLI\Console))
 9 ROOTPATH/spark(87): CodeIgniter\Boot::bootSpark(Object(Config\Paths))
WARNING - 2026-07-21 04:35:46 --> [DEPRECATED] Passing lowercase HTTP method "post" is deprecated. Use uppercase HTTP method like "POST". in SYSTEMPATH/Router/RouteCollection.php on line 1026.
 1 SYSTEMPATH/Router/RouteCollection.php(1026): trigger_error('Passing lowercase HTTP method "post" is deprecated. Use uppercase HTTP method like "POST".', 16384)
 2 APPPATH/Config/Routes.php(49): CodeIgniter\Router\RouteCollection->match([...], 'transfert', 'Client\\OperationController::transfert')
 3 SYSTEMPATH/Router/RouteCollection.php(799): CodeIgniter\Router\RouteCollection->{closure:/home/mihaja/Documents/GitHub/Final_S4/app/Config/Routes.php:45}(Object(CodeIgniter\Router\RouteCollection))
 4 APPPATH/Config/Routes.php(45): CodeIgniter\Router\RouteCollection->group('client', [...], Object(Closure))
 5 SYSTEMPATH/Router/RouteCollection.php(339): require('/home/mihaja/Documents/GitHub/Final_S4/app/Config/Routes.php')
 6 SYSTEMPATH/CLI/Console.php(41): CodeIgniter\Router\RouteCollection->loadRoutes()
 7 SYSTEMPATH/Boot.php(444): CodeIgniter\CLI\Console->run()
 8 SYSTEMPATH/Boot.php(166): CodeIgniter\Boot::runCommand(Object(CodeIgniter\CLI\Console))
 9 ROOTPATH/spark(87): CodeIgniter\Boot::bootSpark(Object(Config\Paths))
ERROR - 2026-07-21 04:35:46 --> Table 'transactions' already exists
in SYSTEMPATH/Database/MySQLi/Connection.php on line 300.
 1 SYSTEMPATH/Database/MySQLi/Connection.php(300): mysqli->query()
 2 SYSTEMPATH/Database/BaseConnection.php(908): CodeIgniter\Database\MySQLi\Connection->execute()
 3 SYSTEMPATH/Database/BaseConnection.php(825): CodeIgniter\Database\BaseConnection->simpleQuery()
 4 SYSTEMPATH/Database/Forge.php(570): CodeIgniter\Database\BaseConnection->query()
 5 APPPATH/Database/Migrations/2026-07-21-043258_CreateTransactionsTable.php(54): CodeIgniter\Database\Forge->createTable()
 6 SYSTEMPATH/Database/MigrationRunner.php(1014): App\Database\Migrations\CreateTransactionsTable->up()
 7 SYSTEMPATH/Database/MigrationRunner.php(202): CodeIgniter\Database\MigrationRunner->migrate()
 8 SYSTEMPATH/Commands/Database/Migrate.php(89): CodeIgniter\Database\MigrationRunner->latest()
 9 SYSTEMPATH/CLI/SignalTrait.php(245): CodeIgniter\Commands\Database\Migrate::{closure:CodeIgniter\Commands\Database\Migrate::run():88}()
10 SYSTEMPATH/Commands/Database/Migrate.php(88): CodeIgniter\Commands\Database\Migrate->withSignalsBlocked()
11 SYSTEMPATH/CLI/Commands.php(72): CodeIgniter\Commands\Database\Migrate->run()
12 SYSTEMPATH/CLI/Console.php(47): CodeIgniter\CLI\Commands->run()
13 SYSTEMPATH/Boot.php(444): CodeIgniter\CLI\Console->run()
14 SYSTEMPATH/Boot.php(166): CodeIgniter\Boot::runCommand()
15 ROOTPATH/spark(87): CodeIgniter\Boot::bootSpark()
WARNING - 2026-07-21 04:36:14 --> [DEPRECATED] Passing lowercase HTTP method "get" is deprecated. Use uppercase HTTP method like "GET". in SYSTEMPATH/Router/RouteCollection.php on line 1026.
 1 SYSTEMPATH/Router/RouteCollection.php(1026): trigger_error('Passing lowercase HTTP method "get" is deprecated. Use uppercase HTTP method like "GET".', 16384)
 2 APPPATH/Config/Routes.php(47): CodeIgniter\Router\RouteCollection->match([...], 'depot', 'Client\\OperationController::depot')
 3 SYSTEMPATH/Router/RouteCollection.php(799): CodeIgniter\Router\RouteCollection->{closure:/home/mihaja/Documents/GitHub/Final_S4/app/Config/Routes.php:45}(Object(CodeIgniter\Router\RouteCollection))
 4 APPPATH/Config/Routes.php(45): CodeIgniter\Router\RouteCollection->group('client', [...], Object(Closure))
 5 SYSTEMPATH/Router/RouteCollection.php(339): require('/home/mihaja/Documents/GitHub/Final_S4/app/Config/Routes.php')
 6 SYSTEMPATH/CLI/Console.php(41): CodeIgniter\Router\RouteCollection->loadRoutes()
 7 SYSTEMPATH/Boot.php(444): CodeIgniter\CLI\Console->run()
 8 SYSTEMPATH/Boot.php(166): CodeIgniter\Boot::runCommand(Object(CodeIgniter\CLI\Console))
 9 ROOTPATH/spark(87): CodeIgniter\Boot::bootSpark(Object(Config\Paths))
WARNING - 2026-07-21 04:36:14 --> [DEPRECATED] Passing lowercase HTTP method "post" is deprecated. Use uppercase HTTP method like "POST". in SYSTEMPATH/Router/RouteCollection.php on line 1026.
 1 SYSTEMPATH/Router/RouteCollection.php(1026): trigger_error('Passing lowercase HTTP method "post" is deprecated. Use uppercase HTTP method like "POST".', 16384)
 2 APPPATH/Config/Routes.php(47): CodeIgniter\Router\RouteCollection->match([...], 'depot', 'Client\\OperationController::depot')
 3 SYSTEMPATH/Router/RouteCollection.php(799): CodeIgniter\Router\RouteCollection->{closure:/home/mihaja/Documents/GitHub/Final_S4/app/Config/Routes.php:45}(Object(CodeIgniter\Router\RouteCollection))
 4 APPPATH/Config/Routes.php(45): CodeIgniter\Router\RouteCollection->group('client', [...], Object(Closure))
 5 SYSTEMPATH/Router/RouteCollection.php(339): require('/home/mihaja/Documents/GitHub/Final_S4/app/Config/Routes.php')
 6 SYSTEMPATH/CLI/Console.php(41): CodeIgniter\Router\RouteCollection->loadRoutes()
 7 SYSTEMPATH/Boot.php(444): CodeIgniter\CLI\Console->run()
 8 SYSTEMPATH/Boot.php(166): CodeIgniter\Boot::runCommand(Object(CodeIgniter\CLI\Console))
 9 ROOTPATH/spark(87): CodeIgniter\Boot::bootSpark(Object(Config\Paths))
WARNING - 2026-07-21 04:36:14 --> [DEPRECATED] Passing lowercase HTTP method "get" is deprecated. Use uppercase HTTP method like "GET". in SYSTEMPATH/Router/RouteCollection.php on line 1026.
 1 SYSTEMPATH/Router/RouteCollection.php(1026): trigger_error('Passing lowercase HTTP method "get" is deprecated. Use uppercase HTTP method like "GET".', 16384)
 2 APPPATH/Config/Routes.php(48): CodeIgniter\Router\RouteCollection->match([...], 'retrait', 'Client\\OperationController::retrait')
 3 SYSTEMPATH/Router/RouteCollection.php(799): CodeIgniter\Router\RouteCollection->{closure:/home/mihaja/Documents/GitHub/Final_S4/app/Config/Routes.php:45}(Object(CodeIgniter\Router\RouteCollection))
 4 APPPATH/Config/Routes.php(45): CodeIgniter\Router\RouteCollection->group('client', [...], Object(Closure))
 5 SYSTEMPATH/Router/RouteCollection.php(339): require('/home/mihaja/Documents/GitHub/Final_S4/app/Config/Routes.php')
 6 SYSTEMPATH/CLI/Console.php(41): CodeIgniter\Router\RouteCollection->loadRoutes()
 7 SYSTEMPATH/Boot.php(444): CodeIgniter\CLI\Console->run()
 8 SYSTEMPATH/Boot.php(166): CodeIgniter\Boot::runCommand(Object(CodeIgniter\CLI\Console))
 9 ROOTPATH/spark(87): CodeIgniter\Boot::bootSpark(Object(Config\Paths))
WARNING - 2026-07-21 04:36:14 --> [DEPRECATED] Passing lowercase HTTP method "post" is deprecated. Use uppercase HTTP method like "POST". in SYSTEMPATH/Router/RouteCollection.php on line 1026.
 1 SYSTEMPATH/Router/RouteCollection.php(1026): trigger_error('Passing lowercase HTTP method "post" is deprecated. Use uppercase HTTP method like "POST".', 16384)
 2 APPPATH/Config/Routes.php(48): CodeIgniter\Router\RouteCollection->match([...], 'retrait', 'Client\\OperationController::retrait')
 3 SYSTEMPATH/Router/RouteCollection.php(799): CodeIgniter\Router\RouteCollection->{closure:/home/mihaja/Documents/GitHub/Final_S4/app/Config/Routes.php:45}(Object(CodeIgniter\Router\RouteCollection))
 4 APPPATH/Config/Routes.php(45): CodeIgniter\Router\RouteCollection->group('client', [...], Object(Closure))
 5 SYSTEMPATH/Router/RouteCollection.php(339): require('/home/mihaja/Documents/GitHub/Final_S4/app/Config/Routes.php')
 6 SYSTEMPATH/CLI/Console.php(41): CodeIgniter\Router\RouteCollection->loadRoutes()
 7 SYSTEMPATH/Boot.php(444): CodeIgniter\CLI\Console->run()
 8 SYSTEMPATH/Boot.php(166): CodeIgniter\Boot::runCommand(Object(CodeIgniter\CLI\Console))
 9 ROOTPATH/spark(87): CodeIgniter\Boot::bootSpark(Object(Config\Paths))
WARNING - 2026-07-21 04:36:14 --> [DEPRECATED] Passing lowercase HTTP method "get" is deprecated. Use uppercase HTTP method like "GET". in SYSTEMPATH/Router/RouteCollection.php on line 1026.
 1 SYSTEMPATH/Router/RouteCollection.php(1026): trigger_error('Passing lowercase HTTP method "get" is deprecated. Use uppercase HTTP method like "GET".', 16384)
 2 APPPATH/Config/Routes.php(49): CodeIgniter\Router\RouteCollection->match([...], 'transfert', 'Client\\OperationController::transfert')
 3 SYSTEMPATH/Router/RouteCollection.php(799): CodeIgniter\Router\RouteCollection->{closure:/home/mihaja/Documents/GitHub/Final_S4/app/Config/Routes.php:45}(Object(CodeIgniter\Router\RouteCollection))
 4 APPPATH/Config/Routes.php(45): CodeIgniter\Router\RouteCollection->group('client', [...], Object(Closure))
 5 SYSTEMPATH/Router/RouteCollection.php(339): require('/home/mihaja/Documents/GitHub/Final_S4/app/Config/Routes.php')
 6 SYSTEMPATH/CLI/Console.php(41): CodeIgniter\Router\RouteCollection->loadRoutes()
 7 SYSTEMPATH/Boot.php(444): CodeIgniter\CLI\Console->run()
 8 SYSTEMPATH/Boot.php(166): CodeIgniter\Boot::runCommand(Object(CodeIgniter\CLI\Console))
 9 ROOTPATH/spark(87): CodeIgniter\Boot::bootSpark(Object(Config\Paths))
WARNING - 2026-07-21 04:36:14 --> [DEPRECATED] Passing lowercase HTTP method "post" is deprecated. Use uppercase HTTP method like "POST". in SYSTEMPATH/Router/RouteCollection.php on line 1026.
 1 SYSTEMPATH/Router/RouteCollection.php(1026): trigger_error('Passing lowercase HTTP method "post" is deprecated. Use uppercase HTTP method like "POST".', 16384)
 2 APPPATH/Config/Routes.php(49): CodeIgniter\Router\RouteCollection->match([...], 'transfert', 'Client\\OperationController::transfert')
 3 SYSTEMPATH/Router/RouteCollection.php(799): CodeIgniter\Router\RouteCollection->{closure:/home/mihaja/Documents/GitHub/Final_S4/app/Config/Routes.php:45}(Object(CodeIgniter\Router\RouteCollection))
 4 APPPATH/Config/Routes.php(45): CodeIgniter\Router\RouteCollection->group('client', [...], Object(Closure))
 5 SYSTEMPATH/Router/RouteCollection.php(339): require('/home/mihaja/Documents/GitHub/Final_S4/app/Config/Routes.php')
 6 SYSTEMPATH/CLI/Console.php(41): CodeIgniter\Router\RouteCollection->loadRoutes()
 7 SYSTEMPATH/Boot.php(444): CodeIgniter\CLI\Console->run()
 8 SYSTEMPATH/Boot.php(166): CodeIgniter\Boot::runCommand(Object(CodeIgniter\CLI\Console))
 9 ROOTPATH/spark(87): CodeIgniter\Boot::bootSpark(Object(Config\Paths))
ERROR - 2026-07-21 04:36:15 --> Table 'transactions' already exists
in SYSTEMPATH/Database/MySQLi/Connection.php on line 300.
 1 SYSTEMPATH/Database/MySQLi/Connection.php(300): mysqli->query()
 2 SYSTEMPATH/Database/BaseConnection.php(908): CodeIgniter\Database\MySQLi\Connection->execute()
 3 SYSTEMPATH/Database/BaseConnection.php(825): CodeIgniter\Database\BaseConnection->simpleQuery()
 4 SYSTEMPATH/Database/Forge.php(570): CodeIgniter\Database\BaseConnection->query()
 5 APPPATH/Database/Migrations/2026-07-21-043258_CreateTransactionsTable.php(54): CodeIgniter\Database\Forge->createTable()
 6 SYSTEMPATH/Database/MigrationRunner.php(1014): App\Database\Migrations\CreateTransactionsTable->up()
 7 SYSTEMPATH/Database/MigrationRunner.php(202): CodeIgniter\Database\MigrationRunner->migrate()
 8 SYSTEMPATH/Commands/Database/Migrate.php(89): CodeIgniter\Database\MigrationRunner->latest()
 9 SYSTEMPATH/CLI/SignalTrait.php(245): CodeIgniter\Commands\Database\Migrate::{closure:CodeIgniter\Commands\Database\Migrate::run():88}()
10 SYSTEMPATH/Commands/Database/Migrate.php(88): CodeIgniter\Commands\Database\Migrate->withSignalsBlocked()
11 SYSTEMPATH/CLI/Commands.php(72): CodeIgniter\Commands\Database\Migrate->run()
12 SYSTEMPATH/CLI/BaseCommand.php(119): CodeIgniter\CLI\Commands->run()
13 SYSTEMPATH/Commands/Database/MigrateRefresh.php(91): CodeIgniter\CLI\BaseCommand->call()
14 SYSTEMPATH/CLI/SignalTrait.php(245): CodeIgniter\Commands\Database\MigrateRefresh->{closure:CodeIgniter\Commands\Database\MigrateRefresh::run():89}()
15 SYSTEMPATH/Commands/Database/MigrateRefresh.php(89): CodeIgniter\Commands\Database\MigrateRefresh->withSignalsBlocked()
16 SYSTEMPATH/CLI/Commands.php(72): CodeIgniter\Commands\Database\MigrateRefresh->run()
17 SYSTEMPATH/CLI/Console.php(47): CodeIgniter\CLI\Commands->run()
18 SYSTEMPATH/Boot.php(444): CodeIgniter\CLI\Console->run()
19 SYSTEMPATH/Boot.php(166): CodeIgniter\Boot::runCommand()
20 ROOTPATH/spark(87): CodeIgniter\Boot::bootSpark()
WARNING - 2026-07-21 04:37:30 --> [DEPRECATED] Passing lowercase HTTP method "get" is deprecated. Use uppercase HTTP method like "GET". in SYSTEMPATH/Router/RouteCollection.php on line 1026.
 1 SYSTEMPATH/Router/RouteCollection.php(1026): trigger_error('Passing lowercase HTTP method "get" is deprecated. Use uppercase HTTP method like "GET".', 16384)
 2 APPPATH/Config/Routes.php(47): CodeIgniter\Router\RouteCollection->match([...], 'depot', 'Client\\OperationController::depot')
 3 SYSTEMPATH/Router/RouteCollection.php(799): CodeIgniter\Router\RouteCollection->{closure:/home/mihaja/Documents/GitHub/Final_S4/app/Config/Routes.php:45}(Object(CodeIgniter\Router\RouteCollection))
 4 APPPATH/Config/Routes.php(45): CodeIgniter\Router\RouteCollection->group('client', [...], Object(Closure))
 5 SYSTEMPATH/Router/RouteCollection.php(339): require('/home/mihaja/Documents/GitHub/Final_S4/app/Config/Routes.php')
 6 SYSTEMPATH/CLI/Console.php(41): CodeIgniter\Router\RouteCollection->loadRoutes()
 7 SYSTEMPATH/Boot.php(444): CodeIgniter\CLI\Console->run()
 8 SYSTEMPATH/Boot.php(166): CodeIgniter\Boot::runCommand(Object(CodeIgniter\CLI\Console))
 9 ROOTPATH/spark(87): CodeIgniter\Boot::bootSpark(Object(Config\Paths))
WARNING - 2026-07-21 04:37:30 --> [DEPRECATED] Passing lowercase HTTP method "post" is deprecated. Use uppercase HTTP method like "POST". in SYSTEMPATH/Router/RouteCollection.php on line 1026.
 1 SYSTEMPATH/Router/RouteCollection.php(1026): trigger_error('Passing lowercase HTTP method "post" is deprecated. Use uppercase HTTP method like "POST".', 16384)
 2 APPPATH/Config/Routes.php(47): CodeIgniter\Router\RouteCollection->match([...], 'depot', 'Client\\OperationController::depot')
 3 SYSTEMPATH/Router/RouteCollection.php(799): CodeIgniter\Router\RouteCollection->{closure:/home/mihaja/Documents/GitHub/Final_S4/app/Config/Routes.php:45}(Object(CodeIgniter\Router\RouteCollection))
 4 APPPATH/Config/Routes.php(45): CodeIgniter\Router\RouteCollection->group('client', [...], Object(Closure))
 5 SYSTEMPATH/Router/RouteCollection.php(339): require('/home/mihaja/Documents/GitHub/Final_S4/app/Config/Routes.php')
 6 SYSTEMPATH/CLI/Console.php(41): CodeIgniter\Router\RouteCollection->loadRoutes()
 7 SYSTEMPATH/Boot.php(444): CodeIgniter\CLI\Console->run()
 8 SYSTEMPATH/Boot.php(166): CodeIgniter\Boot::runCommand(Object(CodeIgniter\CLI\Console))
 9 ROOTPATH/spark(87): CodeIgniter\Boot::bootSpark(Object(Config\Paths))
WARNING - 2026-07-21 04:37:30 --> [DEPRECATED] Passing lowercase HTTP method "get" is deprecated. Use uppercase HTTP method like "GET". in SYSTEMPATH/Router/RouteCollection.php on line 1026.
 1 SYSTEMPATH/Router/RouteCollection.php(1026): trigger_error('Passing lowercase HTTP method "get" is deprecated. Use uppercase HTTP method like "GET".', 16384)
 2 APPPATH/Config/Routes.php(48): CodeIgniter\Router\RouteCollection->match([...], 'retrait', 'Client\\OperationController::retrait')
 3 SYSTEMPATH/Router/RouteCollection.php(799): CodeIgniter\Router\RouteCollection->{closure:/home/mihaja/Documents/GitHub/Final_S4/app/Config/Routes.php:45}(Object(CodeIgniter\Router\RouteCollection))
 4 APPPATH/Config/Routes.php(45): CodeIgniter\Router\RouteCollection->group('client', [...], Object(Closure))
 5 SYSTEMPATH/Router/RouteCollection.php(339): require('/home/mihaja/Documents/GitHub/Final_S4/app/Config/Routes.php')
 6 SYSTEMPATH/CLI/Console.php(41): CodeIgniter\Router\RouteCollection->loadRoutes()
 7 SYSTEMPATH/Boot.php(444): CodeIgniter\CLI\Console->run()
 8 SYSTEMPATH/Boot.php(166): CodeIgniter\Boot::runCommand(Object(CodeIgniter\CLI\Console))
 9 ROOTPATH/spark(87): CodeIgniter\Boot::bootSpark(Object(Config\Paths))
WARNING - 2026-07-21 04:37:30 --> [DEPRECATED] Passing lowercase HTTP method "post" is deprecated. Use uppercase HTTP method like "POST". in SYSTEMPATH/Router/RouteCollection.php on line 1026.
 1 SYSTEMPATH/Router/RouteCollection.php(1026): trigger_error('Passing lowercase HTTP method "post" is deprecated. Use uppercase HTTP method like "POST".', 16384)
 2 APPPATH/Config/Routes.php(48): CodeIgniter\Router\RouteCollection->match([...], 'retrait', 'Client\\OperationController::retrait')
 3 SYSTEMPATH/Router/RouteCollection.php(799): CodeIgniter\Router\RouteCollection->{closure:/home/mihaja/Documents/GitHub/Final_S4/app/Config/Routes.php:45}(Object(CodeIgniter\Router\RouteCollection))
 4 APPPATH/Config/Routes.php(45): CodeIgniter\Router\RouteCollection->group('client', [...], Object(Closure))
 5 SYSTEMPATH/Router/RouteCollection.php(339): require('/home/mihaja/Documents/GitHub/Final_S4/app/Config/Routes.php')
 6 SYSTEMPATH/CLI/Console.php(41): CodeIgniter\Router\RouteCollection->loadRoutes()
 7 SYSTEMPATH/Boot.php(444): CodeIgniter\CLI\Console->run()
 8 SYSTEMPATH/Boot.php(166): CodeIgniter\Boot::runCommand(Object(CodeIgniter\CLI\Console))
 9 ROOTPATH/spark(87): CodeIgniter\Boot::bootSpark(Object(Config\Paths))
WARNING - 2026-07-21 04:37:30 --> [DEPRECATED] Passing lowercase HTTP method "get" is deprecated. Use uppercase HTTP method like "GET". in SYSTEMPATH/Router/RouteCollection.php on line 1026.
 1 SYSTEMPATH/Router/RouteCollection.php(1026): trigger_error('Passing lowercase HTTP method "get" is deprecated. Use uppercase HTTP method like "GET".', 16384)
 2 APPPATH/Config/Routes.php(49): CodeIgniter\Router\RouteCollection->match([...], 'transfert', 'Client\\OperationController::transfert')
 3 SYSTEMPATH/Router/RouteCollection.php(799): CodeIgniter\Router\RouteCollection->{closure:/home/mihaja/Documents/GitHub/Final_S4/app/Config/Routes.php:45}(Object(CodeIgniter\Router\RouteCollection))
 4 APPPATH/Config/Routes.php(45): CodeIgniter\Router\RouteCollection->group('client', [...], Object(Closure))
 5 SYSTEMPATH/Router/RouteCollection.php(339): require('/home/mihaja/Documents/GitHub/Final_S4/app/Config/Routes.php')
 6 SYSTEMPATH/CLI/Console.php(41): CodeIgniter\Router\RouteCollection->loadRoutes()
 7 SYSTEMPATH/Boot.php(444): CodeIgniter\CLI\Console->run()
 8 SYSTEMPATH/Boot.php(166): CodeIgniter\Boot::runCommand(Object(CodeIgniter\CLI\Console))
 9 ROOTPATH/spark(87): CodeIgniter\Boot::bootSpark(Object(Config\Paths))
WARNING - 2026-07-21 04:37:30 --> [DEPRECATED] Passing lowercase HTTP method "post" is deprecated. Use uppercase HTTP method like "POST". in SYSTEMPATH/Router/RouteCollection.php on line 1026.
 1 SYSTEMPATH/Router/RouteCollection.php(1026): trigger_error('Passing lowercase HTTP method "post" is deprecated. Use uppercase HTTP method like "POST".', 16384)
 2 APPPATH/Config/Routes.php(49): CodeIgniter\Router\RouteCollection->match([...], 'transfert', 'Client\\OperationController::transfert')
 3 SYSTEMPATH/Router/RouteCollection.php(799): CodeIgniter\Router\RouteCollection->{closure:/home/mihaja/Documents/GitHub/Final_S4/app/Config/Routes.php:45}(Object(CodeIgniter\Router\RouteCollection))
 4 APPPATH/Config/Routes.php(45): CodeIgniter\Router\RouteCollection->group('client', [...], Object(Closure))
 5 SYSTEMPATH/Router/RouteCollection.php(339): require('/home/mihaja/Documents/GitHub/Final_S4/app/Config/Routes.php')
 6 SYSTEMPATH/CLI/Console.php(41): CodeIgniter\Router\RouteCollection->loadRoutes()
 7 SYSTEMPATH/Boot.php(444): CodeIgniter\CLI\Console->run()
 8 SYSTEMPATH/Boot.php(166): CodeIgniter\Boot::runCommand(Object(CodeIgniter\CLI\Console))
 9 ROOTPATH/spark(87): CodeIgniter\Boot::bootSpark(Object(Config\Paths))
ERROR - 2026-07-21 04:37:33 --> Table '4110-4016-mobile-money.transactions' doesn't exist
in SYSTEMPATH/Database/MySQLi/Connection.php on line 300.
 1 SYSTEMPATH/Database/MySQLi/Connection.php(300): mysqli->query()
 2 SYSTEMPATH/Database/BaseConnection.php(908): CodeIgniter\Database\MySQLi\Connection->execute()
 3 SYSTEMPATH/Database/BaseConnection.php(825): CodeIgniter\Database\BaseConnection->simpleQuery()
 4 SYSTEMPATH/Database/Forge.php(772): CodeIgniter\Database\BaseConnection->query()
 5 APPPATH/Database/Migrations/2026-07-20-125548_AddOperateurExterneFields.php(14): CodeIgniter\Database\Forge->addColumn()
 6 SYSTEMPATH/Database/MigrationRunner.php(1014): App\Database\Migrations\AddOperateurExterneFields->up()
 7 SYSTEMPATH/Database/MigrationRunner.php(202): CodeIgniter\Database\MigrationRunner->migrate()
 8 SYSTEMPATH/Commands/Database/Migrate.php(89): CodeIgniter\Database\MigrationRunner->latest()
 9 SYSTEMPATH/CLI/SignalTrait.php(245): CodeIgniter\Commands\Database\Migrate::{closure:CodeIgniter\Commands\Database\Migrate::run():88}()
10 SYSTEMPATH/Commands/Database/Migrate.php(88): CodeIgniter\Commands\Database\Migrate->withSignalsBlocked()
11 SYSTEMPATH/CLI/Commands.php(72): CodeIgniter\Commands\Database\Migrate->run()
12 SYSTEMPATH/CLI/Console.php(47): CodeIgniter\CLI\Commands->run()
13 SYSTEMPATH/Boot.php(444): CodeIgniter\CLI\Console->run()
14 SYSTEMPATH/Boot.php(166): CodeIgniter\Boot::runCommand()
15 ROOTPATH/spark(87): CodeIgniter\Boot::bootSpark()
WARNING - 2026-07-21 04:41:55 --> [DEPRECATED] Passing lowercase HTTP method "get" is deprecated. Use uppercase HTTP method like "GET". in SYSTEMPATH/Router/RouteCollection.php on line 1026.
 1 SYSTEMPATH/Router/RouteCollection.php(1026): trigger_error('Passing lowercase HTTP method "get" is deprecated. Use uppercase HTTP method like "GET".', 16384)
 2 APPPATH/Config/Routes.php(47): CodeIgniter\Router\RouteCollection->match([...], 'depot', 'Client\\OperationController::depot')
 3 SYSTEMPATH/Router/RouteCollection.php(799): CodeIgniter\Router\RouteCollection->{closure:/home/mihaja/Documents/GitHub/Final_S4/app/Config/Routes.php:45}(Object(CodeIgniter\Router\RouteCollection))
 4 APPPATH/Config/Routes.php(45): CodeIgniter\Router\RouteCollection->group('client', [...], Object(Closure))
 5 SYSTEMPATH/Router/RouteCollection.php(339): require('/home/mihaja/Documents/GitHub/Final_S4/app/Config/Routes.php')
 6 SYSTEMPATH/CLI/Console.php(41): CodeIgniter\Router\RouteCollection->loadRoutes()
 7 SYSTEMPATH/Boot.php(444): CodeIgniter\CLI\Console->run()
 8 SYSTEMPATH/Boot.php(166): CodeIgniter\Boot::runCommand(Object(CodeIgniter\CLI\Console))
 9 ROOTPATH/spark(87): CodeIgniter\Boot::bootSpark(Object(Config\Paths))
WARNING - 2026-07-21 04:41:55 --> [DEPRECATED] Passing lowercase HTTP method "post" is deprecated. Use uppercase HTTP method like "POST". in SYSTEMPATH/Router/RouteCollection.php on line 1026.
 1 SYSTEMPATH/Router/RouteCollection.php(1026): trigger_error('Passing lowercase HTTP method "post" is deprecated. Use uppercase HTTP method like "POST".', 16384)
 2 APPPATH/Config/Routes.php(47): CodeIgniter\Router\RouteCollection->match([...], 'depot', 'Client\\OperationController::depot')
 3 SYSTEMPATH/Router/RouteCollection.php(799): CodeIgniter\Router\RouteCollection->{closure:/home/mihaja/Documents/GitHub/Final_S4/app/Config/Routes.php:45}(Object(CodeIgniter\Router\RouteCollection))
 4 APPPATH/Config/Routes.php(45): CodeIgniter\Router\RouteCollection->group('client', [...], Object(Closure))
 5 SYSTEMPATH/Router/RouteCollection.php(339): require('/home/mihaja/Documents/GitHub/Final_S4/app/Config/Routes.php')
 6 SYSTEMPATH/CLI/Console.php(41): CodeIgniter\Router\RouteCollection->loadRoutes()
 7 SYSTEMPATH/Boot.php(444): CodeIgniter\CLI\Console->run()
 8 SYSTEMPATH/Boot.php(166): CodeIgniter\Boot::runCommand(Object(CodeIgniter\CLI\Console))
 9 ROOTPATH/spark(87): CodeIgniter\Boot::bootSpark(Object(Config\Paths))
WARNING - 2026-07-21 04:41:55 --> [DEPRECATED] Passing lowercase HTTP method "get" is deprecated. Use uppercase HTTP method like "GET". in SYSTEMPATH/Router/RouteCollection.php on line 1026.
 1 SYSTEMPATH/Router/RouteCollection.php(1026): trigger_error('Passing lowercase HTTP method "get" is deprecated. Use uppercase HTTP method like "GET".', 16384)
 2 APPPATH/Config/Routes.php(48): CodeIgniter\Router\RouteCollection->match([...], 'retrait', 'Client\\OperationController::retrait')
 3 SYSTEMPATH/Router/RouteCollection.php(799): CodeIgniter\Router\RouteCollection->{closure:/home/mihaja/Documents/GitHub/Final_S4/app/Config/Routes.php:45}(Object(CodeIgniter\Router\RouteCollection))
 4 APPPATH/Config/Routes.php(45): CodeIgniter\Router\RouteCollection->group('client', [...], Object(Closure))
 5 SYSTEMPATH/Router/RouteCollection.php(339): require('/home/mihaja/Documents/GitHub/Final_S4/app/Config/Routes.php')
 6 SYSTEMPATH/CLI/Console.php(41): CodeIgniter\Router\RouteCollection->loadRoutes()
 7 SYSTEMPATH/Boot.php(444): CodeIgniter\CLI\Console->run()
 8 SYSTEMPATH/Boot.php(166): CodeIgniter\Boot::runCommand(Object(CodeIgniter\CLI\Console))
 9 ROOTPATH/spark(87): CodeIgniter\Boot::bootSpark(Object(Config\Paths))
WARNING - 2026-07-21 04:41:55 --> [DEPRECATED] Passing lowercase HTTP method "post" is deprecated. Use uppercase HTTP method like "POST". in SYSTEMPATH/Router/RouteCollection.php on line 1026.
 1 SYSTEMPATH/Router/RouteCollection.php(1026): trigger_error('Passing lowercase HTTP method "post" is deprecated. Use uppercase HTTP method like "POST".', 16384)
 2 APPPATH/Config/Routes.php(48): CodeIgniter\Router\RouteCollection->match([...], 'retrait', 'Client\\OperationController::retrait')
 3 SYSTEMPATH/Router/RouteCollection.php(799): CodeIgniter\Router\RouteCollection->{closure:/home/mihaja/Documents/GitHub/Final_S4/app/Config/Routes.php:45}(Object(CodeIgniter\Router\RouteCollection))
 4 APPPATH/Config/Routes.php(45): CodeIgniter\Router\RouteCollection->group('client', [...], Object(Closure))
 5 SYSTEMPATH/Router/RouteCollection.php(339): require('/home/mihaja/Documents/GitHub/Final_S4/app/Config/Routes.php')
 6 SYSTEMPATH/CLI/Console.php(41): CodeIgniter\Router\RouteCollection->loadRoutes()
 7 SYSTEMPATH/Boot.php(444): CodeIgniter\CLI\Console->run()
 8 SYSTEMPATH/Boot.php(166): CodeIgniter\Boot::runCommand(Object(CodeIgniter\CLI\Console))
 9 ROOTPATH/spark(87): CodeIgniter\Boot::bootSpark(Object(Config\Paths))
WARNING - 2026-07-21 04:41:55 --> [DEPRECATED] Passing lowercase HTTP method "get" is deprecated. Use uppercase HTTP method like "GET". in SYSTEMPATH/Router/RouteCollection.php on line 1026.
 1 SYSTEMPATH/Router/RouteCollection.php(1026): trigger_error('Passing lowercase HTTP method "get" is deprecated. Use uppercase HTTP method like "GET".', 16384)
 2 APPPATH/Config/Routes.php(49): CodeIgniter\Router\RouteCollection->match([...], 'transfert', 'Client\\OperationController::transfert')
 3 SYSTEMPATH/Router/RouteCollection.php(799): CodeIgniter\Router\RouteCollection->{closure:/home/mihaja/Documents/GitHub/Final_S4/app/Config/Routes.php:45}(Object(CodeIgniter\Router\RouteCollection))
 4 APPPATH/Config/Routes.php(45): CodeIgniter\Router\RouteCollection->group('client', [...], Object(Closure))
 5 SYSTEMPATH/Router/RouteCollection.php(339): require('/home/mihaja/Documents/GitHub/Final_S4/app/Config/Routes.php')
 6 SYSTEMPATH/CLI/Console.php(41): CodeIgniter\Router\RouteCollection->loadRoutes()
 7 SYSTEMPATH/Boot.php(444): CodeIgniter\CLI\Console->run()
 8 SYSTEMPATH/Boot.php(166): CodeIgniter\Boot::runCommand(Object(CodeIgniter\CLI\Console))
 9 ROOTPATH/spark(87): CodeIgniter\Boot::bootSpark(Object(Config\Paths))
WARNING - 2026-07-21 04:41:55 --> [DEPRECATED] Passing lowercase HTTP method "post" is deprecated. Use uppercase HTTP method like "POST". in SYSTEMPATH/Router/RouteCollection.php on line 1026.
 1 SYSTEMPATH/Router/RouteCollection.php(1026): trigger_error('Passing lowercase HTTP method "post" is deprecated. Use uppercase HTTP method like "POST".', 16384)
 2 APPPATH/Config/Routes.php(49): CodeIgniter\Router\RouteCollection->match([...], 'transfert', 'Client\\OperationController::transfert')
 3 SYSTEMPATH/Router/RouteCollection.php(799): CodeIgniter\Router\RouteCollection->{closure:/home/mihaja/Documents/GitHub/Final_S4/app/Config/Routes.php:45}(Object(CodeIgniter\Router\RouteCollection))
 4 APPPATH/Config/Routes.php(45): CodeIgniter\Router\RouteCollection->group('client', [...], Object(Closure))
 5 SYSTEMPATH/Router/RouteCollection.php(339): require('/home/mihaja/Documents/GitHub/Final_S4/app/Config/Routes.php')
 6 SYSTEMPATH/CLI/Console.php(41): CodeIgniter\Router\RouteCollection->loadRoutes()
 7 SYSTEMPATH/Boot.php(444): CodeIgniter\CLI\Console->run()
 8 SYSTEMPATH/Boot.php(166): CodeIgniter\Boot::runCommand(Object(CodeIgniter\CLI\Console))
 9 ROOTPATH/spark(87): CodeIgniter\Boot::bootSpark(Object(Config\Paths))
ERROR - 2026-07-21 04:42:00 --> Duplicate column name 'commission_externe'
in SYSTEMPATH/Database/MySQLi/Connection.php on line 300.
 1 SYSTEMPATH/Database/MySQLi/Connection.php(300): mysqli->query()
 2 SYSTEMPATH/Database/BaseConnection.php(908): CodeIgniter\Database\MySQLi\Connection->execute()
 3 SYSTEMPATH/Database/BaseConnection.php(825): CodeIgniter\Database\BaseConnection->simpleQuery()
 4 SYSTEMPATH/Database/Forge.php(772): CodeIgniter\Database\BaseConnection->query()
 5 APPPATH/Database/Migrations/2026-07-20-125548_AddOperateurExterneFields.php(14): CodeIgniter\Database\Forge->addColumn()
 6 SYSTEMPATH/Database/MigrationRunner.php(1014): App\Database\Migrations\AddOperateurExterneFields->up()
 7 SYSTEMPATH/Database/MigrationRunner.php(202): CodeIgniter\Database\MigrationRunner->migrate()
 8 SYSTEMPATH/Commands/Database/Migrate.php(89): CodeIgniter\Database\MigrationRunner->latest()
 9 SYSTEMPATH/CLI/SignalTrait.php(245): CodeIgniter\Commands\Database\Migrate::{closure:CodeIgniter\Commands\Database\Migrate::run():88}()
10 SYSTEMPATH/Commands/Database/Migrate.php(88): CodeIgniter\Commands\Database\Migrate->withSignalsBlocked()
11 SYSTEMPATH/CLI/Commands.php(72): CodeIgniter\Commands\Database\Migrate->run()
12 SYSTEMPATH/CLI/BaseCommand.php(119): CodeIgniter\CLI\Commands->run()
13 SYSTEMPATH/Commands/Database/MigrateRefresh.php(91): CodeIgniter\CLI\BaseCommand->call()
14 SYSTEMPATH/CLI/SignalTrait.php(245): CodeIgniter\Commands\Database\MigrateRefresh->{closure:CodeIgniter\Commands\Database\MigrateRefresh::run():89}()
15 SYSTEMPATH/Commands/Database/MigrateRefresh.php(89): CodeIgniter\Commands\Database\MigrateRefresh->withSignalsBlocked()
16 SYSTEMPATH/CLI/Commands.php(72): CodeIgniter\Commands\Database\MigrateRefresh->run()
17 SYSTEMPATH/CLI/Console.php(47): CodeIgniter\CLI\Commands->run()
18 SYSTEMPATH/Boot.php(444): CodeIgniter\CLI\Console->run()
19 SYSTEMPATH/Boot.php(166): CodeIgniter\Boot::runCommand()
20 ROOTPATH/spark(87): CodeIgniter\Boot::bootSpark()
WARNING - 2026-07-21 04:42:39 --> [DEPRECATED] Passing lowercase HTTP method "get" is deprecated. Use uppercase HTTP method like "GET". in SYSTEMPATH/Router/RouteCollection.php on line 1026.
 1 SYSTEMPATH/Router/RouteCollection.php(1026): trigger_error('Passing lowercase HTTP method "get" is deprecated. Use uppercase HTTP method like "GET".', 16384)
 2 APPPATH/Config/Routes.php(47): CodeIgniter\Router\RouteCollection->match([...], 'depot', 'Client\\OperationController::depot')
 3 SYSTEMPATH/Router/RouteCollection.php(799): CodeIgniter\Router\RouteCollection->{closure:/home/mihaja/Documents/GitHub/Final_S4/app/Config/Routes.php:45}(Object(CodeIgniter\Router\RouteCollection))
 4 APPPATH/Config/Routes.php(45): CodeIgniter\Router\RouteCollection->group('client', [...], Object(Closure))
 5 SYSTEMPATH/Router/RouteCollection.php(339): require('/home/mihaja/Documents/GitHub/Final_S4/app/Config/Routes.php')
 6 SYSTEMPATH/CLI/Console.php(41): CodeIgniter\Router\RouteCollection->loadRoutes()
 7 SYSTEMPATH/Boot.php(444): CodeIgniter\CLI\Console->run()
 8 SYSTEMPATH/Boot.php(166): CodeIgniter\Boot::runCommand(Object(CodeIgniter\CLI\Console))
 9 ROOTPATH/spark(87): CodeIgniter\Boot::bootSpark(Object(Config\Paths))
WARNING - 2026-07-21 04:42:39 --> [DEPRECATED] Passing lowercase HTTP method "post" is deprecated. Use uppercase HTTP method like "POST". in SYSTEMPATH/Router/RouteCollection.php on line 1026.
 1 SYSTEMPATH/Router/RouteCollection.php(1026): trigger_error('Passing lowercase HTTP method "post" is deprecated. Use uppercase HTTP method like "POST".', 16384)
 2 APPPATH/Config/Routes.php(47): CodeIgniter\Router\RouteCollection->match([...], 'depot', 'Client\\OperationController::depot')
 3 SYSTEMPATH/Router/RouteCollection.php(799): CodeIgniter\Router\RouteCollection->{closure:/home/mihaja/Documents/GitHub/Final_S4/app/Config/Routes.php:45}(Object(CodeIgniter\Router\RouteCollection))
 4 APPPATH/Config/Routes.php(45): CodeIgniter\Router\RouteCollection->group('client', [...], Object(Closure))
 5 SYSTEMPATH/Router/RouteCollection.php(339): require('/home/mihaja/Documents/GitHub/Final_S4/app/Config/Routes.php')
 6 SYSTEMPATH/CLI/Console.php(41): CodeIgniter\Router\RouteCollection->loadRoutes()
 7 SYSTEMPATH/Boot.php(444): CodeIgniter\CLI\Console->run()
 8 SYSTEMPATH/Boot.php(166): CodeIgniter\Boot::runCommand(Object(CodeIgniter\CLI\Console))
 9 ROOTPATH/spark(87): CodeIgniter\Boot::bootSpark(Object(Config\Paths))
WARNING - 2026-07-21 04:42:39 --> [DEPRECATED] Passing lowercase HTTP method "get" is deprecated. Use uppercase HTTP method like "GET". in SYSTEMPATH/Router/RouteCollection.php on line 1026.
 1 SYSTEMPATH/Router/RouteCollection.php(1026): trigger_error('Passing lowercase HTTP method "get" is deprecated. Use uppercase HTTP method like "GET".', 16384)
 2 APPPATH/Config/Routes.php(48): CodeIgniter\Router\RouteCollection->match([...], 'retrait', 'Client\\OperationController::retrait')
 3 SYSTEMPATH/Router/RouteCollection.php(799): CodeIgniter\Router\RouteCollection->{closure:/home/mihaja/Documents/GitHub/Final_S4/app/Config/Routes.php:45}(Object(CodeIgniter\Router\RouteCollection))
 4 APPPATH/Config/Routes.php(45): CodeIgniter\Router\RouteCollection->group('client', [...], Object(Closure))
 5 SYSTEMPATH/Router/RouteCollection.php(339): require('/home/mihaja/Documents/GitHub/Final_S4/app/Config/Routes.php')
 6 SYSTEMPATH/CLI/Console.php(41): CodeIgniter\Router\RouteCollection->loadRoutes()
 7 SYSTEMPATH/Boot.php(444): CodeIgniter\CLI\Console->run()
 8 SYSTEMPATH/Boot.php(166): CodeIgniter\Boot::runCommand(Object(CodeIgniter\CLI\Console))
 9 ROOTPATH/spark(87): CodeIgniter\Boot::bootSpark(Object(Config\Paths))
WARNING - 2026-07-21 04:42:39 --> [DEPRECATED] Passing lowercase HTTP method "post" is deprecated. Use uppercase HTTP method like "POST". in SYSTEMPATH/Router/RouteCollection.php on line 1026.
 1 SYSTEMPATH/Router/RouteCollection.php(1026): trigger_error('Passing lowercase HTTP method "post" is deprecated. Use uppercase HTTP method like "POST".', 16384)
 2 APPPATH/Config/Routes.php(48): CodeIgniter\Router\RouteCollection->match([...], 'retrait', 'Client\\OperationController::retrait')
 3 SYSTEMPATH/Router/RouteCollection.php(799): CodeIgniter\Router\RouteCollection->{closure:/home/mihaja/Documents/GitHub/Final_S4/app/Config/Routes.php:45}(Object(CodeIgniter\Router\RouteCollection))
 4 APPPATH/Config/Routes.php(45): CodeIgniter\Router\RouteCollection->group('client', [...], Object(Closure))
 5 SYSTEMPATH/Router/RouteCollection.php(339): require('/home/mihaja/Documents/GitHub/Final_S4/app/Config/Routes.php')
 6 SYSTEMPATH/CLI/Console.php(41): CodeIgniter\Router\RouteCollection->loadRoutes()
 7 SYSTEMPATH/Boot.php(444): CodeIgniter\CLI\Console->run()
 8 SYSTEMPATH/Boot.php(166): CodeIgniter\Boot::runCommand(Object(CodeIgniter\CLI\Console))
 9 ROOTPATH/spark(87): CodeIgniter\Boot::bootSpark(Object(Config\Paths))
WARNING - 2026-07-21 04:42:39 --> [DEPRECATED] Passing lowercase HTTP method "get" is deprecated. Use uppercase HTTP method like "GET". in SYSTEMPATH/Router/RouteCollection.php on line 1026.
 1 SYSTEMPATH/Router/RouteCollection.php(1026): trigger_error('Passing lowercase HTTP method "get" is deprecated. Use uppercase HTTP method like "GET".', 16384)
 2 APPPATH/Config/Routes.php(49): CodeIgniter\Router\RouteCollection->match([...], 'transfert', 'Client\\OperationController::transfert')
 3 SYSTEMPATH/Router/RouteCollection.php(799): CodeIgniter\Router\RouteCollection->{closure:/home/mihaja/Documents/GitHub/Final_S4/app/Config/Routes.php:45}(Object(CodeIgniter\Router\RouteCollection))
 4 APPPATH/Config/Routes.php(45): CodeIgniter\Router\RouteCollection->group('client', [...], Object(Closure))
 5 SYSTEMPATH/Router/RouteCollection.php(339): require('/home/mihaja/Documents/GitHub/Final_S4/app/Config/Routes.php')
 6 SYSTEMPATH/CLI/Console.php(41): CodeIgniter\Router\RouteCollection->loadRoutes()
 7 SYSTEMPATH/Boot.php(444): CodeIgniter\CLI\Console->run()
 8 SYSTEMPATH/Boot.php(166): CodeIgniter\Boot::runCommand(Object(CodeIgniter\CLI\Console))
 9 ROOTPATH/spark(87): CodeIgniter\Boot::bootSpark(Object(Config\Paths))
WARNING - 2026-07-21 04:42:39 --> [DEPRECATED] Passing lowercase HTTP method "post" is deprecated. Use uppercase HTTP method like "POST". in SYSTEMPATH/Router/RouteCollection.php on line 1026.
 1 SYSTEMPATH/Router/RouteCollection.php(1026): trigger_error('Passing lowercase HTTP method "post" is deprecated. Use uppercase HTTP method like "POST".', 16384)
 2 APPPATH/Config/Routes.php(49): CodeIgniter\Router\RouteCollection->match([...], 'transfert', 'Client\\OperationController::transfert')
 3 SYSTEMPATH/Router/RouteCollection.php(799): CodeIgniter\Router\RouteCollection->{closure:/home/mihaja/Documents/GitHub/Final_S4/app/Config/Routes.php:45}(Object(CodeIgniter\Router\RouteCollection))
 4 APPPATH/Config/Routes.php(45): CodeIgniter\Router\RouteCollection->group('client', [...], Object(Closure))
 5 SYSTEMPATH/Router/RouteCollection.php(339): require('/home/mihaja/Documents/GitHub/Final_S4/app/Config/Routes.php')
 6 SYSTEMPATH/CLI/Console.php(41): CodeIgniter\Router\RouteCollection->loadRoutes()
 7 SYSTEMPATH/Boot.php(444): CodeIgniter\CLI\Console->run()
 8 SYSTEMPATH/Boot.php(166): CodeIgniter\Boot::runCommand(Object(CodeIgniter\CLI\Console))
 9 ROOTPATH/spark(87): CodeIgniter\Boot::bootSpark(Object(Config\Paths))
CRITICAL - 2026-07-21 04:42:43 --> ErrorException: Cannot redeclare class App\Database\Migrations\CreateCommissionConfigTable (previously declared in /home/mihaja/Documents/GitHub/Final_S4/app/Database/Migrations/2026-07-20-125801_CreateCommissionConfigTable.php:6)
[Method: CLI, Route: migrate:refresh]
in APPPATH/Database/Migrations/2026-07-21-043513_CreateCommissionConfigTable.php on line 6.
 1 [internal function]: CodeIgniter\Debug\Exceptions->shutdownHandler()
WARNING - 2026-07-21 04:43:30 --> [DEPRECATED] Passing lowercase HTTP method "get" is deprecated. Use uppercase HTTP method like "GET". in SYSTEMPATH/Router/RouteCollection.php on line 1026.
 1 SYSTEMPATH/Router/RouteCollection.php(1026): trigger_error('Passing lowercase HTTP method "get" is deprecated. Use uppercase HTTP method like "GET".', 16384)
 2 APPPATH/Config/Routes.php(47): CodeIgniter\Router\RouteCollection->match([...], 'depot', 'Client\\OperationController::depot')
 3 SYSTEMPATH/Router/RouteCollection.php(799): CodeIgniter\Router\RouteCollection->{closure:/home/mihaja/Documents/GitHub/Final_S4/app/Config/Routes.php:45}(Object(CodeIgniter\Router\RouteCollection))
 4 APPPATH/Config/Routes.php(45): CodeIgniter\Router\RouteCollection->group('client', [...], Object(Closure))
 5 SYSTEMPATH/Router/RouteCollection.php(339): require('/home/mihaja/Documents/GitHub/Final_S4/app/Config/Routes.php')
 6 SYSTEMPATH/CLI/Console.php(41): CodeIgniter\Router\RouteCollection->loadRoutes()
 7 SYSTEMPATH/Boot.php(444): CodeIgniter\CLI\Console->run()
 8 SYSTEMPATH/Boot.php(166): CodeIgniter\Boot::runCommand(Object(CodeIgniter\CLI\Console))
 9 ROOTPATH/spark(87): CodeIgniter\Boot::bootSpark(Object(Config\Paths))
WARNING - 2026-07-21 04:43:30 --> [DEPRECATED] Passing lowercase HTTP method "post" is deprecated. Use uppercase HTTP method like "POST". in SYSTEMPATH/Router/RouteCollection.php on line 1026.
 1 SYSTEMPATH/Router/RouteCollection.php(1026): trigger_error('Passing lowercase HTTP method "post" is deprecated. Use uppercase HTTP method like "POST".', 16384)
 2 APPPATH/Config/Routes.php(47): CodeIgniter\Router\RouteCollection->match([...], 'depot', 'Client\\OperationController::depot')
 3 SYSTEMPATH/Router/RouteCollection.php(799): CodeIgniter\Router\RouteCollection->{closure:/home/mihaja/Documents/GitHub/Final_S4/app/Config/Routes.php:45}(Object(CodeIgniter\Router\RouteCollection))
 4 APPPATH/Config/Routes.php(45): CodeIgniter\Router\RouteCollection->group('client', [...], Object(Closure))
 5 SYSTEMPATH/Router/RouteCollection.php(339): require('/home/mihaja/Documents/GitHub/Final_S4/app/Config/Routes.php')
 6 SYSTEMPATH/CLI/Console.php(41): CodeIgniter\Router\RouteCollection->loadRoutes()
 7 SYSTEMPATH/Boot.php(444): CodeIgniter\CLI\Console->run()
 8 SYSTEMPATH/Boot.php(166): CodeIgniter\Boot::runCommand(Object(CodeIgniter\CLI\Console))
 9 ROOTPATH/spark(87): CodeIgniter\Boot::bootSpark(Object(Config\Paths))
WARNING - 2026-07-21 04:43:30 --> [DEPRECATED] Passing lowercase HTTP method "get" is deprecated. Use uppercase HTTP method like "GET". in SYSTEMPATH/Router/RouteCollection.php on line 1026.
 1 SYSTEMPATH/Router/RouteCollection.php(1026): trigger_error('Passing lowercase HTTP method "get" is deprecated. Use uppercase HTTP method like "GET".', 16384)
 2 APPPATH/Config/Routes.php(48): CodeIgniter\Router\RouteCollection->match([...], 'retrait', 'Client\\OperationController::retrait')
 3 SYSTEMPATH/Router/RouteCollection.php(799): CodeIgniter\Router\RouteCollection->{closure:/home/mihaja/Documents/GitHub/Final_S4/app/Config/Routes.php:45}(Object(CodeIgniter\Router\RouteCollection))
 4 APPPATH/Config/Routes.php(45): CodeIgniter\Router\RouteCollection->group('client', [...], Object(Closure))
 5 SYSTEMPATH/Router/RouteCollection.php(339): require('/home/mihaja/Documents/GitHub/Final_S4/app/Config/Routes.php')
 6 SYSTEMPATH/CLI/Console.php(41): CodeIgniter\Router\RouteCollection->loadRoutes()
 7 SYSTEMPATH/Boot.php(444): CodeIgniter\CLI\Console->run()
 8 SYSTEMPATH/Boot.php(166): CodeIgniter\Boot::runCommand(Object(CodeIgniter\CLI\Console))
 9 ROOTPATH/spark(87): CodeIgniter\Boot::bootSpark(Object(Config\Paths))
WARNING - 2026-07-21 04:43:30 --> [DEPRECATED] Passing lowercase HTTP method "post" is deprecated. Use uppercase HTTP method like "POST". in SYSTEMPATH/Router/RouteCollection.php on line 1026.
 1 SYSTEMPATH/Router/RouteCollection.php(1026): trigger_error('Passing lowercase HTTP method "post" is deprecated. Use uppercase HTTP method like "POST".', 16384)
 2 APPPATH/Config/Routes.php(48): CodeIgniter\Router\RouteCollection->match([...], 'retrait', 'Client\\OperationController::retrait')
 3 SYSTEMPATH/Router/RouteCollection.php(799): CodeIgniter\Router\RouteCollection->{closure:/home/mihaja/Documents/GitHub/Final_S4/app/Config/Routes.php:45}(Object(CodeIgniter\Router\RouteCollection))
 4 APPPATH/Config/Routes.php(45): CodeIgniter\Router\RouteCollection->group('client', [...], Object(Closure))
 5 SYSTEMPATH/Router/RouteCollection.php(339): require('/home/mihaja/Documents/GitHub/Final_S4/app/Config/Routes.php')
 6 SYSTEMPATH/CLI/Console.php(41): CodeIgniter\Router\RouteCollection->loadRoutes()
 7 SYSTEMPATH/Boot.php(444): CodeIgniter\CLI\Console->run()
 8 SYSTEMPATH/Boot.php(166): CodeIgniter\Boot::runCommand(Object(CodeIgniter\CLI\Console))
 9 ROOTPATH/spark(87): CodeIgniter\Boot::bootSpark(Object(Config\Paths))
WARNING - 2026-07-21 04:43:30 --> [DEPRECATED] Passing lowercase HTTP method "get" is deprecated. Use uppercase HTTP method like "GET". in SYSTEMPATH/Router/RouteCollection.php on line 1026.
 1 SYSTEMPATH/Router/RouteCollection.php(1026): trigger_error('Passing lowercase HTTP method "get" is deprecated. Use uppercase HTTP method like "GET".', 16384)
 2 APPPATH/Config/Routes.php(49): CodeIgniter\Router\RouteCollection->match([...], 'transfert', 'Client\\OperationController::transfert')
 3 SYSTEMPATH/Router/RouteCollection.php(799): CodeIgniter\Router\RouteCollection->{closure:/home/mihaja/Documents/GitHub/Final_S4/app/Config/Routes.php:45}(Object(CodeIgniter\Router\RouteCollection))
 4 APPPATH/Config/Routes.php(45): CodeIgniter\Router\RouteCollection->group('client', [...], Object(Closure))
 5 SYSTEMPATH/Router/RouteCollection.php(339): require('/home/mihaja/Documents/GitHub/Final_S4/app/Config/Routes.php')
 6 SYSTEMPATH/CLI/Console.php(41): CodeIgniter\Router\RouteCollection->loadRoutes()
 7 SYSTEMPATH/Boot.php(444): CodeIgniter\CLI\Console->run()
 8 SYSTEMPATH/Boot.php(166): CodeIgniter\Boot::runCommand(Object(CodeIgniter\CLI\Console))
 9 ROOTPATH/spark(87): CodeIgniter\Boot::bootSpark(Object(Config\Paths))
WARNING - 2026-07-21 04:43:30 --> [DEPRECATED] Passing lowercase HTTP method "post" is deprecated. Use uppercase HTTP method like "POST". in SYSTEMPATH/Router/RouteCollection.php on line 1026.
 1 SYSTEMPATH/Router/RouteCollection.php(1026): trigger_error('Passing lowercase HTTP method "post" is deprecated. Use uppercase HTTP method like "POST".', 16384)
 2 APPPATH/Config/Routes.php(49): CodeIgniter\Router\RouteCollection->match([...], 'transfert', 'Client\\OperationController::transfert')
 3 SYSTEMPATH/Router/RouteCollection.php(799): CodeIgniter\Router\RouteCollection->{closure:/home/mihaja/Documents/GitHub/Final_S4/app/Config/Routes.php:45}(Object(CodeIgniter\Router\RouteCollection))
 4 APPPATH/Config/Routes.php(45): CodeIgniter\Router\RouteCollection->group('client', [...], Object(Closure))
 5 SYSTEMPATH/Router/RouteCollection.php(339): require('/home/mihaja/Documents/GitHub/Final_S4/app/Config/Routes.php')
 6 SYSTEMPATH/CLI/Console.php(41): CodeIgniter\Router\RouteCollection->loadRoutes()
 7 SYSTEMPATH/Boot.php(444): CodeIgniter\CLI\Console->run()
 8 SYSTEMPATH/Boot.php(166): CodeIgniter\Boot::runCommand(Object(CodeIgniter\CLI\Console))
 9 ROOTPATH/spark(87): CodeIgniter\Boot::bootSpark(Object(Config\Paths))
ERROR - 2026-07-21 04:43:31 --> Table 'commission_config' already exists
in SYSTEMPATH/Database/MySQLi/Connection.php on line 300.
 1 SYSTEMPATH/Database/MySQLi/Connection.php(300): mysqli->query()
 2 SYSTEMPATH/Database/BaseConnection.php(908): CodeIgniter\Database\MySQLi\Connection->execute()
 3 SYSTEMPATH/Database/BaseConnection.php(825): CodeIgniter\Database\BaseConnection->simpleQuery()
 4 SYSTEMPATH/Database/Forge.php(570): CodeIgniter\Database\BaseConnection->query()
 5 APPPATH/Database/Migrations/2026-07-21-043513_CreateCommissionConfigTable.php(26): CodeIgniter\Database\Forge->createTable()
 6 SYSTEMPATH/Database/MigrationRunner.php(1014): App\Database\Migrations\CreateCommissionConfigTable->up()
 7 SYSTEMPATH/Database/MigrationRunner.php(202): CodeIgniter\Database\MigrationRunner->migrate()
 8 SYSTEMPATH/Commands/Database/Migrate.php(89): CodeIgniter\Database\MigrationRunner->latest()
 9 SYSTEMPATH/CLI/SignalTrait.php(245): CodeIgniter\Commands\Database\Migrate::{closure:CodeIgniter\Commands\Database\Migrate::run():88}()
10 SYSTEMPATH/Commands/Database/Migrate.php(88): CodeIgniter\Commands\Database\Migrate->withSignalsBlocked()
11 SYSTEMPATH/CLI/Commands.php(72): CodeIgniter\Commands\Database\Migrate->run()
12 SYSTEMPATH/CLI/BaseCommand.php(119): CodeIgniter\CLI\Commands->run()
13 SYSTEMPATH/Commands/Database/MigrateRefresh.php(91): CodeIgniter\CLI\BaseCommand->call()
14 SYSTEMPATH/CLI/SignalTrait.php(245): CodeIgniter\Commands\Database\MigrateRefresh->{closure:CodeIgniter\Commands\Database\MigrateRefresh::run():89}()
15 SYSTEMPATH/Commands/Database/MigrateRefresh.php(89): CodeIgniter\Commands\Database\MigrateRefresh->withSignalsBlocked()
16 SYSTEMPATH/CLI/Commands.php(72): CodeIgniter\Commands\Database\MigrateRefresh->run()
17 SYSTEMPATH/CLI/Console.php(47): CodeIgniter\CLI\Commands->run()
18 SYSTEMPATH/Boot.php(444): CodeIgniter\CLI\Console->run()
19 SYSTEMPATH/Boot.php(166): CodeIgniter\Boot::runCommand()
20 ROOTPATH/spark(87): CodeIgniter\Boot::bootSpark()
WARNING - 2026-07-21 04:44:48 --> [DEPRECATED] Passing lowercase HTTP method "get" is deprecated. Use uppercase HTTP method like "GET". in SYSTEMPATH/Router/RouteCollection.php on line 1026.
 1 SYSTEMPATH/Router/RouteCollection.php(1026): trigger_error('Passing lowercase HTTP method "get" is deprecated. Use uppercase HTTP method like "GET".', 16384)
 2 APPPATH/Config/Routes.php(47): CodeIgniter\Router\RouteCollection->match([...], 'depot', 'Client\\OperationController::depot')
 3 SYSTEMPATH/Router/RouteCollection.php(799): CodeIgniter\Router\RouteCollection->{closure:/home/mihaja/Documents/GitHub/Final_S4/app/Config/Routes.php:45}(Object(CodeIgniter\Router\RouteCollection))
 4 APPPATH/Config/Routes.php(45): CodeIgniter\Router\RouteCollection->group('client', [...], Object(Closure))
 5 SYSTEMPATH/Router/RouteCollection.php(339): require('/home/mihaja/Documents/GitHub/Final_S4/app/Config/Routes.php')
 6 SYSTEMPATH/CLI/Console.php(41): CodeIgniter\Router\RouteCollection->loadRoutes()
 7 SYSTEMPATH/Boot.php(444): CodeIgniter\CLI\Console->run()
 8 SYSTEMPATH/Boot.php(166): CodeIgniter\Boot::runCommand(Object(CodeIgniter\CLI\Console))
 9 ROOTPATH/spark(87): CodeIgniter\Boot::bootSpark(Object(Config\Paths))
WARNING - 2026-07-21 04:44:48 --> [DEPRECATED] Passing lowercase HTTP method "post" is deprecated. Use uppercase HTTP method like "POST". in SYSTEMPATH/Router/RouteCollection.php on line 1026.
 1 SYSTEMPATH/Router/RouteCollection.php(1026): trigger_error('Passing lowercase HTTP method "post" is deprecated. Use uppercase HTTP method like "POST".', 16384)
 2 APPPATH/Config/Routes.php(47): CodeIgniter\Router\RouteCollection->match([...], 'depot', 'Client\\OperationController::depot')
 3 SYSTEMPATH/Router/RouteCollection.php(799): CodeIgniter\Router\RouteCollection->{closure:/home/mihaja/Documents/GitHub/Final_S4/app/Config/Routes.php:45}(Object(CodeIgniter\Router\RouteCollection))
 4 APPPATH/Config/Routes.php(45): CodeIgniter\Router\RouteCollection->group('client', [...], Object(Closure))
 5 SYSTEMPATH/Router/RouteCollection.php(339): require('/home/mihaja/Documents/GitHub/Final_S4/app/Config/Routes.php')
 6 SYSTEMPATH/CLI/Console.php(41): CodeIgniter\Router\RouteCollection->loadRoutes()
 7 SYSTEMPATH/Boot.php(444): CodeIgniter\CLI\Console->run()
 8 SYSTEMPATH/Boot.php(166): CodeIgniter\Boot::runCommand(Object(CodeIgniter\CLI\Console))
 9 ROOTPATH/spark(87): CodeIgniter\Boot::bootSpark(Object(Config\Paths))
WARNING - 2026-07-21 04:44:48 --> [DEPRECATED] Passing lowercase HTTP method "get" is deprecated. Use uppercase HTTP method like "GET". in SYSTEMPATH/Router/RouteCollection.php on line 1026.
 1 SYSTEMPATH/Router/RouteCollection.php(1026): trigger_error('Passing lowercase HTTP method "get" is deprecated. Use uppercase HTTP method like "GET".', 16384)
 2 APPPATH/Config/Routes.php(48): CodeIgniter\Router\RouteCollection->match([...], 'retrait', 'Client\\OperationController::retrait')
 3 SYSTEMPATH/Router/RouteCollection.php(799): CodeIgniter\Router\RouteCollection->{closure:/home/mihaja/Documents/GitHub/Final_S4/app/Config/Routes.php:45}(Object(CodeIgniter\Router\RouteCollection))
 4 APPPATH/Config/Routes.php(45): CodeIgniter\Router\RouteCollection->group('client', [...], Object(Closure))
 5 SYSTEMPATH/Router/RouteCollection.php(339): require('/home/mihaja/Documents/GitHub/Final_S4/app/Config/Routes.php')
 6 SYSTEMPATH/CLI/Console.php(41): CodeIgniter\Router\RouteCollection->loadRoutes()
 7 SYSTEMPATH/Boot.php(444): CodeIgniter\CLI\Console->run()
 8 SYSTEMPATH/Boot.php(166): CodeIgniter\Boot::runCommand(Object(CodeIgniter\CLI\Console))
 9 ROOTPATH/spark(87): CodeIgniter\Boot::bootSpark(Object(Config\Paths))
WARNING - 2026-07-21 04:44:48 --> [DEPRECATED] Passing lowercase HTTP method "post" is deprecated. Use uppercase HTTP method like "POST". in SYSTEMPATH/Router/RouteCollection.php on line 1026.
 1 SYSTEMPATH/Router/RouteCollection.php(1026): trigger_error('Passing lowercase HTTP method "post" is deprecated. Use uppercase HTTP method like "POST".', 16384)
 2 APPPATH/Config/Routes.php(48): CodeIgniter\Router\RouteCollection->match([...], 'retrait', 'Client\\OperationController::retrait')
 3 SYSTEMPATH/Router/RouteCollection.php(799): CodeIgniter\Router\RouteCollection->{closure:/home/mihaja/Documents/GitHub/Final_S4/app/Config/Routes.php:45}(Object(CodeIgniter\Router\RouteCollection))
 4 APPPATH/Config/Routes.php(45): CodeIgniter\Router\RouteCollection->group('client', [...], Object(Closure))
 5 SYSTEMPATH/Router/RouteCollection.php(339): require('/home/mihaja/Documents/GitHub/Final_S4/app/Config/Routes.php')
 6 SYSTEMPATH/CLI/Console.php(41): CodeIgniter\Router\RouteCollection->loadRoutes()
 7 SYSTEMPATH/Boot.php(444): CodeIgniter\CLI\Console->run()
 8 SYSTEMPATH/Boot.php(166): CodeIgniter\Boot::runCommand(Object(CodeIgniter\CLI\Console))
 9 ROOTPATH/spark(87): CodeIgniter\Boot::bootSpark(Object(Config\Paths))
WARNING - 2026-07-21 04:44:48 --> [DEPRECATED] Passing lowercase HTTP method "get" is deprecated. Use uppercase HTTP method like "GET". in SYSTEMPATH/Router/RouteCollection.php on line 1026.
 1 SYSTEMPATH/Router/RouteCollection.php(1026): trigger_error('Passing lowercase HTTP method "get" is deprecated. Use uppercase HTTP method like "GET".', 16384)
 2 APPPATH/Config/Routes.php(49): CodeIgniter\Router\RouteCollection->match([...], 'transfert', 'Client\\OperationController::transfert')
 3 SYSTEMPATH/Router/RouteCollection.php(799): CodeIgniter\Router\RouteCollection->{closure:/home/mihaja/Documents/GitHub/Final_S4/app/Config/Routes.php:45}(Object(CodeIgniter\Router\RouteCollection))
 4 APPPATH/Config/Routes.php(45): CodeIgniter\Router\RouteCollection->group('client', [...], Object(Closure))
 5 SYSTEMPATH/Router/RouteCollection.php(339): require('/home/mihaja/Documents/GitHub/Final_S4/app/Config/Routes.php')
 6 SYSTEMPATH/CLI/Console.php(41): CodeIgniter\Router\RouteCollection->loadRoutes()
 7 SYSTEMPATH/Boot.php(444): CodeIgniter\CLI\Console->run()
 8 SYSTEMPATH/Boot.php(166): CodeIgniter\Boot::runCommand(Object(CodeIgniter\CLI\Console))
 9 ROOTPATH/spark(87): CodeIgniter\Boot::bootSpark(Object(Config\Paths))
WARNING - 2026-07-21 04:44:48 --> [DEPRECATED] Passing lowercase HTTP method "post" is deprecated. Use uppercase HTTP method like "POST". in SYSTEMPATH/Router/RouteCollection.php on line 1026.
 1 SYSTEMPATH/Router/RouteCollection.php(1026): trigger_error('Passing lowercase HTTP method "post" is deprecated. Use uppercase HTTP method like "POST".', 16384)
 2 APPPATH/Config/Routes.php(49): CodeIgniter\Router\RouteCollection->match([...], 'transfert', 'Client\\OperationController::transfert')
 3 SYSTEMPATH/Router/RouteCollection.php(799): CodeIgniter\Router\RouteCollection->{closure:/home/mihaja/Documents/GitHub/Final_S4/app/Config/Routes.php:45}(Object(CodeIgniter\Router\RouteCollection))
 4 APPPATH/Config/Routes.php(45): CodeIgniter\Router\RouteCollection->group('client', [...], Object(Closure))
 5 SYSTEMPATH/Router/RouteCollection.php(339): require('/home/mihaja/Documents/GitHub/Final_S4/app/Config/Routes.php')
 6 SYSTEMPATH/CLI/Console.php(41): CodeIgniter\Router\RouteCollection->loadRoutes()
 7 SYSTEMPATH/Boot.php(444): CodeIgniter\CLI\Console->run()
 8 SYSTEMPATH/Boot.php(166): CodeIgniter\Boot::runCommand(Object(CodeIgniter\CLI\Console))
 9 ROOTPATH/spark(87): CodeIgniter\Boot::bootSpark(Object(Config\Paths))
WARNING - 2026-07-21 04:45:08 --> [DEPRECATED] Passing lowercase HTTP method "get" is deprecated. Use uppercase HTTP method like "GET". in SYSTEMPATH/Router/RouteCollection.php on line 1026.
 1 SYSTEMPATH/Router/RouteCollection.php(1026): trigger_error('Passing lowercase HTTP method "get" is deprecated. Use uppercase HTTP method like "GET".', 16384)
 2 APPPATH/Config/Routes.php(47): CodeIgniter\Router\RouteCollection->match([...], 'depot', 'Client\\OperationController::depot')
 3 SYSTEMPATH/Router/RouteCollection.php(799): CodeIgniter\Router\RouteCollection->{closure:/home/mihaja/Documents/GitHub/Final_S4/app/Config/Routes.php:45}(Object(CodeIgniter\Router\RouteCollection))
 4 APPPATH/Config/Routes.php(45): CodeIgniter\Router\RouteCollection->group('client', [...], Object(Closure))
 5 SYSTEMPATH/Router/RouteCollection.php(339): require('/home/mihaja/Documents/GitHub/Final_S4/app/Config/Routes.php')
 6 SYSTEMPATH/CLI/Console.php(41): CodeIgniter\Router\RouteCollection->loadRoutes()
 7 SYSTEMPATH/Boot.php(444): CodeIgniter\CLI\Console->run()
 8 SYSTEMPATH/Boot.php(166): CodeIgniter\Boot::runCommand(Object(CodeIgniter\CLI\Console))
 9 ROOTPATH/spark(87): CodeIgniter\Boot::bootSpark(Object(Config\Paths))
WARNING - 2026-07-21 04:45:08 --> [DEPRECATED] Passing lowercase HTTP method "post" is deprecated. Use uppercase HTTP method like "POST". in SYSTEMPATH/Router/RouteCollection.php on line 1026.
 1 SYSTEMPATH/Router/RouteCollection.php(1026): trigger_error('Passing lowercase HTTP method "post" is deprecated. Use uppercase HTTP method like "POST".', 16384)
 2 APPPATH/Config/Routes.php(47): CodeIgniter\Router\RouteCollection->match([...], 'depot', 'Client\\OperationController::depot')
 3 SYSTEMPATH/Router/RouteCollection.php(799): CodeIgniter\Router\RouteCollection->{closure:/home/mihaja/Documents/GitHub/Final_S4/app/Config/Routes.php:45}(Object(CodeIgniter\Router\RouteCollection))
 4 APPPATH/Config/Routes.php(45): CodeIgniter\Router\RouteCollection->group('client', [...], Object(Closure))
 5 SYSTEMPATH/Router/RouteCollection.php(339): require('/home/mihaja/Documents/GitHub/Final_S4/app/Config/Routes.php')
 6 SYSTEMPATH/CLI/Console.php(41): CodeIgniter\Router\RouteCollection->loadRoutes()
 7 SYSTEMPATH/Boot.php(444): CodeIgniter\CLI\Console->run()
 8 SYSTEMPATH/Boot.php(166): CodeIgniter\Boot::runCommand(Object(CodeIgniter\CLI\Console))
 9 ROOTPATH/spark(87): CodeIgniter\Boot::bootSpark(Object(Config\Paths))
WARNING - 2026-07-21 04:45:08 --> [DEPRECATED] Passing lowercase HTTP method "get" is deprecated. Use uppercase HTTP method like "GET". in SYSTEMPATH/Router/RouteCollection.php on line 1026.
 1 SYSTEMPATH/Router/RouteCollection.php(1026): trigger_error('Passing lowercase HTTP method "get" is deprecated. Use uppercase HTTP method like "GET".', 16384)
 2 APPPATH/Config/Routes.php(48): CodeIgniter\Router\RouteCollection->match([...], 'retrait', 'Client\\OperationController::retrait')
 3 SYSTEMPATH/Router/RouteCollection.php(799): CodeIgniter\Router\RouteCollection->{closure:/home/mihaja/Documents/GitHub/Final_S4/app/Config/Routes.php:45}(Object(CodeIgniter\Router\RouteCollection))
 4 APPPATH/Config/Routes.php(45): CodeIgniter\Router\RouteCollection->group('client', [...], Object(Closure))
 5 SYSTEMPATH/Router/RouteCollection.php(339): require('/home/mihaja/Documents/GitHub/Final_S4/app/Config/Routes.php')
 6 SYSTEMPATH/CLI/Console.php(41): CodeIgniter\Router\RouteCollection->loadRoutes()
 7 SYSTEMPATH/Boot.php(444): CodeIgniter\CLI\Console->run()
 8 SYSTEMPATH/Boot.php(166): CodeIgniter\Boot::runCommand(Object(CodeIgniter\CLI\Console))
 9 ROOTPATH/spark(87): CodeIgniter\Boot::bootSpark(Object(Config\Paths))
WARNING - 2026-07-21 04:45:08 --> [DEPRECATED] Passing lowercase HTTP method "post" is deprecated. Use uppercase HTTP method like "POST". in SYSTEMPATH/Router/RouteCollection.php on line 1026.
 1 SYSTEMPATH/Router/RouteCollection.php(1026): trigger_error('Passing lowercase HTTP method "post" is deprecated. Use uppercase HTTP method like "POST".', 16384)
 2 APPPATH/Config/Routes.php(48): CodeIgniter\Router\RouteCollection->match([...], 'retrait', 'Client\\OperationController::retrait')
 3 SYSTEMPATH/Router/RouteCollection.php(799): CodeIgniter\Router\RouteCollection->{closure:/home/mihaja/Documents/GitHub/Final_S4/app/Config/Routes.php:45}(Object(CodeIgniter\Router\RouteCollection))
 4 APPPATH/Config/Routes.php(45): CodeIgniter\Router\RouteCollection->group('client', [...], Object(Closure))
 5 SYSTEMPATH/Router/RouteCollection.php(339): require('/home/mihaja/Documents/GitHub/Final_S4/app/Config/Routes.php')
 6 SYSTEMPATH/CLI/Console.php(41): CodeIgniter\Router\RouteCollection->loadRoutes()
 7 SYSTEMPATH/Boot.php(444): CodeIgniter\CLI\Console->run()
 8 SYSTEMPATH/Boot.php(166): CodeIgniter\Boot::runCommand(Object(CodeIgniter\CLI\Console))
 9 ROOTPATH/spark(87): CodeIgniter\Boot::bootSpark(Object(Config\Paths))
WARNING - 2026-07-21 04:45:08 --> [DEPRECATED] Passing lowercase HTTP method "get" is deprecated. Use uppercase HTTP method like "GET". in SYSTEMPATH/Router/RouteCollection.php on line 1026.
 1 SYSTEMPATH/Router/RouteCollection.php(1026): trigger_error('Passing lowercase HTTP method "get" is deprecated. Use uppercase HTTP method like "GET".', 16384)
 2 APPPATH/Config/Routes.php(49): CodeIgniter\Router\RouteCollection->match([...], 'transfert', 'Client\\OperationController::transfert')
 3 SYSTEMPATH/Router/RouteCollection.php(799): CodeIgniter\Router\RouteCollection->{closure:/home/mihaja/Documents/GitHub/Final_S4/app/Config/Routes.php:45}(Object(CodeIgniter\Router\RouteCollection))
 4 APPPATH/Config/Routes.php(45): CodeIgniter\Router\RouteCollection->group('client', [...], Object(Closure))
 5 SYSTEMPATH/Router/RouteCollection.php(339): require('/home/mihaja/Documents/GitHub/Final_S4/app/Config/Routes.php')
 6 SYSTEMPATH/CLI/Console.php(41): CodeIgniter\Router\RouteCollection->loadRoutes()
 7 SYSTEMPATH/Boot.php(444): CodeIgniter\CLI\Console->run()
 8 SYSTEMPATH/Boot.php(166): CodeIgniter\Boot::runCommand(Object(CodeIgniter\CLI\Console))
 9 ROOTPATH/spark(87): CodeIgniter\Boot::bootSpark(Object(Config\Paths))
WARNING - 2026-07-21 04:45:08 --> [DEPRECATED] Passing lowercase HTTP method "post" is deprecated. Use uppercase HTTP method like "POST". in SYSTEMPATH/Router/RouteCollection.php on line 1026.
 1 SYSTEMPATH/Router/RouteCollection.php(1026): trigger_error('Passing lowercase HTTP method "post" is deprecated. Use uppercase HTTP method like "POST".', 16384)
 2 APPPATH/Config/Routes.php(49): CodeIgniter\Router\RouteCollection->match([...], 'transfert', 'Client\\OperationController::transfert')
 3 SYSTEMPATH/Router/RouteCollection.php(799): CodeIgniter\Router\RouteCollection->{closure:/home/mihaja/Documents/GitHub/Final_S4/app/Config/Routes.php:45}(Object(CodeIgniter\Router\RouteCollection))
 4 APPPATH/Config/Routes.php(45): CodeIgniter\Router\RouteCollection->group('client', [...], Object(Closure))
 5 SYSTEMPATH/Router/RouteCollection.php(339): require('/home/mihaja/Documents/GitHub/Final_S4/app/Config/Routes.php')
 6 SYSTEMPATH/CLI/Console.php(41): CodeIgniter\Router\RouteCollection->loadRoutes()
 7 SYSTEMPATH/Boot.php(444): CodeIgniter\CLI\Console->run()
 8 SYSTEMPATH/Boot.php(166): CodeIgniter\Boot::runCommand(Object(CodeIgniter\CLI\Console))
 9 ROOTPATH/spark(87): CodeIgniter\Boot::bootSpark(Object(Config\Paths))
WARNING - 2026-07-21 04:45:14 --> [DEPRECATED] Passing lowercase HTTP method "get" is deprecated. Use uppercase HTTP method like "GET". in SYSTEMPATH/Router/RouteCollection.php on line 1026.
 1 SYSTEMPATH/Router/RouteCollection.php(1026): trigger_error('Passing lowercase HTTP method "get" is deprecated. Use uppercase HTTP method like "GET".', 16384)
 2 APPPATH/Config/Routes.php(47): CodeIgniter\Router\RouteCollection->match([...], 'depot', 'Client\\OperationController::depot')
 3 SYSTEMPATH/Router/RouteCollection.php(799): CodeIgniter\Router\RouteCollection->{closure:/home/mihaja/Documents/GitHub/Final_S4/app/Config/Routes.php:45}(Object(CodeIgniter\Router\RouteCollection))
 4 APPPATH/Config/Routes.php(45): CodeIgniter\Router\RouteCollection->group('client', [...], Object(Closure))
 5 SYSTEMPATH/Router/RouteCollection.php(339): require('/home/mihaja/Documents/GitHub/Final_S4/app/Config/Routes.php')
 6 SYSTEMPATH/CodeIgniter.php(841): CodeIgniter\Router\RouteCollection->loadRoutes()
 7 SYSTEMPATH/CodeIgniter.php(464): CodeIgniter\CodeIgniter->tryToRouteIt(null)
 8 SYSTEMPATH/CodeIgniter.php(363): CodeIgniter\CodeIgniter->handleRequest(null, Object(Config\Cache), false)
 9 SYSTEMPATH/Boot.php(417): CodeIgniter\CodeIgniter->run()
10 SYSTEMPATH/Boot.php(68): CodeIgniter\Boot::runCodeIgniter(Object(CodeIgniter\CodeIgniter))
11 FCPATH/index.php(59): CodeIgniter\Boot::bootWeb(Object(Config\Paths))
12 SYSTEMPATH/rewrite.php(44): require_once('/home/mihaja/Documents/GitHub/Final_S4/public/index.php')
WARNING - 2026-07-21 04:45:14 --> [DEPRECATED] Passing lowercase HTTP method "post" is deprecated. Use uppercase HTTP method like "POST". in SYSTEMPATH/Router/RouteCollection.php on line 1026.
 1 SYSTEMPATH/Router/RouteCollection.php(1026): trigger_error('Passing lowercase HTTP method "post" is deprecated. Use uppercase HTTP method like "POST".', 16384)
 2 APPPATH/Config/Routes.php(47): CodeIgniter\Router\RouteCollection->match([...], 'depot', 'Client\\OperationController::depot')
 3 SYSTEMPATH/Router/RouteCollection.php(799): CodeIgniter\Router\RouteCollection->{closure:/home/mihaja/Documents/GitHub/Final_S4/app/Config/Routes.php:45}(Object(CodeIgniter\Router\RouteCollection))
 4 APPPATH/Config/Routes.php(45): CodeIgniter\Router\RouteCollection->group('client', [...], Object(Closure))
 5 SYSTEMPATH/Router/RouteCollection.php(339): require('/home/mihaja/Documents/GitHub/Final_S4/app/Config/Routes.php')
 6 SYSTEMPATH/CodeIgniter.php(841): CodeIgniter\Router\RouteCollection->loadRoutes()
 7 SYSTEMPATH/CodeIgniter.php(464): CodeIgniter\CodeIgniter->tryToRouteIt(null)
 8 SYSTEMPATH/CodeIgniter.php(363): CodeIgniter\CodeIgniter->handleRequest(null, Object(Config\Cache), false)
 9 SYSTEMPATH/Boot.php(417): CodeIgniter\CodeIgniter->run()
10 SYSTEMPATH/Boot.php(68): CodeIgniter\Boot::runCodeIgniter(Object(CodeIgniter\CodeIgniter))
11 FCPATH/index.php(59): CodeIgniter\Boot::bootWeb(Object(Config\Paths))
12 SYSTEMPATH/rewrite.php(44): require_once('/home/mihaja/Documents/GitHub/Final_S4/public/index.php')
WARNING - 2026-07-21 04:45:14 --> [DEPRECATED] Passing lowercase HTTP method "get" is deprecated. Use uppercase HTTP method like "GET". in SYSTEMPATH/Router/RouteCollection.php on line 1026.
 1 SYSTEMPATH/Router/RouteCollection.php(1026): trigger_error('Passing lowercase HTTP method "get" is deprecated. Use uppercase HTTP method like "GET".', 16384)
 2 APPPATH/Config/Routes.php(48): CodeIgniter\Router\RouteCollection->match([...], 'retrait', 'Client\\OperationController::retrait')
 3 SYSTEMPATH/Router/RouteCollection.php(799): CodeIgniter\Router\RouteCollection->{closure:/home/mihaja/Documents/GitHub/Final_S4/app/Config/Routes.php:45}(Object(CodeIgniter\Router\RouteCollection))
 4 APPPATH/Config/Routes.php(45): CodeIgniter\Router\RouteCollection->group('client', [...], Object(Closure))
 5 SYSTEMPATH/Router/RouteCollection.php(339): require('/home/mihaja/Documents/GitHub/Final_S4/app/Config/Routes.php')
 6 SYSTEMPATH/CodeIgniter.php(841): CodeIgniter\Router\RouteCollection->loadRoutes()
 7 SYSTEMPATH/CodeIgniter.php(464): CodeIgniter\CodeIgniter->tryToRouteIt(null)
 8 SYSTEMPATH/CodeIgniter.php(363): CodeIgniter\CodeIgniter->handleRequest(null, Object(Config\Cache), false)
 9 SYSTEMPATH/Boot.php(417): CodeIgniter\CodeIgniter->run()
10 SYSTEMPATH/Boot.php(68): CodeIgniter\Boot::runCodeIgniter(Object(CodeIgniter\CodeIgniter))
11 FCPATH/index.php(59): CodeIgniter\Boot::bootWeb(Object(Config\Paths))
12 SYSTEMPATH/rewrite.php(44): require_once('/home/mihaja/Documents/GitHub/Final_S4/public/index.php')
WARNING - 2026-07-21 04:45:14 --> [DEPRECATED] Passing lowercase HTTP method "post" is deprecated. Use uppercase HTTP method like "POST". in SYSTEMPATH/Router/RouteCollection.php on line 1026.
 1 SYSTEMPATH/Router/RouteCollection.php(1026): trigger_error('Passing lowercase HTTP method "post" is deprecated. Use uppercase HTTP method like "POST".', 16384)
 2 APPPATH/Config/Routes.php(48): CodeIgniter\Router\RouteCollection->match([...], 'retrait', 'Client\\OperationController::retrait')
 3 SYSTEMPATH/Router/RouteCollection.php(799): CodeIgniter\Router\RouteCollection->{closure:/home/mihaja/Documents/GitHub/Final_S4/app/Config/Routes.php:45}(Object(CodeIgniter\Router\RouteCollection))
 4 APPPATH/Config/Routes.php(45): CodeIgniter\Router\RouteCollection->group('client', [...], Object(Closure))
 5 SYSTEMPATH/Router/RouteCollection.php(339): require('/home/mihaja/Documents/GitHub/Final_S4/app/Config/Routes.php')
 6 SYSTEMPATH/CodeIgniter.php(841): CodeIgniter\Router\RouteCollection->loadRoutes()
 7 SYSTEMPATH/CodeIgniter.php(464): CodeIgniter\CodeIgniter->tryToRouteIt(null)
 8 SYSTEMPATH/CodeIgniter.php(363): CodeIgniter\CodeIgniter->handleRequest(null, Object(Config\Cache), false)
 9 SYSTEMPATH/Boot.php(417): CodeIgniter\CodeIgniter->run()
10 SYSTEMPATH/Boot.php(68): CodeIgniter\Boot::runCodeIgniter(Object(CodeIgniter\CodeIgniter))
11 FCPATH/index.php(59): CodeIgniter\Boot::bootWeb(Object(Config\Paths))
12 SYSTEMPATH/rewrite.php(44): require_once('/home/mihaja/Documents/GitHub/Final_S4/public/index.php')
WARNING - 2026-07-21 04:45:14 --> [DEPRECATED] Passing lowercase HTTP method "get" is deprecated. Use uppercase HTTP method like "GET". in SYSTEMPATH/Router/RouteCollection.php on line 1026.
 1 SYSTEMPATH/Router/RouteCollection.php(1026): trigger_error('Passing lowercase HTTP method "get" is deprecated. Use uppercase HTTP method like "GET".', 16384)
 2 APPPATH/Config/Routes.php(49): CodeIgniter\Router\RouteCollection->match([...], 'transfert', 'Client\\OperationController::transfert')
 3 SYSTEMPATH/Router/RouteCollection.php(799): CodeIgniter\Router\RouteCollection->{closure:/home/mihaja/Documents/GitHub/Final_S4/app/Config/Routes.php:45}(Object(CodeIgniter\Router\RouteCollection))
 4 APPPATH/Config/Routes.php(45): CodeIgniter\Router\RouteCollection->group('client', [...], Object(Closure))
 5 SYSTEMPATH/Router/RouteCollection.php(339): require('/home/mihaja/Documents/GitHub/Final_S4/app/Config/Routes.php')
 6 SYSTEMPATH/CodeIgniter.php(841): CodeIgniter\Router\RouteCollection->loadRoutes()
 7 SYSTEMPATH/CodeIgniter.php(464): CodeIgniter\CodeIgniter->tryToRouteIt(null)
 8 SYSTEMPATH/CodeIgniter.php(363): CodeIgniter\CodeIgniter->handleRequest(null, Object(Config\Cache), false)
 9 SYSTEMPATH/Boot.php(417): CodeIgniter\CodeIgniter->run()
10 SYSTEMPATH/Boot.php(68): CodeIgniter\Boot::runCodeIgniter(Object(CodeIgniter\CodeIgniter))
11 FCPATH/index.php(59): CodeIgniter\Boot::bootWeb(Object(Config\Paths))
12 SYSTEMPATH/rewrite.php(44): require_once('/home/mihaja/Documents/GitHub/Final_S4/public/index.php')
WARNING - 2026-07-21 04:45:14 --> [DEPRECATED] Passing lowercase HTTP method "post" is deprecated. Use uppercase HTTP method like "POST". in SYSTEMPATH/Router/RouteCollection.php on line 1026.
 1 SYSTEMPATH/Router/RouteCollection.php(1026): trigger_error('Passing lowercase HTTP method "post" is deprecated. Use uppercase HTTP method like "POST".', 16384)
 2 APPPATH/Config/Routes.php(49): CodeIgniter\Router\RouteCollection->match([...], 'transfert', 'Client\\OperationController::transfert')
 3 SYSTEMPATH/Router/RouteCollection.php(799): CodeIgniter\Router\RouteCollection->{closure:/home/mihaja/Documents/GitHub/Final_S4/app/Config/Routes.php:45}(Object(CodeIgniter\Router\RouteCollection))
 4 APPPATH/Config/Routes.php(45): CodeIgniter\Router\RouteCollection->group('client', [...], Object(Closure))
 5 SYSTEMPATH/Router/RouteCollection.php(339): require('/home/mihaja/Documents/GitHub/Final_S4/app/Config/Routes.php')
 6 SYSTEMPATH/CodeIgniter.php(841): CodeIgniter\Router\RouteCollection->loadRoutes()
 7 SYSTEMPATH/CodeIgniter.php(464): CodeIgniter\CodeIgniter->tryToRouteIt(null)
 8 SYSTEMPATH/CodeIgniter.php(363): CodeIgniter\CodeIgniter->handleRequest(null, Object(Config\Cache), false)
 9 SYSTEMPATH/Boot.php(417): CodeIgniter\CodeIgniter->run()
10 SYSTEMPATH/Boot.php(68): CodeIgniter\Boot::runCodeIgniter(Object(CodeIgniter\CodeIgniter))
11 FCPATH/index.php(59): CodeIgniter\Boot::bootWeb(Object(Config\Paths))
12 SYSTEMPATH/rewrite.php(44): require_once('/home/mihaja/Documents/GitHub/Final_S4/public/index.php')
DEBUG - 2026-07-21 04:45:14 --> Session: Class initialized using 'CodeIgniter\Session\Handlers\FileHandler' driver.
WARNING - 2026-07-21 04:45:23 --> [DEPRECATED] Passing lowercase HTTP method "get" is deprecated. Use uppercase HTTP method like "GET". in SYSTEMPATH/Router/RouteCollection.php on line 1026.
 1 SYSTEMPATH/Router/RouteCollection.php(1026): trigger_error('Passing lowercase HTTP method "get" is deprecated. Use uppercase HTTP method like "GET".', 16384)
 2 APPPATH/Config/Routes.php(47): CodeIgniter\Router\RouteCollection->match([...], 'depot', 'Client\\OperationController::depot')
 3 SYSTEMPATH/Router/RouteCollection.php(799): CodeIgniter\Router\RouteCollection->{closure:/home/mihaja/Documents/GitHub/Final_S4/app/Config/Routes.php:45}(Object(CodeIgniter\Router\RouteCollection))
 4 APPPATH/Config/Routes.php(45): CodeIgniter\Router\RouteCollection->group('client', [...], Object(Closure))
 5 SYSTEMPATH/Router/RouteCollection.php(339): require('/home/mihaja/Documents/GitHub/Final_S4/app/Config/Routes.php')
 6 SYSTEMPATH/CodeIgniter.php(841): CodeIgniter\Router\RouteCollection->loadRoutes()
 7 SYSTEMPATH/CodeIgniter.php(464): CodeIgniter\CodeIgniter->tryToRouteIt(null)
 8 SYSTEMPATH/CodeIgniter.php(363): CodeIgniter\CodeIgniter->handleRequest(null, Object(Config\Cache), false)
 9 SYSTEMPATH/Boot.php(417): CodeIgniter\CodeIgniter->run()
10 SYSTEMPATH/Boot.php(68): CodeIgniter\Boot::runCodeIgniter(Object(CodeIgniter\CodeIgniter))
11 FCPATH/index.php(59): CodeIgniter\Boot::bootWeb(Object(Config\Paths))
12 SYSTEMPATH/rewrite.php(44): require_once('/home/mihaja/Documents/GitHub/Final_S4/public/index.php')
WARNING - 2026-07-21 04:45:23 --> [DEPRECATED] Passing lowercase HTTP method "post" is deprecated. Use uppercase HTTP method like "POST". in SYSTEMPATH/Router/RouteCollection.php on line 1026.
 1 SYSTEMPATH/Router/RouteCollection.php(1026): trigger_error('Passing lowercase HTTP method "post" is deprecated. Use uppercase HTTP method like "POST".', 16384)
 2 APPPATH/Config/Routes.php(47): CodeIgniter\Router\RouteCollection->match([...], 'depot', 'Client\\OperationController::depot')
 3 SYSTEMPATH/Router/RouteCollection.php(799): CodeIgniter\Router\RouteCollection->{closure:/home/mihaja/Documents/GitHub/Final_S4/app/Config/Routes.php:45}(Object(CodeIgniter\Router\RouteCollection))
 4 APPPATH/Config/Routes.php(45): CodeIgniter\Router\RouteCollection->group('client', [...], Object(Closure))
 5 SYSTEMPATH/Router/RouteCollection.php(339): require('/home/mihaja/Documents/GitHub/Final_S4/app/Config/Routes.php')
 6 SYSTEMPATH/CodeIgniter.php(841): CodeIgniter\Router\RouteCollection->loadRoutes()
 7 SYSTEMPATH/CodeIgniter.php(464): CodeIgniter\CodeIgniter->tryToRouteIt(null)
 8 SYSTEMPATH/CodeIgniter.php(363): CodeIgniter\CodeIgniter->handleRequest(null, Object(Config\Cache), false)
 9 SYSTEMPATH/Boot.php(417): CodeIgniter\CodeIgniter->run()
10 SYSTEMPATH/Boot.php(68): CodeIgniter\Boot::runCodeIgniter(Object(CodeIgniter\CodeIgniter))
11 FCPATH/index.php(59): CodeIgniter\Boot::bootWeb(Object(Config\Paths))
12 SYSTEMPATH/rewrite.php(44): require_once('/home/mihaja/Documents/GitHub/Final_S4/public/index.php')
WARNING - 2026-07-21 04:45:23 --> [DEPRECATED] Passing lowercase HTTP method "get" is deprecated. Use uppercase HTTP method like "GET". in SYSTEMPATH/Router/RouteCollection.php on line 1026.
 1 SYSTEMPATH/Router/RouteCollection.php(1026): trigger_error('Passing lowercase HTTP method "get" is deprecated. Use uppercase HTTP method like "GET".', 16384)
 2 APPPATH/Config/Routes.php(48): CodeIgniter\Router\RouteCollection->match([...], 'retrait', 'Client\\OperationController::retrait')
 3 SYSTEMPATH/Router/RouteCollection.php(799): CodeIgniter\Router\RouteCollection->{closure:/home/mihaja/Documents/GitHub/Final_S4/app/Config/Routes.php:45}(Object(CodeIgniter\Router\RouteCollection))
 4 APPPATH/Config/Routes.php(45): CodeIgniter\Router\RouteCollection->group('client', [...], Object(Closure))
 5 SYSTEMPATH/Router/RouteCollection.php(339): require('/home/mihaja/Documents/GitHub/Final_S4/app/Config/Routes.php')
 6 SYSTEMPATH/CodeIgniter.php(841): CodeIgniter\Router\RouteCollection->loadRoutes()
 7 SYSTEMPATH/CodeIgniter.php(464): CodeIgniter\CodeIgniter->tryToRouteIt(null)
 8 SYSTEMPATH/CodeIgniter.php(363): CodeIgniter\CodeIgniter->handleRequest(null, Object(Config\Cache), false)
 9 SYSTEMPATH/Boot.php(417): CodeIgniter\CodeIgniter->run()
10 SYSTEMPATH/Boot.php(68): CodeIgniter\Boot::runCodeIgniter(Object(CodeIgniter\CodeIgniter))
11 FCPATH/index.php(59): CodeIgniter\Boot::bootWeb(Object(Config\Paths))
12 SYSTEMPATH/rewrite.php(44): require_once('/home/mihaja/Documents/GitHub/Final_S4/public/index.php')
WARNING - 2026-07-21 04:45:23 --> [DEPRECATED] Passing lowercase HTTP method "post" is deprecated. Use uppercase HTTP method like "POST". in SYSTEMPATH/Router/RouteCollection.php on line 1026.
 1 SYSTEMPATH/Router/RouteCollection.php(1026): trigger_error('Passing lowercase HTTP method "post" is deprecated. Use uppercase HTTP method like "POST".', 16384)
 2 APPPATH/Config/Routes.php(48): CodeIgniter\Router\RouteCollection->match([...], 'retrait', 'Client\\OperationController::retrait')
 3 SYSTEMPATH/Router/RouteCollection.php(799): CodeIgniter\Router\RouteCollection->{closure:/home/mihaja/Documents/GitHub/Final_S4/app/Config/Routes.php:45}(Object(CodeIgniter\Router\RouteCollection))
 4 APPPATH/Config/Routes.php(45): CodeIgniter\Router\RouteCollection->group('client', [...], Object(Closure))
 5 SYSTEMPATH/Router/RouteCollection.php(339): require('/home/mihaja/Documents/GitHub/Final_S4/app/Config/Routes.php')
 6 SYSTEMPATH/CodeIgniter.php(841): CodeIgniter\Router\RouteCollection->loadRoutes()
 7 SYSTEMPATH/CodeIgniter.php(464): CodeIgniter\CodeIgniter->tryToRouteIt(null)
 8 SYSTEMPATH/CodeIgniter.php(363): CodeIgniter\CodeIgniter->handleRequest(null, Object(Config\Cache), false)
 9 SYSTEMPATH/Boot.php(417): CodeIgniter\CodeIgniter->run()
10 SYSTEMPATH/Boot.php(68): CodeIgniter\Boot::runCodeIgniter(Object(CodeIgniter\CodeIgniter))
11 FCPATH/index.php(59): CodeIgniter\Boot::bootWeb(Object(Config\Paths))
12 SYSTEMPATH/rewrite.php(44): require_once('/home/mihaja/Documents/GitHub/Final_S4/public/index.php')
WARNING - 2026-07-21 04:45:23 --> [DEPRECATED] Passing lowercase HTTP method "get" is deprecated. Use uppercase HTTP method like "GET". in SYSTEMPATH/Router/RouteCollection.php on line 1026.
 1 SYSTEMPATH/Router/RouteCollection.php(1026): trigger_error('Passing lowercase HTTP method "get" is deprecated. Use uppercase HTTP method like "GET".', 16384)
 2 APPPATH/Config/Routes.php(49): CodeIgniter\Router\RouteCollection->match([...], 'transfert', 'Client\\OperationController::transfert')
 3 SYSTEMPATH/Router/RouteCollection.php(799): CodeIgniter\Router\RouteCollection->{closure:/home/mihaja/Documents/GitHub/Final_S4/app/Config/Routes.php:45}(Object(CodeIgniter\Router\RouteCollection))
 4 APPPATH/Config/Routes.php(45): CodeIgniter\Router\RouteCollection->group('client', [...], Object(Closure))
 5 SYSTEMPATH/Router/RouteCollection.php(339): require('/home/mihaja/Documents/GitHub/Final_S4/app/Config/Routes.php')
 6 SYSTEMPATH/CodeIgniter.php(841): CodeIgniter\Router\RouteCollection->loadRoutes()
 7 SYSTEMPATH/CodeIgniter.php(464): CodeIgniter\CodeIgniter->tryToRouteIt(null)
 8 SYSTEMPATH/CodeIgniter.php(363): CodeIgniter\CodeIgniter->handleRequest(null, Object(Config\Cache), false)
 9 SYSTEMPATH/Boot.php(417): CodeIgniter\CodeIgniter->run()
10 SYSTEMPATH/Boot.php(68): CodeIgniter\Boot::runCodeIgniter(Object(CodeIgniter\CodeIgniter))
11 FCPATH/index.php(59): CodeIgniter\Boot::bootWeb(Object(Config\Paths))
12 SYSTEMPATH/rewrite.php(44): require_once('/home/mihaja/Documents/GitHub/Final_S4/public/index.php')
WARNING - 2026-07-21 04:45:23 --> [DEPRECATED] Passing lowercase HTTP method "post" is deprecated. Use uppercase HTTP method like "POST". in SYSTEMPATH/Router/RouteCollection.php on line 1026.
 1 SYSTEMPATH/Router/RouteCollection.php(1026): trigger_error('Passing lowercase HTTP method "post" is deprecated. Use uppercase HTTP method like "POST".', 16384)
 2 APPPATH/Config/Routes.php(49): CodeIgniter\Router\RouteCollection->match([...], 'transfert', 'Client\\OperationController::transfert')
 3 SYSTEMPATH/Router/RouteCollection.php(799): CodeIgniter\Router\RouteCollection->{closure:/home/mihaja/Documents/GitHub/Final_S4/app/Config/Routes.php:45}(Object(CodeIgniter\Router\RouteCollection))
 4 APPPATH/Config/Routes.php(45): CodeIgniter\Router\RouteCollection->group('client', [...], Object(Closure))
 5 SYSTEMPATH/Router/RouteCollection.php(339): require('/home/mihaja/Documents/GitHub/Final_S4/app/Config/Routes.php')
 6 SYSTEMPATH/CodeIgniter.php(841): CodeIgniter\Router\RouteCollection->loadRoutes()
 7 SYSTEMPATH/CodeIgniter.php(464): CodeIgniter\CodeIgniter->tryToRouteIt(null)
 8 SYSTEMPATH/CodeIgniter.php(363): CodeIgniter\CodeIgniter->handleRequest(null, Object(Config\Cache), false)
 9 SYSTEMPATH/Boot.php(417): CodeIgniter\CodeIgniter->run()
10 SYSTEMPATH/Boot.php(68): CodeIgniter\Boot::runCodeIgniter(Object(CodeIgniter\CodeIgniter))
11 FCPATH/index.php(59): CodeIgniter\Boot::bootWeb(Object(Config\Paths))
12 SYSTEMPATH/rewrite.php(44): require_once('/home/mihaja/Documents/GitHub/Final_S4/public/index.php')
DEBUG - 2026-07-21 04:45:23 --> Session: Class initialized using 'CodeIgniter\Session\Handlers\FileHandler' driver.
WARNING - 2026-07-21 04:45:25 --> [DEPRECATED] Passing lowercase HTTP method "get" is deprecated. Use uppercase HTTP method like "GET". in SYSTEMPATH/Router/RouteCollection.php on line 1026.
 1 SYSTEMPATH/Router/RouteCollection.php(1026): trigger_error('Passing lowercase HTTP method "get" is deprecated. Use uppercase HTTP method like "GET".', 16384)
 2 APPPATH/Config/Routes.php(47): CodeIgniter\Router\RouteCollection->match([...], 'depot', 'Client\\OperationController::depot')
 3 SYSTEMPATH/Router/RouteCollection.php(799): CodeIgniter\Router\RouteCollection->{closure:/home/mihaja/Documents/GitHub/Final_S4/app/Config/Routes.php:45}(Object(CodeIgniter\Router\RouteCollection))
 4 APPPATH/Config/Routes.php(45): CodeIgniter\Router\RouteCollection->group('client', [...], Object(Closure))
 5 SYSTEMPATH/Router/RouteCollection.php(339): require('/home/mihaja/Documents/GitHub/Final_S4/app/Config/Routes.php')
 6 SYSTEMPATH/CodeIgniter.php(841): CodeIgniter\Router\RouteCollection->loadRoutes()
 7 SYSTEMPATH/CodeIgniter.php(464): CodeIgniter\CodeIgniter->tryToRouteIt(null)
 8 SYSTEMPATH/CodeIgniter.php(363): CodeIgniter\CodeIgniter->handleRequest(null, Object(Config\Cache), false)
 9 SYSTEMPATH/Boot.php(417): CodeIgniter\CodeIgniter->run()
10 SYSTEMPATH/Boot.php(68): CodeIgniter\Boot::runCodeIgniter(Object(CodeIgniter\CodeIgniter))
11 FCPATH/index.php(59): CodeIgniter\Boot::bootWeb(Object(Config\Paths))
12 SYSTEMPATH/rewrite.php(44): require_once('/home/mihaja/Documents/GitHub/Final_S4/public/index.php')
WARNING - 2026-07-21 04:45:25 --> [DEPRECATED] Passing lowercase HTTP method "post" is deprecated. Use uppercase HTTP method like "POST". in SYSTEMPATH/Router/RouteCollection.php on line 1026.
 1 SYSTEMPATH/Router/RouteCollection.php(1026): trigger_error('Passing lowercase HTTP method "post" is deprecated. Use uppercase HTTP method like "POST".', 16384)
 2 APPPATH/Config/Routes.php(47): CodeIgniter\Router\RouteCollection->match([...], 'depot', 'Client\\OperationController::depot')
 3 SYSTEMPATH/Router/RouteCollection.php(799): CodeIgniter\Router\RouteCollection->{closure:/home/mihaja/Documents/GitHub/Final_S4/app/Config/Routes.php:45}(Object(CodeIgniter\Router\RouteCollection))
 4 APPPATH/Config/Routes.php(45): CodeIgniter\Router\RouteCollection->group('client', [...], Object(Closure))
 5 SYSTEMPATH/Router/RouteCollection.php(339): require('/home/mihaja/Documents/GitHub/Final_S4/app/Config/Routes.php')
 6 SYSTEMPATH/CodeIgniter.php(841): CodeIgniter\Router\RouteCollection->loadRoutes()
 7 SYSTEMPATH/CodeIgniter.php(464): CodeIgniter\CodeIgniter->tryToRouteIt(null)
 8 SYSTEMPATH/CodeIgniter.php(363): CodeIgniter\CodeIgniter->handleRequest(null, Object(Config\Cache), false)
 9 SYSTEMPATH/Boot.php(417): CodeIgniter\CodeIgniter->run()
10 SYSTEMPATH/Boot.php(68): CodeIgniter\Boot::runCodeIgniter(Object(CodeIgniter\CodeIgniter))
11 FCPATH/index.php(59): CodeIgniter\Boot::bootWeb(Object(Config\Paths))
12 SYSTEMPATH/rewrite.php(44): require_once('/home/mihaja/Documents/GitHub/Final_S4/public/index.php')
WARNING - 2026-07-21 04:45:25 --> [DEPRECATED] Passing lowercase HTTP method "get" is deprecated. Use uppercase HTTP method like "GET". in SYSTEMPATH/Router/RouteCollection.php on line 1026.
 1 SYSTEMPATH/Router/RouteCollection.php(1026): trigger_error('Passing lowercase HTTP method "get" is deprecated. Use uppercase HTTP method like "GET".', 16384)
 2 APPPATH/Config/Routes.php(48): CodeIgniter\Router\RouteCollection->match([...], 'retrait', 'Client\\OperationController::retrait')
 3 SYSTEMPATH/Router/RouteCollection.php(799): CodeIgniter\Router\RouteCollection->{closure:/home/mihaja/Documents/GitHub/Final_S4/app/Config/Routes.php:45}(Object(CodeIgniter\Router\RouteCollection))
 4 APPPATH/Config/Routes.php(45): CodeIgniter\Router\RouteCollection->group('client', [...], Object(Closure))
 5 SYSTEMPATH/Router/RouteCollection.php(339): require('/home/mihaja/Documents/GitHub/Final_S4/app/Config/Routes.php')
 6 SYSTEMPATH/CodeIgniter.php(841): CodeIgniter\Router\RouteCollection->loadRoutes()
 7 SYSTEMPATH/CodeIgniter.php(464): CodeIgniter\CodeIgniter->tryToRouteIt(null)
 8 SYSTEMPATH/CodeIgniter.php(363): CodeIgniter\CodeIgniter->handleRequest(null, Object(Config\Cache), false)
 9 SYSTEMPATH/Boot.php(417): CodeIgniter\CodeIgniter->run()
10 SYSTEMPATH/Boot.php(68): CodeIgniter\Boot::runCodeIgniter(Object(CodeIgniter\CodeIgniter))
11 FCPATH/index.php(59): CodeIgniter\Boot::bootWeb(Object(Config\Paths))
12 SYSTEMPATH/rewrite.php(44): require_once('/home/mihaja/Documents/GitHub/Final_S4/public/index.php')
WARNING - 2026-07-21 04:45:25 --> [DEPRECATED] Passing lowercase HTTP method "post" is deprecated. Use uppercase HTTP method like "POST". in SYSTEMPATH/Router/RouteCollection.php on line 1026.
 1 SYSTEMPATH/Router/RouteCollection.php(1026): trigger_error('Passing lowercase HTTP method "post" is deprecated. Use uppercase HTTP method like "POST".', 16384)
 2 APPPATH/Config/Routes.php(48): CodeIgniter\Router\RouteCollection->match([...], 'retrait', 'Client\\OperationController::retrait')
 3 SYSTEMPATH/Router/RouteCollection.php(799): CodeIgniter\Router\RouteCollection->{closure:/home/mihaja/Documents/GitHub/Final_S4/app/Config/Routes.php:45}(Object(CodeIgniter\Router\RouteCollection))
 4 APPPATH/Config/Routes.php(45): CodeIgniter\Router\RouteCollection->group('client', [...], Object(Closure))
 5 SYSTEMPATH/Router/RouteCollection.php(339): require('/home/mihaja/Documents/GitHub/Final_S4/app/Config/Routes.php')
 6 SYSTEMPATH/CodeIgniter.php(841): CodeIgniter\Router\RouteCollection->loadRoutes()
 7 SYSTEMPATH/CodeIgniter.php(464): CodeIgniter\CodeIgniter->tryToRouteIt(null)
 8 SYSTEMPATH/CodeIgniter.php(363): CodeIgniter\CodeIgniter->handleRequest(null, Object(Config\Cache), false)
 9 SYSTEMPATH/Boot.php(417): CodeIgniter\CodeIgniter->run()
10 SYSTEMPATH/Boot.php(68): CodeIgniter\Boot::runCodeIgniter(Object(CodeIgniter\CodeIgniter))
11 FCPATH/index.php(59): CodeIgniter\Boot::bootWeb(Object(Config\Paths))
12 SYSTEMPATH/rewrite.php(44): require_once('/home/mihaja/Documents/GitHub/Final_S4/public/index.php')
WARNING - 2026-07-21 04:45:25 --> [DEPRECATED] Passing lowercase HTTP method "get" is deprecated. Use uppercase HTTP method like "GET". in SYSTEMPATH/Router/RouteCollection.php on line 1026.
 1 SYSTEMPATH/Router/RouteCollection.php(1026): trigger_error('Passing lowercase HTTP method "get" is deprecated. Use uppercase HTTP method like "GET".', 16384)
 2 APPPATH/Config/Routes.php(49): CodeIgniter\Router\RouteCollection->match([...], 'transfert', 'Client\\OperationController::transfert')
 3 SYSTEMPATH/Router/RouteCollection.php(799): CodeIgniter\Router\RouteCollection->{closure:/home/mihaja/Documents/GitHub/Final_S4/app/Config/Routes.php:45}(Object(CodeIgniter\Router\RouteCollection))
 4 APPPATH/Config/Routes.php(45): CodeIgniter\Router\RouteCollection->group('client', [...], Object(Closure))
 5 SYSTEMPATH/Router/RouteCollection.php(339): require('/home/mihaja/Documents/GitHub/Final_S4/app/Config/Routes.php')
 6 SYSTEMPATH/CodeIgniter.php(841): CodeIgniter\Router\RouteCollection->loadRoutes()
 7 SYSTEMPATH/CodeIgniter.php(464): CodeIgniter\CodeIgniter->tryToRouteIt(null)
 8 SYSTEMPATH/CodeIgniter.php(363): CodeIgniter\CodeIgniter->handleRequest(null, Object(Config\Cache), false)
 9 SYSTEMPATH/Boot.php(417): CodeIgniter\CodeIgniter->run()
10 SYSTEMPATH/Boot.php(68): CodeIgniter\Boot::runCodeIgniter(Object(CodeIgniter\CodeIgniter))
11 FCPATH/index.php(59): CodeIgniter\Boot::bootWeb(Object(Config\Paths))
12 SYSTEMPATH/rewrite.php(44): require_once('/home/mihaja/Documents/GitHub/Final_S4/public/index.php')
WARNING - 2026-07-21 04:45:25 --> [DEPRECATED] Passing lowercase HTTP method "post" is deprecated. Use uppercase HTTP method like "POST". in SYSTEMPATH/Router/RouteCollection.php on line 1026.
 1 SYSTEMPATH/Router/RouteCollection.php(1026): trigger_error('Passing lowercase HTTP method "post" is deprecated. Use uppercase HTTP method like "POST".', 16384)
 2 APPPATH/Config/Routes.php(49): CodeIgniter\Router\RouteCollection->match([...], 'transfert', 'Client\\OperationController::transfert')
 3 SYSTEMPATH/Router/RouteCollection.php(799): CodeIgniter\Router\RouteCollection->{closure:/home/mihaja/Documents/GitHub/Final_S4/app/Config/Routes.php:45}(Object(CodeIgniter\Router\RouteCollection))
 4 APPPATH/Config/Routes.php(45): CodeIgniter\Router\RouteCollection->group('client', [...], Object(Closure))
 5 SYSTEMPATH/Router/RouteCollection.php(339): require('/home/mihaja/Documents/GitHub/Final_S4/app/Config/Routes.php')
 6 SYSTEMPATH/CodeIgniter.php(841): CodeIgniter\Router\RouteCollection->loadRoutes()
 7 SYSTEMPATH/CodeIgniter.php(464): CodeIgniter\CodeIgniter->tryToRouteIt(null)
 8 SYSTEMPATH/CodeIgniter.php(363): CodeIgniter\CodeIgniter->handleRequest(null, Object(Config\Cache), false)
 9 SYSTEMPATH/Boot.php(417): CodeIgniter\CodeIgniter->run()
10 SYSTEMPATH/Boot.php(68): CodeIgniter\Boot::runCodeIgniter(Object(CodeIgniter\CodeIgniter))
11 FCPATH/index.php(59): CodeIgniter\Boot::bootWeb(Object(Config\Paths))
12 SYSTEMPATH/rewrite.php(44): require_once('/home/mihaja/Documents/GitHub/Final_S4/public/index.php')
DEBUG - 2026-07-21 04:45:25 --> Session: Class initialized using 'CodeIgniter\Session\Handlers\FileHandler' driver.
WARNING - 2026-07-21 04:45:26 --> [DEPRECATED] Passing lowercase HTTP method "get" is deprecated. Use uppercase HTTP method like "GET". in SYSTEMPATH/Router/RouteCollection.php on line 1026.
 1 SYSTEMPATH/Router/RouteCollection.php(1026): trigger_error('Passing lowercase HTTP method "get" is deprecated. Use uppercase HTTP method like "GET".', 16384)
 2 APPPATH/Config/Routes.php(47): CodeIgniter\Router\RouteCollection->match([...], 'depot', 'Client\\OperationController::depot')
 3 SYSTEMPATH/Router/RouteCollection.php(799): CodeIgniter\Router\RouteCollection->{closure:/home/mihaja/Documents/GitHub/Final_S4/app/Config/Routes.php:45}(Object(CodeIgniter\Router\RouteCollection))
 4 APPPATH/Config/Routes.php(45): CodeIgniter\Router\RouteCollection->group('client', [...], Object(Closure))
 5 SYSTEMPATH/Router/RouteCollection.php(339): require('/home/mihaja/Documents/GitHub/Final_S4/app/Config/Routes.php')
 6 SYSTEMPATH/CodeIgniter.php(841): CodeIgniter\Router\RouteCollection->loadRoutes()
 7 SYSTEMPATH/CodeIgniter.php(464): CodeIgniter\CodeIgniter->tryToRouteIt(null)
 8 SYSTEMPATH/CodeIgniter.php(363): CodeIgniter\CodeIgniter->handleRequest(null, Object(Config\Cache), false)
 9 SYSTEMPATH/Boot.php(417): CodeIgniter\CodeIgniter->run()
10 SYSTEMPATH/Boot.php(68): CodeIgniter\Boot::runCodeIgniter(Object(CodeIgniter\CodeIgniter))
11 FCPATH/index.php(59): CodeIgniter\Boot::bootWeb(Object(Config\Paths))
12 SYSTEMPATH/rewrite.php(44): require_once('/home/mihaja/Documents/GitHub/Final_S4/public/index.php')
WARNING - 2026-07-21 04:45:26 --> [DEPRECATED] Passing lowercase HTTP method "post" is deprecated. Use uppercase HTTP method like "POST". in SYSTEMPATH/Router/RouteCollection.php on line 1026.
 1 SYSTEMPATH/Router/RouteCollection.php(1026): trigger_error('Passing lowercase HTTP method "post" is deprecated. Use uppercase HTTP method like "POST".', 16384)
 2 APPPATH/Config/Routes.php(47): CodeIgniter\Router\RouteCollection->match([...], 'depot', 'Client\\OperationController::depot')
 3 SYSTEMPATH/Router/RouteCollection.php(799): CodeIgniter\Router\RouteCollection->{closure:/home/mihaja/Documents/GitHub/Final_S4/app/Config/Routes.php:45}(Object(CodeIgniter\Router\RouteCollection))
 4 APPPATH/Config/Routes.php(45): CodeIgniter\Router\RouteCollection->group('client', [...], Object(Closure))
 5 SYSTEMPATH/Router/RouteCollection.php(339): require('/home/mihaja/Documents/GitHub/Final_S4/app/Config/Routes.php')
 6 SYSTEMPATH/CodeIgniter.php(841): CodeIgniter\Router\RouteCollection->loadRoutes()
 7 SYSTEMPATH/CodeIgniter.php(464): CodeIgniter\CodeIgniter->tryToRouteIt(null)
 8 SYSTEMPATH/CodeIgniter.php(363): CodeIgniter\CodeIgniter->handleRequest(null, Object(Config\Cache), false)
 9 SYSTEMPATH/Boot.php(417): CodeIgniter\CodeIgniter->run()
10 SYSTEMPATH/Boot.php(68): CodeIgniter\Boot::runCodeIgniter(Object(CodeIgniter\CodeIgniter))
11 FCPATH/index.php(59): CodeIgniter\Boot::bootWeb(Object(Config\Paths))
12 SYSTEMPATH/rewrite.php(44): require_once('/home/mihaja/Documents/GitHub/Final_S4/public/index.php')
WARNING - 2026-07-21 04:45:26 --> [DEPRECATED] Passing lowercase HTTP method "get" is deprecated. Use uppercase HTTP method like "GET". in SYSTEMPATH/Router/RouteCollection.php on line 1026.
 1 SYSTEMPATH/Router/RouteCollection.php(1026): trigger_error('Passing lowercase HTTP method "get" is deprecated. Use uppercase HTTP method like "GET".', 16384)
 2 APPPATH/Config/Routes.php(48): CodeIgniter\Router\RouteCollection->match([...], 'retrait', 'Client\\OperationController::retrait')
 3 SYSTEMPATH/Router/RouteCollection.php(799): CodeIgniter\Router\RouteCollection->{closure:/home/mihaja/Documents/GitHub/Final_S4/app/Config/Routes.php:45}(Object(CodeIgniter\Router\RouteCollection))
 4 APPPATH/Config/Routes.php(45): CodeIgniter\Router\RouteCollection->group('client', [...], Object(Closure))
 5 SYSTEMPATH/Router/RouteCollection.php(339): require('/home/mihaja/Documents/GitHub/Final_S4/app/Config/Routes.php')
 6 SYSTEMPATH/CodeIgniter.php(841): CodeIgniter\Router\RouteCollection->loadRoutes()
 7 SYSTEMPATH/CodeIgniter.php(464): CodeIgniter\CodeIgniter->tryToRouteIt(null)
 8 SYSTEMPATH/CodeIgniter.php(363): CodeIgniter\CodeIgniter->handleRequest(null, Object(Config\Cache), false)
 9 SYSTEMPATH/Boot.php(417): CodeIgniter\CodeIgniter->run()
10 SYSTEMPATH/Boot.php(68): CodeIgniter\Boot::runCodeIgniter(Object(CodeIgniter\CodeIgniter))
11 FCPATH/index.php(59): CodeIgniter\Boot::bootWeb(Object(Config\Paths))
12 SYSTEMPATH/rewrite.php(44): require_once('/home/mihaja/Documents/GitHub/Final_S4/public/index.php')
WARNING - 2026-07-21 04:45:26 --> [DEPRECATED] Passing lowercase HTTP method "post" is deprecated. Use uppercase HTTP method like "POST". in SYSTEMPATH/Router/RouteCollection.php on line 1026.
 1 SYSTEMPATH/Router/RouteCollection.php(1026): trigger_error('Passing lowercase HTTP method "post" is deprecated. Use uppercase HTTP method like "POST".', 16384)
 2 APPPATH/Config/Routes.php(48): CodeIgniter\Router\RouteCollection->match([...], 'retrait', 'Client\\OperationController::retrait')
 3 SYSTEMPATH/Router/RouteCollection.php(799): CodeIgniter\Router\RouteCollection->{closure:/home/mihaja/Documents/GitHub/Final_S4/app/Config/Routes.php:45}(Object(CodeIgniter\Router\RouteCollection))
 4 APPPATH/Config/Routes.php(45): CodeIgniter\Router\RouteCollection->group('client', [...], Object(Closure))
 5 SYSTEMPATH/Router/RouteCollection.php(339): require('/home/mihaja/Documents/GitHub/Final_S4/app/Config/Routes.php')
 6 SYSTEMPATH/CodeIgniter.php(841): CodeIgniter\Router\RouteCollection->loadRoutes()
 7 SYSTEMPATH/CodeIgniter.php(464): CodeIgniter\CodeIgniter->tryToRouteIt(null)
 8 SYSTEMPATH/CodeIgniter.php(363): CodeIgniter\CodeIgniter->handleRequest(null, Object(Config\Cache), false)
 9 SYSTEMPATH/Boot.php(417): CodeIgniter\CodeIgniter->run()
10 SYSTEMPATH/Boot.php(68): CodeIgniter\Boot::runCodeIgniter(Object(CodeIgniter\CodeIgniter))
11 FCPATH/index.php(59): CodeIgniter\Boot::bootWeb(Object(Config\Paths))
12 SYSTEMPATH/rewrite.php(44): require_once('/home/mihaja/Documents/GitHub/Final_S4/public/index.php')
WARNING - 2026-07-21 04:45:26 --> [DEPRECATED] Passing lowercase HTTP method "get" is deprecated. Use uppercase HTTP method like "GET". in SYSTEMPATH/Router/RouteCollection.php on line 1026.
 1 SYSTEMPATH/Router/RouteCollection.php(1026): trigger_error('Passing lowercase HTTP method "get" is deprecated. Use uppercase HTTP method like "GET".', 16384)
 2 APPPATH/Config/Routes.php(49): CodeIgniter\Router\RouteCollection->match([...], 'transfert', 'Client\\OperationController::transfert')
 3 SYSTEMPATH/Router/RouteCollection.php(799): CodeIgniter\Router\RouteCollection->{closure:/home/mihaja/Documents/GitHub/Final_S4/app/Config/Routes.php:45}(Object(CodeIgniter\Router\RouteCollection))
 4 APPPATH/Config/Routes.php(45): CodeIgniter\Router\RouteCollection->group('client', [...], Object(Closure))
 5 SYSTEMPATH/Router/RouteCollection.php(339): require('/home/mihaja/Documents/GitHub/Final_S4/app/Config/Routes.php')
 6 SYSTEMPATH/CodeIgniter.php(841): CodeIgniter\Router\RouteCollection->loadRoutes()
 7 SYSTEMPATH/CodeIgniter.php(464): CodeIgniter\CodeIgniter->tryToRouteIt(null)
 8 SYSTEMPATH/CodeIgniter.php(363): CodeIgniter\CodeIgniter->handleRequest(null, Object(Config\Cache), false)
 9 SYSTEMPATH/Boot.php(417): CodeIgniter\CodeIgniter->run()
10 SYSTEMPATH/Boot.php(68): CodeIgniter\Boot::runCodeIgniter(Object(CodeIgniter\CodeIgniter))
11 FCPATH/index.php(59): CodeIgniter\Boot::bootWeb(Object(Config\Paths))
12 SYSTEMPATH/rewrite.php(44): require_once('/home/mihaja/Documents/GitHub/Final_S4/public/index.php')
WARNING - 2026-07-21 04:45:26 --> [DEPRECATED] Passing lowercase HTTP method "post" is deprecated. Use uppercase HTTP method like "POST". in SYSTEMPATH/Router/RouteCollection.php on line 1026.
 1 SYSTEMPATH/Router/RouteCollection.php(1026): trigger_error('Passing lowercase HTTP method "post" is deprecated. Use uppercase HTTP method like "POST".', 16384)
 2 APPPATH/Config/Routes.php(49): CodeIgniter\Router\RouteCollection->match([...], 'transfert', 'Client\\OperationController::transfert')
 3 SYSTEMPATH/Router/RouteCollection.php(799): CodeIgniter\Router\RouteCollection->{closure:/home/mihaja/Documents/GitHub/Final_S4/app/Config/Routes.php:45}(Object(CodeIgniter\Router\RouteCollection))
 4 APPPATH/Config/Routes.php(45): CodeIgniter\Router\RouteCollection->group('client', [...], Object(Closure))
 5 SYSTEMPATH/Router/RouteCollection.php(339): require('/home/mihaja/Documents/GitHub/Final_S4/app/Config/Routes.php')
 6 SYSTEMPATH/CodeIgniter.php(841): CodeIgniter\Router\RouteCollection->loadRoutes()
 7 SYSTEMPATH/CodeIgniter.php(464): CodeIgniter\CodeIgniter->tryToRouteIt(null)
 8 SYSTEMPATH/CodeIgniter.php(363): CodeIgniter\CodeIgniter->handleRequest(null, Object(Config\Cache), false)
 9 SYSTEMPATH/Boot.php(417): CodeIgniter\CodeIgniter->run()
10 SYSTEMPATH/Boot.php(68): CodeIgniter\Boot::runCodeIgniter(Object(CodeIgniter\CodeIgniter))
11 FCPATH/index.php(59): CodeIgniter\Boot::bootWeb(Object(Config\Paths))
12 SYSTEMPATH/rewrite.php(44): require_once('/home/mihaja/Documents/GitHub/Final_S4/public/index.php')
DEBUG - 2026-07-21 04:45:26 --> Session: Class initialized using 'CodeIgniter\Session\Handlers\FileHandler' driver.
WARNING - 2026-07-21 04:45:27 --> [DEPRECATED] Passing lowercase HTTP method "get" is deprecated. Use uppercase HTTP method like "GET". in SYSTEMPATH/Router/RouteCollection.php on line 1026.
 1 SYSTEMPATH/Router/RouteCollection.php(1026): trigger_error('Passing lowercase HTTP method "get" is deprecated. Use uppercase HTTP method like "GET".', 16384)
 2 APPPATH/Config/Routes.php(47): CodeIgniter\Router\RouteCollection->match([...], 'depot', 'Client\\OperationController::depot')
 3 SYSTEMPATH/Router/RouteCollection.php(799): CodeIgniter\Router\RouteCollection->{closure:/home/mihaja/Documents/GitHub/Final_S4/app/Config/Routes.php:45}(Object(CodeIgniter\Router\RouteCollection))
 4 APPPATH/Config/Routes.php(45): CodeIgniter\Router\RouteCollection->group('client', [...], Object(Closure))
 5 SYSTEMPATH/Router/RouteCollection.php(339): require('/home/mihaja/Documents/GitHub/Final_S4/app/Config/Routes.php')
 6 SYSTEMPATH/CodeIgniter.php(841): CodeIgniter\Router\RouteCollection->loadRoutes()
 7 SYSTEMPATH/CodeIgniter.php(464): CodeIgniter\CodeIgniter->tryToRouteIt(null)
 8 SYSTEMPATH/CodeIgniter.php(363): CodeIgniter\CodeIgniter->handleRequest(null, Object(Config\Cache), false)
 9 SYSTEMPATH/Boot.php(417): CodeIgniter\CodeIgniter->run()
10 SYSTEMPATH/Boot.php(68): CodeIgniter\Boot::runCodeIgniter(Object(CodeIgniter\CodeIgniter))
11 FCPATH/index.php(59): CodeIgniter\Boot::bootWeb(Object(Config\Paths))
12 SYSTEMPATH/rewrite.php(44): require_once('/home/mihaja/Documents/GitHub/Final_S4/public/index.php')
WARNING - 2026-07-21 04:45:27 --> [DEPRECATED] Passing lowercase HTTP method "post" is deprecated. Use uppercase HTTP method like "POST". in SYSTEMPATH/Router/RouteCollection.php on line 1026.
 1 SYSTEMPATH/Router/RouteCollection.php(1026): trigger_error('Passing lowercase HTTP method "post" is deprecated. Use uppercase HTTP method like "POST".', 16384)
 2 APPPATH/Config/Routes.php(47): CodeIgniter\Router\RouteCollection->match([...], 'depot', 'Client\\OperationController::depot')
 3 SYSTEMPATH/Router/RouteCollection.php(799): CodeIgniter\Router\RouteCollection->{closure:/home/mihaja/Documents/GitHub/Final_S4/app/Config/Routes.php:45}(Object(CodeIgniter\Router\RouteCollection))
 4 APPPATH/Config/Routes.php(45): CodeIgniter\Router\RouteCollection->group('client', [...], Object(Closure))
 5 SYSTEMPATH/Router/RouteCollection.php(339): require('/home/mihaja/Documents/GitHub/Final_S4/app/Config/Routes.php')
 6 SYSTEMPATH/CodeIgniter.php(841): CodeIgniter\Router\RouteCollection->loadRoutes()
 7 SYSTEMPATH/CodeIgniter.php(464): CodeIgniter\CodeIgniter->tryToRouteIt(null)
 8 SYSTEMPATH/CodeIgniter.php(363): CodeIgniter\CodeIgniter->handleRequest(null, Object(Config\Cache), false)
 9 SYSTEMPATH/Boot.php(417): CodeIgniter\CodeIgniter->run()
10 SYSTEMPATH/Boot.php(68): CodeIgniter\Boot::runCodeIgniter(Object(CodeIgniter\CodeIgniter))
11 FCPATH/index.php(59): CodeIgniter\Boot::bootWeb(Object(Config\Paths))
12 SYSTEMPATH/rewrite.php(44): require_once('/home/mihaja/Documents/GitHub/Final_S4/public/index.php')
WARNING - 2026-07-21 04:45:27 --> [DEPRECATED] Passing lowercase HTTP method "get" is deprecated. Use uppercase HTTP method like "GET". in SYSTEMPATH/Router/RouteCollection.php on line 1026.
 1 SYSTEMPATH/Router/RouteCollection.php(1026): trigger_error('Passing lowercase HTTP method "get" is deprecated. Use uppercase HTTP method like "GET".', 16384)
 2 APPPATH/Config/Routes.php(48): CodeIgniter\Router\RouteCollection->match([...], 'retrait', 'Client\\OperationController::retrait')
 3 SYSTEMPATH/Router/RouteCollection.php(799): CodeIgniter\Router\RouteCollection->{closure:/home/mihaja/Documents/GitHub/Final_S4/app/Config/Routes.php:45}(Object(CodeIgniter\Router\RouteCollection))
 4 APPPATH/Config/Routes.php(45): CodeIgniter\Router\RouteCollection->group('client', [...], Object(Closure))
 5 SYSTEMPATH/Router/RouteCollection.php(339): require('/home/mihaja/Documents/GitHub/Final_S4/app/Config/Routes.php')
 6 SYSTEMPATH/CodeIgniter.php(841): CodeIgniter\Router\RouteCollection->loadRoutes()
 7 SYSTEMPATH/CodeIgniter.php(464): CodeIgniter\CodeIgniter->tryToRouteIt(null)
 8 SYSTEMPATH/CodeIgniter.php(363): CodeIgniter\CodeIgniter->handleRequest(null, Object(Config\Cache), false)
 9 SYSTEMPATH/Boot.php(417): CodeIgniter\CodeIgniter->run()
10 SYSTEMPATH/Boot.php(68): CodeIgniter\Boot::runCodeIgniter(Object(CodeIgniter\CodeIgniter))
11 FCPATH/index.php(59): CodeIgniter\Boot::bootWeb(Object(Config\Paths))
12 SYSTEMPATH/rewrite.php(44): require_once('/home/mihaja/Documents/GitHub/Final_S4/public/index.php')
WARNING - 2026-07-21 04:45:27 --> [DEPRECATED] Passing lowercase HTTP method "post" is deprecated. Use uppercase HTTP method like "POST". in SYSTEMPATH/Router/RouteCollection.php on line 1026.
 1 SYSTEMPATH/Router/RouteCollection.php(1026): trigger_error('Passing lowercase HTTP method "post" is deprecated. Use uppercase HTTP method like "POST".', 16384)
 2 APPPATH/Config/Routes.php(48): CodeIgniter\Router\RouteCollection->match([...], 'retrait', 'Client\\OperationController::retrait')
 3 SYSTEMPATH/Router/RouteCollection.php(799): CodeIgniter\Router\RouteCollection->{closure:/home/mihaja/Documents/GitHub/Final_S4/app/Config/Routes.php:45}(Object(CodeIgniter\Router\RouteCollection))
 4 APPPATH/Config/Routes.php(45): CodeIgniter\Router\RouteCollection->group('client', [...], Object(Closure))
 5 SYSTEMPATH/Router/RouteCollection.php(339): require('/home/mihaja/Documents/GitHub/Final_S4/app/Config/Routes.php')
 6 SYSTEMPATH/CodeIgniter.php(841): CodeIgniter\Router\RouteCollection->loadRoutes()
 7 SYSTEMPATH/CodeIgniter.php(464): CodeIgniter\CodeIgniter->tryToRouteIt(null)
 8 SYSTEMPATH/CodeIgniter.php(363): CodeIgniter\CodeIgniter->handleRequest(null, Object(Config\Cache), false)
 9 SYSTEMPATH/Boot.php(417): CodeIgniter\CodeIgniter->run()
10 SYSTEMPATH/Boot.php(68): CodeIgniter\Boot::runCodeIgniter(Object(CodeIgniter\CodeIgniter))
11 FCPATH/index.php(59): CodeIgniter\Boot::bootWeb(Object(Config\Paths))
12 SYSTEMPATH/rewrite.php(44): require_once('/home/mihaja/Documents/GitHub/Final_S4/public/index.php')
WARNING - 2026-07-21 04:45:27 --> [DEPRECATED] Passing lowercase HTTP method "get" is deprecated. Use uppercase HTTP method like "GET". in SYSTEMPATH/Router/RouteCollection.php on line 1026.
 1 SYSTEMPATH/Router/RouteCollection.php(1026): trigger_error('Passing lowercase HTTP method "get" is deprecated. Use uppercase HTTP method like "GET".', 16384)
 2 APPPATH/Config/Routes.php(49): CodeIgniter\Router\RouteCollection->match([...], 'transfert', 'Client\\OperationController::transfert')
 3 SYSTEMPATH/Router/RouteCollection.php(799): CodeIgniter\Router\RouteCollection->{closure:/home/mihaja/Documents/GitHub/Final_S4/app/Config/Routes.php:45}(Object(CodeIgniter\Router\RouteCollection))
 4 APPPATH/Config/Routes.php(45): CodeIgniter\Router\RouteCollection->group('client', [...], Object(Closure))
 5 SYSTEMPATH/Router/RouteCollection.php(339): require('/home/mihaja/Documents/GitHub/Final_S4/app/Config/Routes.php')
 6 SYSTEMPATH/CodeIgniter.php(841): CodeIgniter\Router\RouteCollection->loadRoutes()
 7 SYSTEMPATH/CodeIgniter.php(464): CodeIgniter\CodeIgniter->tryToRouteIt(null)
 8 SYSTEMPATH/CodeIgniter.php(363): CodeIgniter\CodeIgniter->handleRequest(null, Object(Config\Cache), false)
 9 SYSTEMPATH/Boot.php(417): CodeIgniter\CodeIgniter->run()
10 SYSTEMPATH/Boot.php(68): CodeIgniter\Boot::runCodeIgniter(Object(CodeIgniter\CodeIgniter))
11 FCPATH/index.php(59): CodeIgniter\Boot::bootWeb(Object(Config\Paths))
12 SYSTEMPATH/rewrite.php(44): require_once('/home/mihaja/Documents/GitHub/Final_S4/public/index.php')
WARNING - 2026-07-21 04:45:27 --> [DEPRECATED] Passing lowercase HTTP method "post" is deprecated. Use uppercase HTTP method like "POST". in SYSTEMPATH/Router/RouteCollection.php on line 1026.
 1 SYSTEMPATH/Router/RouteCollection.php(1026): trigger_error('Passing lowercase HTTP method "post" is deprecated. Use uppercase HTTP method like "POST".', 16384)
 2 APPPATH/Config/Routes.php(49): CodeIgniter\Router\RouteCollection->match([...], 'transfert', 'Client\\OperationController::transfert')
 3 SYSTEMPATH/Router/RouteCollection.php(799): CodeIgniter\Router\RouteCollection->{closure:/home/mihaja/Documents/GitHub/Final_S4/app/Config/Routes.php:45}(Object(CodeIgniter\Router\RouteCollection))
 4 APPPATH/Config/Routes.php(45): CodeIgniter\Router\RouteCollection->group('client', [...], Object(Closure))
 5 SYSTEMPATH/Router/RouteCollection.php(339): require('/home/mihaja/Documents/GitHub/Final_S4/app/Config/Routes.php')
 6 SYSTEMPATH/CodeIgniter.php(841): CodeIgniter\Router\RouteCollection->loadRoutes()
 7 SYSTEMPATH/CodeIgniter.php(464): CodeIgniter\CodeIgniter->tryToRouteIt(null)
 8 SYSTEMPATH/CodeIgniter.php(363): CodeIgniter\CodeIgniter->handleRequest(null, Object(Config\Cache), false)
 9 SYSTEMPATH/Boot.php(417): CodeIgniter\CodeIgniter->run()
10 SYSTEMPATH/Boot.php(68): CodeIgniter\Boot::runCodeIgniter(Object(CodeIgniter\CodeIgniter))
11 FCPATH/index.php(59): CodeIgniter\Boot::bootWeb(Object(Config\Paths))
12 SYSTEMPATH/rewrite.php(44): require_once('/home/mihaja/Documents/GitHub/Final_S4/public/index.php')
DEBUG - 2026-07-21 04:45:27 --> Session: Class initialized using 'CodeIgniter\Session\Handlers\FileHandler' driver.
WARNING - 2026-07-21 04:45:52 --> [DEPRECATED] Passing lowercase HTTP method "get" is deprecated. Use uppercase HTTP method like "GET". in SYSTEMPATH/Router/RouteCollection.php on line 1026.
 1 SYSTEMPATH/Router/RouteCollection.php(1026): trigger_error('Passing lowercase HTTP method "get" is deprecated. Use uppercase HTTP method like "GET".', 16384)
 2 APPPATH/Config/Routes.php(47): CodeIgniter\Router\RouteCollection->match([...], 'depot', 'Client\\OperationController::depot')
 3 SYSTEMPATH/Router/RouteCollection.php(799): CodeIgniter\Router\RouteCollection->{closure:/home/mihaja/Documents/GitHub/Final_S4/app/Config/Routes.php:45}(Object(CodeIgniter\Router\RouteCollection))
 4 APPPATH/Config/Routes.php(45): CodeIgniter\Router\RouteCollection->group('client', [...], Object(Closure))
 5 SYSTEMPATH/Router/RouteCollection.php(339): require('/home/mihaja/Documents/GitHub/Final_S4/app/Config/Routes.php')
 6 SYSTEMPATH/CLI/Console.php(41): CodeIgniter\Router\RouteCollection->loadRoutes()
 7 SYSTEMPATH/Boot.php(444): CodeIgniter\CLI\Console->run()
 8 SYSTEMPATH/Boot.php(166): CodeIgniter\Boot::runCommand(Object(CodeIgniter\CLI\Console))
 9 ROOTPATH/spark(87): CodeIgniter\Boot::bootSpark(Object(Config\Paths))
WARNING - 2026-07-21 04:45:52 --> [DEPRECATED] Passing lowercase HTTP method "post" is deprecated. Use uppercase HTTP method like "POST". in SYSTEMPATH/Router/RouteCollection.php on line 1026.
 1 SYSTEMPATH/Router/RouteCollection.php(1026): trigger_error('Passing lowercase HTTP method "post" is deprecated. Use uppercase HTTP method like "POST".', 16384)
 2 APPPATH/Config/Routes.php(47): CodeIgniter\Router\RouteCollection->match([...], 'depot', 'Client\\OperationController::depot')
 3 SYSTEMPATH/Router/RouteCollection.php(799): CodeIgniter\Router\RouteCollection->{closure:/home/mihaja/Documents/GitHub/Final_S4/app/Config/Routes.php:45}(Object(CodeIgniter\Router\RouteCollection))
 4 APPPATH/Config/Routes.php(45): CodeIgniter\Router\RouteCollection->group('client', [...], Object(Closure))
 5 SYSTEMPATH/Router/RouteCollection.php(339): require('/home/mihaja/Documents/GitHub/Final_S4/app/Config/Routes.php')
 6 SYSTEMPATH/CLI/Console.php(41): CodeIgniter\Router\RouteCollection->loadRoutes()
 7 SYSTEMPATH/Boot.php(444): CodeIgniter\CLI\Console->run()
 8 SYSTEMPATH/Boot.php(166): CodeIgniter\Boot::runCommand(Object(CodeIgniter\CLI\Console))
 9 ROOTPATH/spark(87): CodeIgniter\Boot::bootSpark(Object(Config\Paths))
WARNING - 2026-07-21 04:45:52 --> [DEPRECATED] Passing lowercase HTTP method "get" is deprecated. Use uppercase HTTP method like "GET". in SYSTEMPATH/Router/RouteCollection.php on line 1026.
 1 SYSTEMPATH/Router/RouteCollection.php(1026): trigger_error('Passing lowercase HTTP method "get" is deprecated. Use uppercase HTTP method like "GET".', 16384)
 2 APPPATH/Config/Routes.php(48): CodeIgniter\Router\RouteCollection->match([...], 'retrait', 'Client\\OperationController::retrait')
 3 SYSTEMPATH/Router/RouteCollection.php(799): CodeIgniter\Router\RouteCollection->{closure:/home/mihaja/Documents/GitHub/Final_S4/app/Config/Routes.php:45}(Object(CodeIgniter\Router\RouteCollection))
 4 APPPATH/Config/Routes.php(45): CodeIgniter\Router\RouteCollection->group('client', [...], Object(Closure))
 5 SYSTEMPATH/Router/RouteCollection.php(339): require('/home/mihaja/Documents/GitHub/Final_S4/app/Config/Routes.php')
 6 SYSTEMPATH/CLI/Console.php(41): CodeIgniter\Router\RouteCollection->loadRoutes()
 7 SYSTEMPATH/Boot.php(444): CodeIgniter\CLI\Console->run()
 8 SYSTEMPATH/Boot.php(166): CodeIgniter\Boot::runCommand(Object(CodeIgniter\CLI\Console))
 9 ROOTPATH/spark(87): CodeIgniter\Boot::bootSpark(Object(Config\Paths))
WARNING - 2026-07-21 04:45:52 --> [DEPRECATED] Passing lowercase HTTP method "post" is deprecated. Use uppercase HTTP method like "POST". in SYSTEMPATH/Router/RouteCollection.php on line 1026.
 1 SYSTEMPATH/Router/RouteCollection.php(1026): trigger_error('Passing lowercase HTTP method "post" is deprecated. Use uppercase HTTP method like "POST".', 16384)
 2 APPPATH/Config/Routes.php(48): CodeIgniter\Router\RouteCollection->match([...], 'retrait', 'Client\\OperationController::retrait')
 3 SYSTEMPATH/Router/RouteCollection.php(799): CodeIgniter\Router\RouteCollection->{closure:/home/mihaja/Documents/GitHub/Final_S4/app/Config/Routes.php:45}(Object(CodeIgniter\Router\RouteCollection))
 4 APPPATH/Config/Routes.php(45): CodeIgniter\Router\RouteCollection->group('client', [...], Object(Closure))
 5 SYSTEMPATH/Router/RouteCollection.php(339): require('/home/mihaja/Documents/GitHub/Final_S4/app/Config/Routes.php')
 6 SYSTEMPATH/CLI/Console.php(41): CodeIgniter\Router\RouteCollection->loadRoutes()
 7 SYSTEMPATH/Boot.php(444): CodeIgniter\CLI\Console->run()
 8 SYSTEMPATH/Boot.php(166): CodeIgniter\Boot::runCommand(Object(CodeIgniter\CLI\Console))
 9 ROOTPATH/spark(87): CodeIgniter\Boot::bootSpark(Object(Config\Paths))
WARNING - 2026-07-21 04:45:52 --> [DEPRECATED] Passing lowercase HTTP method "get" is deprecated. Use uppercase HTTP method like "GET". in SYSTEMPATH/Router/RouteCollection.php on line 1026.
 1 SYSTEMPATH/Router/RouteCollection.php(1026): trigger_error('Passing lowercase HTTP method "get" is deprecated. Use uppercase HTTP method like "GET".', 16384)
 2 APPPATH/Config/Routes.php(49): CodeIgniter\Router\RouteCollection->match([...], 'transfert', 'Client\\OperationController::transfert')
 3 SYSTEMPATH/Router/RouteCollection.php(799): CodeIgniter\Router\RouteCollection->{closure:/home/mihaja/Documents/GitHub/Final_S4/app/Config/Routes.php:45}(Object(CodeIgniter\Router\RouteCollection))
 4 APPPATH/Config/Routes.php(45): CodeIgniter\Router\RouteCollection->group('client', [...], Object(Closure))
 5 SYSTEMPATH/Router/RouteCollection.php(339): require('/home/mihaja/Documents/GitHub/Final_S4/app/Config/Routes.php')
 6 SYSTEMPATH/CLI/Console.php(41): CodeIgniter\Router\RouteCollection->loadRoutes()
 7 SYSTEMPATH/Boot.php(444): CodeIgniter\CLI\Console->run()
 8 SYSTEMPATH/Boot.php(166): CodeIgniter\Boot::runCommand(Object(CodeIgniter\CLI\Console))
 9 ROOTPATH/spark(87): CodeIgniter\Boot::bootSpark(Object(Config\Paths))
WARNING - 2026-07-21 04:45:52 --> [DEPRECATED] Passing lowercase HTTP method "post" is deprecated. Use uppercase HTTP method like "POST". in SYSTEMPATH/Router/RouteCollection.php on line 1026.
 1 SYSTEMPATH/Router/RouteCollection.php(1026): trigger_error('Passing lowercase HTTP method "post" is deprecated. Use uppercase HTTP method like "POST".', 16384)
 2 APPPATH/Config/Routes.php(49): CodeIgniter\Router\RouteCollection->match([...], 'transfert', 'Client\\OperationController::transfert')
 3 SYSTEMPATH/Router/RouteCollection.php(799): CodeIgniter\Router\RouteCollection->{closure:/home/mihaja/Documents/GitHub/Final_S4/app/Config/Routes.php:45}(Object(CodeIgniter\Router\RouteCollection))
 4 APPPATH/Config/Routes.php(45): CodeIgniter\Router\RouteCollection->group('client', [...], Object(Closure))
 5 SYSTEMPATH/Router/RouteCollection.php(339): require('/home/mihaja/Documents/GitHub/Final_S4/app/Config/Routes.php')
 6 SYSTEMPATH/CLI/Console.php(41): CodeIgniter\Router\RouteCollection->loadRoutes()
 7 SYSTEMPATH/Boot.php(444): CodeIgniter\CLI\Console->run()
 8 SYSTEMPATH/Boot.php(166): CodeIgniter\Boot::runCommand(Object(CodeIgniter\CLI\Console))
 9 ROOTPATH/spark(87): CodeIgniter\Boot::bootSpark(Object(Config\Paths))
WARNING - 2026-07-21 04:46:00 --> [DEPRECATED] Passing lowercase HTTP method "get" is deprecated. Use uppercase HTTP method like "GET". in SYSTEMPATH/Router/RouteCollection.php on line 1026.
 1 SYSTEMPATH/Router/RouteCollection.php(1026): trigger_error('Passing lowercase HTTP method "get" is deprecated. Use uppercase HTTP method like "GET".', 16384)
 2 APPPATH/Config/Routes.php(47): CodeIgniter\Router\RouteCollection->match([...], 'depot', 'Client\\OperationController::depot')
 3 SYSTEMPATH/Router/RouteCollection.php(799): CodeIgniter\Router\RouteCollection->{closure:/home/mihaja/Documents/GitHub/Final_S4/app/Config/Routes.php:45}(Object(CodeIgniter\Router\RouteCollection))
 4 APPPATH/Config/Routes.php(45): CodeIgniter\Router\RouteCollection->group('client', [...], Object(Closure))
 5 SYSTEMPATH/Router/RouteCollection.php(339): require('/home/mihaja/Documents/GitHub/Final_S4/app/Config/Routes.php')
 6 SYSTEMPATH/CLI/Console.php(41): CodeIgniter\Router\RouteCollection->loadRoutes()
 7 SYSTEMPATH/Boot.php(444): CodeIgniter\CLI\Console->run()
 8 SYSTEMPATH/Boot.php(166): CodeIgniter\Boot::runCommand(Object(CodeIgniter\CLI\Console))
 9 ROOTPATH/spark(87): CodeIgniter\Boot::bootSpark(Object(Config\Paths))
WARNING - 2026-07-21 04:46:00 --> [DEPRECATED] Passing lowercase HTTP method "post" is deprecated. Use uppercase HTTP method like "POST". in SYSTEMPATH/Router/RouteCollection.php on line 1026.
 1 SYSTEMPATH/Router/RouteCollection.php(1026): trigger_error('Passing lowercase HTTP method "post" is deprecated. Use uppercase HTTP method like "POST".', 16384)
 2 APPPATH/Config/Routes.php(47): CodeIgniter\Router\RouteCollection->match([...], 'depot', 'Client\\OperationController::depot')
 3 SYSTEMPATH/Router/RouteCollection.php(799): CodeIgniter\Router\RouteCollection->{closure:/home/mihaja/Documents/GitHub/Final_S4/app/Config/Routes.php:45}(Object(CodeIgniter\Router\RouteCollection))
 4 APPPATH/Config/Routes.php(45): CodeIgniter\Router\RouteCollection->group('client', [...], Object(Closure))
 5 SYSTEMPATH/Router/RouteCollection.php(339): require('/home/mihaja/Documents/GitHub/Final_S4/app/Config/Routes.php')
 6 SYSTEMPATH/CLI/Console.php(41): CodeIgniter\Router\RouteCollection->loadRoutes()
 7 SYSTEMPATH/Boot.php(444): CodeIgniter\CLI\Console->run()
 8 SYSTEMPATH/Boot.php(166): CodeIgniter\Boot::runCommand(Object(CodeIgniter\CLI\Console))
 9 ROOTPATH/spark(87): CodeIgniter\Boot::bootSpark(Object(Config\Paths))
WARNING - 2026-07-21 04:46:00 --> [DEPRECATED] Passing lowercase HTTP method "get" is deprecated. Use uppercase HTTP method like "GET". in SYSTEMPATH/Router/RouteCollection.php on line 1026.
 1 SYSTEMPATH/Router/RouteCollection.php(1026): trigger_error('Passing lowercase HTTP method "get" is deprecated. Use uppercase HTTP method like "GET".', 16384)
 2 APPPATH/Config/Routes.php(48): CodeIgniter\Router\RouteCollection->match([...], 'retrait', 'Client\\OperationController::retrait')
 3 SYSTEMPATH/Router/RouteCollection.php(799): CodeIgniter\Router\RouteCollection->{closure:/home/mihaja/Documents/GitHub/Final_S4/app/Config/Routes.php:45}(Object(CodeIgniter\Router\RouteCollection))
 4 APPPATH/Config/Routes.php(45): CodeIgniter\Router\RouteCollection->group('client', [...], Object(Closure))
 5 SYSTEMPATH/Router/RouteCollection.php(339): require('/home/mihaja/Documents/GitHub/Final_S4/app/Config/Routes.php')
 6 SYSTEMPATH/CLI/Console.php(41): CodeIgniter\Router\RouteCollection->loadRoutes()
 7 SYSTEMPATH/Boot.php(444): CodeIgniter\CLI\Console->run()
 8 SYSTEMPATH/Boot.php(166): CodeIgniter\Boot::runCommand(Object(CodeIgniter\CLI\Console))
 9 ROOTPATH/spark(87): CodeIgniter\Boot::bootSpark(Object(Config\Paths))
WARNING - 2026-07-21 04:46:00 --> [DEPRECATED] Passing lowercase HTTP method "post" is deprecated. Use uppercase HTTP method like "POST". in SYSTEMPATH/Router/RouteCollection.php on line 1026.
 1 SYSTEMPATH/Router/RouteCollection.php(1026): trigger_error('Passing lowercase HTTP method "post" is deprecated. Use uppercase HTTP method like "POST".', 16384)
 2 APPPATH/Config/Routes.php(48): CodeIgniter\Router\RouteCollection->match([...], 'retrait', 'Client\\OperationController::retrait')
 3 SYSTEMPATH/Router/RouteCollection.php(799): CodeIgniter\Router\RouteCollection->{closure:/home/mihaja/Documents/GitHub/Final_S4/app/Config/Routes.php:45}(Object(CodeIgniter\Router\RouteCollection))
 4 APPPATH/Config/Routes.php(45): CodeIgniter\Router\RouteCollection->group('client', [...], Object(Closure))
 5 SYSTEMPATH/Router/RouteCollection.php(339): require('/home/mihaja/Documents/GitHub/Final_S4/app/Config/Routes.php')
 6 SYSTEMPATH/CLI/Console.php(41): CodeIgniter\Router\RouteCollection->loadRoutes()
 7 SYSTEMPATH/Boot.php(444): CodeIgniter\CLI\Console->run()
 8 SYSTEMPATH/Boot.php(166): CodeIgniter\Boot::runCommand(Object(CodeIgniter\CLI\Console))
 9 ROOTPATH/spark(87): CodeIgniter\Boot::bootSpark(Object(Config\Paths))
WARNING - 2026-07-21 04:46:00 --> [DEPRECATED] Passing lowercase HTTP method "get" is deprecated. Use uppercase HTTP method like "GET". in SYSTEMPATH/Router/RouteCollection.php on line 1026.
 1 SYSTEMPATH/Router/RouteCollection.php(1026): trigger_error('Passing lowercase HTTP method "get" is deprecated. Use uppercase HTTP method like "GET".', 16384)
 2 APPPATH/Config/Routes.php(49): CodeIgniter\Router\RouteCollection->match([...], 'transfert', 'Client\\OperationController::transfert')
 3 SYSTEMPATH/Router/RouteCollection.php(799): CodeIgniter\Router\RouteCollection->{closure:/home/mihaja/Documents/GitHub/Final_S4/app/Config/Routes.php:45}(Object(CodeIgniter\Router\RouteCollection))
 4 APPPATH/Config/Routes.php(45): CodeIgniter\Router\RouteCollection->group('client', [...], Object(Closure))
 5 SYSTEMPATH/Router/RouteCollection.php(339): require('/home/mihaja/Documents/GitHub/Final_S4/app/Config/Routes.php')
 6 SYSTEMPATH/CLI/Console.php(41): CodeIgniter\Router\RouteCollection->loadRoutes()
 7 SYSTEMPATH/Boot.php(444): CodeIgniter\CLI\Console->run()
 8 SYSTEMPATH/Boot.php(166): CodeIgniter\Boot::runCommand(Object(CodeIgniter\CLI\Console))
 9 ROOTPATH/spark(87): CodeIgniter\Boot::bootSpark(Object(Config\Paths))
WARNING - 2026-07-21 04:46:00 --> [DEPRECATED] Passing lowercase HTTP method "post" is deprecated. Use uppercase HTTP method like "POST". in SYSTEMPATH/Router/RouteCollection.php on line 1026.
 1 SYSTEMPATH/Router/RouteCollection.php(1026): trigger_error('Passing lowercase HTTP method "post" is deprecated. Use uppercase HTTP method like "POST".', 16384)
 2 APPPATH/Config/Routes.php(49): CodeIgniter\Router\RouteCollection->match([...], 'transfert', 'Client\\OperationController::transfert')
 3 SYSTEMPATH/Router/RouteCollection.php(799): CodeIgniter\Router\RouteCollection->{closure:/home/mihaja/Documents/GitHub/Final_S4/app/Config/Routes.php:45}(Object(CodeIgniter\Router\RouteCollection))
 4 APPPATH/Config/Routes.php(45): CodeIgniter\Router\RouteCollection->group('client', [...], Object(Closure))
 5 SYSTEMPATH/Router/RouteCollection.php(339): require('/home/mihaja/Documents/GitHub/Final_S4/app/Config/Routes.php')
 6 SYSTEMPATH/CLI/Console.php(41): CodeIgniter\Router\RouteCollection->loadRoutes()
 7 SYSTEMPATH/Boot.php(444): CodeIgniter\CLI\Console->run()
 8 SYSTEMPATH/Boot.php(166): CodeIgniter\Boot::runCommand(Object(CodeIgniter\CLI\Console))
 9 ROOTPATH/spark(87): CodeIgniter\Boot::bootSpark(Object(Config\Paths))
WARNING - 2026-07-21 04:46:05 --> [DEPRECATED] Passing lowercase HTTP method "get" is deprecated. Use uppercase HTTP method like "GET". in SYSTEMPATH/Router/RouteCollection.php on line 1026.
 1 SYSTEMPATH/Router/RouteCollection.php(1026): trigger_error('Passing lowercase HTTP method "get" is deprecated. Use uppercase HTTP method like "GET".', 16384)
 2 APPPATH/Config/Routes.php(47): CodeIgniter\Router\RouteCollection->match([...], 'depot', 'Client\\OperationController::depot')
 3 SYSTEMPATH/Router/RouteCollection.php(799): CodeIgniter\Router\RouteCollection->{closure:/home/mihaja/Documents/GitHub/Final_S4/app/Config/Routes.php:45}(Object(CodeIgniter\Router\RouteCollection))
 4 APPPATH/Config/Routes.php(45): CodeIgniter\Router\RouteCollection->group('client', [...], Object(Closure))
 5 SYSTEMPATH/Router/RouteCollection.php(339): require('/home/mihaja/Documents/GitHub/Final_S4/app/Config/Routes.php')
 6 SYSTEMPATH/CodeIgniter.php(841): CodeIgniter\Router\RouteCollection->loadRoutes()
 7 SYSTEMPATH/CodeIgniter.php(464): CodeIgniter\CodeIgniter->tryToRouteIt(null)
 8 SYSTEMPATH/CodeIgniter.php(363): CodeIgniter\CodeIgniter->handleRequest(null, Object(Config\Cache), false)
 9 SYSTEMPATH/Boot.php(417): CodeIgniter\CodeIgniter->run()
10 SYSTEMPATH/Boot.php(68): CodeIgniter\Boot::runCodeIgniter(Object(CodeIgniter\CodeIgniter))
11 FCPATH/index.php(59): CodeIgniter\Boot::bootWeb(Object(Config\Paths))
12 SYSTEMPATH/rewrite.php(44): require_once('/home/mihaja/Documents/GitHub/Final_S4/public/index.php')
WARNING - 2026-07-21 04:46:05 --> [DEPRECATED] Passing lowercase HTTP method "post" is deprecated. Use uppercase HTTP method like "POST". in SYSTEMPATH/Router/RouteCollection.php on line 1026.
 1 SYSTEMPATH/Router/RouteCollection.php(1026): trigger_error('Passing lowercase HTTP method "post" is deprecated. Use uppercase HTTP method like "POST".', 16384)
 2 APPPATH/Config/Routes.php(47): CodeIgniter\Router\RouteCollection->match([...], 'depot', 'Client\\OperationController::depot')
 3 SYSTEMPATH/Router/RouteCollection.php(799): CodeIgniter\Router\RouteCollection->{closure:/home/mihaja/Documents/GitHub/Final_S4/app/Config/Routes.php:45}(Object(CodeIgniter\Router\RouteCollection))
 4 APPPATH/Config/Routes.php(45): CodeIgniter\Router\RouteCollection->group('client', [...], Object(Closure))
 5 SYSTEMPATH/Router/RouteCollection.php(339): require('/home/mihaja/Documents/GitHub/Final_S4/app/Config/Routes.php')
 6 SYSTEMPATH/CodeIgniter.php(841): CodeIgniter\Router\RouteCollection->loadRoutes()
 7 SYSTEMPATH/CodeIgniter.php(464): CodeIgniter\CodeIgniter->tryToRouteIt(null)
 8 SYSTEMPATH/CodeIgniter.php(363): CodeIgniter\CodeIgniter->handleRequest(null, Object(Config\Cache), false)
 9 SYSTEMPATH/Boot.php(417): CodeIgniter\CodeIgniter->run()
10 SYSTEMPATH/Boot.php(68): CodeIgniter\Boot::runCodeIgniter(Object(CodeIgniter\CodeIgniter))
11 FCPATH/index.php(59): CodeIgniter\Boot::bootWeb(Object(Config\Paths))
12 SYSTEMPATH/rewrite.php(44): require_once('/home/mihaja/Documents/GitHub/Final_S4/public/index.php')
WARNING - 2026-07-21 04:46:05 --> [DEPRECATED] Passing lowercase HTTP method "get" is deprecated. Use uppercase HTTP method like "GET". in SYSTEMPATH/Router/RouteCollection.php on line 1026.
 1 SYSTEMPATH/Router/RouteCollection.php(1026): trigger_error('Passing lowercase HTTP method "get" is deprecated. Use uppercase HTTP method like "GET".', 16384)
 2 APPPATH/Config/Routes.php(48): CodeIgniter\Router\RouteCollection->match([...], 'retrait', 'Client\\OperationController::retrait')
 3 SYSTEMPATH/Router/RouteCollection.php(799): CodeIgniter\Router\RouteCollection->{closure:/home/mihaja/Documents/GitHub/Final_S4/app/Config/Routes.php:45}(Object(CodeIgniter\Router\RouteCollection))
 4 APPPATH/Config/Routes.php(45): CodeIgniter\Router\RouteCollection->group('client', [...], Object(Closure))
 5 SYSTEMPATH/Router/RouteCollection.php(339): require('/home/mihaja/Documents/GitHub/Final_S4/app/Config/Routes.php')
 6 SYSTEMPATH/CodeIgniter.php(841): CodeIgniter\Router\RouteCollection->loadRoutes()
 7 SYSTEMPATH/CodeIgniter.php(464): CodeIgniter\CodeIgniter->tryToRouteIt(null)
 8 SYSTEMPATH/CodeIgniter.php(363): CodeIgniter\CodeIgniter->handleRequest(null, Object(Config\Cache), false)
 9 SYSTEMPATH/Boot.php(417): CodeIgniter\CodeIgniter->run()
10 SYSTEMPATH/Boot.php(68): CodeIgniter\Boot::runCodeIgniter(Object(CodeIgniter\CodeIgniter))
11 FCPATH/index.php(59): CodeIgniter\Boot::bootWeb(Object(Config\Paths))
12 SYSTEMPATH/rewrite.php(44): require_once('/home/mihaja/Documents/GitHub/Final_S4/public/index.php')
WARNING - 2026-07-21 04:46:05 --> [DEPRECATED] Passing lowercase HTTP method "post" is deprecated. Use uppercase HTTP method like "POST". in SYSTEMPATH/Router/RouteCollection.php on line 1026.
 1 SYSTEMPATH/Router/RouteCollection.php(1026): trigger_error('Passing lowercase HTTP method "post" is deprecated. Use uppercase HTTP method like "POST".', 16384)
 2 APPPATH/Config/Routes.php(48): CodeIgniter\Router\RouteCollection->match([...], 'retrait', 'Client\\OperationController::retrait')
 3 SYSTEMPATH/Router/RouteCollection.php(799): CodeIgniter\Router\RouteCollection->{closure:/home/mihaja/Documents/GitHub/Final_S4/app/Config/Routes.php:45}(Object(CodeIgniter\Router\RouteCollection))
 4 APPPATH/Config/Routes.php(45): CodeIgniter\Router\RouteCollection->group('client', [...], Object(Closure))
 5 SYSTEMPATH/Router/RouteCollection.php(339): require('/home/mihaja/Documents/GitHub/Final_S4/app/Config/Routes.php')
 6 SYSTEMPATH/CodeIgniter.php(841): CodeIgniter\Router\RouteCollection->loadRoutes()
 7 SYSTEMPATH/CodeIgniter.php(464): CodeIgniter\CodeIgniter->tryToRouteIt(null)
 8 SYSTEMPATH/CodeIgniter.php(363): CodeIgniter\CodeIgniter->handleRequest(null, Object(Config\Cache), false)
 9 SYSTEMPATH/Boot.php(417): CodeIgniter\CodeIgniter->run()
10 SYSTEMPATH/Boot.php(68): CodeIgniter\Boot::runCodeIgniter(Object(CodeIgniter\CodeIgniter))
11 FCPATH/index.php(59): CodeIgniter\Boot::bootWeb(Object(Config\Paths))
12 SYSTEMPATH/rewrite.php(44): require_once('/home/mihaja/Documents/GitHub/Final_S4/public/index.php')
WARNING - 2026-07-21 04:46:05 --> [DEPRECATED] Passing lowercase HTTP method "get" is deprecated. Use uppercase HTTP method like "GET". in SYSTEMPATH/Router/RouteCollection.php on line 1026.
 1 SYSTEMPATH/Router/RouteCollection.php(1026): trigger_error('Passing lowercase HTTP method "get" is deprecated. Use uppercase HTTP method like "GET".', 16384)
 2 APPPATH/Config/Routes.php(49): CodeIgniter\Router\RouteCollection->match([...], 'transfert', 'Client\\OperationController::transfert')
 3 SYSTEMPATH/Router/RouteCollection.php(799): CodeIgniter\Router\RouteCollection->{closure:/home/mihaja/Documents/GitHub/Final_S4/app/Config/Routes.php:45}(Object(CodeIgniter\Router\RouteCollection))
 4 APPPATH/Config/Routes.php(45): CodeIgniter\Router\RouteCollection->group('client', [...], Object(Closure))
 5 SYSTEMPATH/Router/RouteCollection.php(339): require('/home/mihaja/Documents/GitHub/Final_S4/app/Config/Routes.php')
 6 SYSTEMPATH/CodeIgniter.php(841): CodeIgniter\Router\RouteCollection->loadRoutes()
 7 SYSTEMPATH/CodeIgniter.php(464): CodeIgniter\CodeIgniter->tryToRouteIt(null)
 8 SYSTEMPATH/CodeIgniter.php(363): CodeIgniter\CodeIgniter->handleRequest(null, Object(Config\Cache), false)
 9 SYSTEMPATH/Boot.php(417): CodeIgniter\CodeIgniter->run()
10 SYSTEMPATH/Boot.php(68): CodeIgniter\Boot::runCodeIgniter(Object(CodeIgniter\CodeIgniter))
11 FCPATH/index.php(59): CodeIgniter\Boot::bootWeb(Object(Config\Paths))
12 SYSTEMPATH/rewrite.php(44): require_once('/home/mihaja/Documents/GitHub/Final_S4/public/index.php')
WARNING - 2026-07-21 04:46:05 --> [DEPRECATED] Passing lowercase HTTP method "post" is deprecated. Use uppercase HTTP method like "POST". in SYSTEMPATH/Router/RouteCollection.php on line 1026.
 1 SYSTEMPATH/Router/RouteCollection.php(1026): trigger_error('Passing lowercase HTTP method "post" is deprecated. Use uppercase HTTP method like "POST".', 16384)
 2 APPPATH/Config/Routes.php(49): CodeIgniter\Router\RouteCollection->match([...], 'transfert', 'Client\\OperationController::transfert')
 3 SYSTEMPATH/Router/RouteCollection.php(799): CodeIgniter\Router\RouteCollection->{closure:/home/mihaja/Documents/GitHub/Final_S4/app/Config/Routes.php:45}(Object(CodeIgniter\Router\RouteCollection))
 4 APPPATH/Config/Routes.php(45): CodeIgniter\Router\RouteCollection->group('client', [...], Object(Closure))
 5 SYSTEMPATH/Router/RouteCollection.php(339): require('/home/mihaja/Documents/GitHub/Final_S4/app/Config/Routes.php')
 6 SYSTEMPATH/CodeIgniter.php(841): CodeIgniter\Router\RouteCollection->loadRoutes()
 7 SYSTEMPATH/CodeIgniter.php(464): CodeIgniter\CodeIgniter->tryToRouteIt(null)
 8 SYSTEMPATH/CodeIgniter.php(363): CodeIgniter\CodeIgniter->handleRequest(null, Object(Config\Cache), false)
 9 SYSTEMPATH/Boot.php(417): CodeIgniter\CodeIgniter->run()
10 SYSTEMPATH/Boot.php(68): CodeIgniter\Boot::runCodeIgniter(Object(CodeIgniter\CodeIgniter))
11 FCPATH/index.php(59): CodeIgniter\Boot::bootWeb(Object(Config\Paths))
12 SYSTEMPATH/rewrite.php(44): require_once('/home/mihaja/Documents/GitHub/Final_S4/public/index.php')
DEBUG - 2026-07-21 04:46:05 --> Session: Class initialized using 'CodeIgniter\Session\Handlers\FileHandler' driver.
WARNING - 2026-07-21 04:46:09 --> [DEPRECATED] Passing lowercase HTTP method "get" is deprecated. Use uppercase HTTP method like "GET". in SYSTEMPATH/Router/RouteCollection.php on line 1026.
 1 SYSTEMPATH/Router/RouteCollection.php(1026): trigger_error('Passing lowercase HTTP method "get" is deprecated. Use uppercase HTTP method like "GET".', 16384)
 2 APPPATH/Config/Routes.php(47): CodeIgniter\Router\RouteCollection->match([...], 'depot', 'Client\\OperationController::depot')
 3 SYSTEMPATH/Router/RouteCollection.php(799): CodeIgniter\Router\RouteCollection->{closure:/home/mihaja/Documents/GitHub/Final_S4/app/Config/Routes.php:45}(Object(CodeIgniter\Router\RouteCollection))
 4 APPPATH/Config/Routes.php(45): CodeIgniter\Router\RouteCollection->group('client', [...], Object(Closure))
 5 SYSTEMPATH/Router/RouteCollection.php(339): require('/home/mihaja/Documents/GitHub/Final_S4/app/Config/Routes.php')
 6 SYSTEMPATH/CodeIgniter.php(841): CodeIgniter\Router\RouteCollection->loadRoutes()
 7 SYSTEMPATH/CodeIgniter.php(464): CodeIgniter\CodeIgniter->tryToRouteIt(null)
 8 SYSTEMPATH/CodeIgniter.php(363): CodeIgniter\CodeIgniter->handleRequest(null, Object(Config\Cache), false)
 9 SYSTEMPATH/Boot.php(417): CodeIgniter\CodeIgniter->run()
10 SYSTEMPATH/Boot.php(68): CodeIgniter\Boot::runCodeIgniter(Object(CodeIgniter\CodeIgniter))
11 FCPATH/index.php(59): CodeIgniter\Boot::bootWeb(Object(Config\Paths))
12 SYSTEMPATH/rewrite.php(44): require_once('/home/mihaja/Documents/GitHub/Final_S4/public/index.php')
WARNING - 2026-07-21 04:46:09 --> [DEPRECATED] Passing lowercase HTTP method "post" is deprecated. Use uppercase HTTP method like "POST". in SYSTEMPATH/Router/RouteCollection.php on line 1026.
 1 SYSTEMPATH/Router/RouteCollection.php(1026): trigger_error('Passing lowercase HTTP method "post" is deprecated. Use uppercase HTTP method like "POST".', 16384)
 2 APPPATH/Config/Routes.php(47): CodeIgniter\Router\RouteCollection->match([...], 'depot', 'Client\\OperationController::depot')
 3 SYSTEMPATH/Router/RouteCollection.php(799): CodeIgniter\Router\RouteCollection->{closure:/home/mihaja/Documents/GitHub/Final_S4/app/Config/Routes.php:45}(Object(CodeIgniter\Router\RouteCollection))
 4 APPPATH/Config/Routes.php(45): CodeIgniter\Router\RouteCollection->group('client', [...], Object(Closure))
 5 SYSTEMPATH/Router/RouteCollection.php(339): require('/home/mihaja/Documents/GitHub/Final_S4/app/Config/Routes.php')
 6 SYSTEMPATH/CodeIgniter.php(841): CodeIgniter\Router\RouteCollection->loadRoutes()
 7 SYSTEMPATH/CodeIgniter.php(464): CodeIgniter\CodeIgniter->tryToRouteIt(null)
 8 SYSTEMPATH/CodeIgniter.php(363): CodeIgniter\CodeIgniter->handleRequest(null, Object(Config\Cache), false)
 9 SYSTEMPATH/Boot.php(417): CodeIgniter\CodeIgniter->run()
10 SYSTEMPATH/Boot.php(68): CodeIgniter\Boot::runCodeIgniter(Object(CodeIgniter\CodeIgniter))
11 FCPATH/index.php(59): CodeIgniter\Boot::bootWeb(Object(Config\Paths))
12 SYSTEMPATH/rewrite.php(44): require_once('/home/mihaja/Documents/GitHub/Final_S4/public/index.php')
WARNING - 2026-07-21 04:46:09 --> [DEPRECATED] Passing lowercase HTTP method "get" is deprecated. Use uppercase HTTP method like "GET". in SYSTEMPATH/Router/RouteCollection.php on line 1026.
 1 SYSTEMPATH/Router/RouteCollection.php(1026): trigger_error('Passing lowercase HTTP method "get" is deprecated. Use uppercase HTTP method like "GET".', 16384)
 2 APPPATH/Config/Routes.php(48): CodeIgniter\Router\RouteCollection->match([...], 'retrait', 'Client\\OperationController::retrait')
 3 SYSTEMPATH/Router/RouteCollection.php(799): CodeIgniter\Router\RouteCollection->{closure:/home/mihaja/Documents/GitHub/Final_S4/app/Config/Routes.php:45}(Object(CodeIgniter\Router\RouteCollection))
 4 APPPATH/Config/Routes.php(45): CodeIgniter\Router\RouteCollection->group('client', [...], Object(Closure))
 5 SYSTEMPATH/Router/RouteCollection.php(339): require('/home/mihaja/Documents/GitHub/Final_S4/app/Config/Routes.php')
 6 SYSTEMPATH/CodeIgniter.php(841): CodeIgniter\Router\RouteCollection->loadRoutes()
 7 SYSTEMPATH/CodeIgniter.php(464): CodeIgniter\CodeIgniter->tryToRouteIt(null)
 8 SYSTEMPATH/CodeIgniter.php(363): CodeIgniter\CodeIgniter->handleRequest(null, Object(Config\Cache), false)
 9 SYSTEMPATH/Boot.php(417): CodeIgniter\CodeIgniter->run()
10 SYSTEMPATH/Boot.php(68): CodeIgniter\Boot::runCodeIgniter(Object(CodeIgniter\CodeIgniter))
11 FCPATH/index.php(59): CodeIgniter\Boot::bootWeb(Object(Config\Paths))
12 SYSTEMPATH/rewrite.php(44): require_once('/home/mihaja/Documents/GitHub/Final_S4/public/index.php')
WARNING - 2026-07-21 04:46:09 --> [DEPRECATED] Passing lowercase HTTP method "post" is deprecated. Use uppercase HTTP method like "POST". in SYSTEMPATH/Router/RouteCollection.php on line 1026.
 1 SYSTEMPATH/Router/RouteCollection.php(1026): trigger_error('Passing lowercase HTTP method "post" is deprecated. Use uppercase HTTP method like "POST".', 16384)
 2 APPPATH/Config/Routes.php(48): CodeIgniter\Router\RouteCollection->match([...], 'retrait', 'Client\\OperationController::retrait')
 3 SYSTEMPATH/Router/RouteCollection.php(799): CodeIgniter\Router\RouteCollection->{closure:/home/mihaja/Documents/GitHub/Final_S4/app/Config/Routes.php:45}(Object(CodeIgniter\Router\RouteCollection))
 4 APPPATH/Config/Routes.php(45): CodeIgniter\Router\RouteCollection->group('client', [...], Object(Closure))
 5 SYSTEMPATH/Router/RouteCollection.php(339): require('/home/mihaja/Documents/GitHub/Final_S4/app/Config/Routes.php')
 6 SYSTEMPATH/CodeIgniter.php(841): CodeIgniter\Router\RouteCollection->loadRoutes()
 7 SYSTEMPATH/CodeIgniter.php(464): CodeIgniter\CodeIgniter->tryToRouteIt(null)
 8 SYSTEMPATH/CodeIgniter.php(363): CodeIgniter\CodeIgniter->handleRequest(null, Object(Config\Cache), false)
 9 SYSTEMPATH/Boot.php(417): CodeIgniter\CodeIgniter->run()
10 SYSTEMPATH/Boot.php(68): CodeIgniter\Boot::runCodeIgniter(Object(CodeIgniter\CodeIgniter))
11 FCPATH/index.php(59): CodeIgniter\Boot::bootWeb(Object(Config\Paths))
12 SYSTEMPATH/rewrite.php(44): require_once('/home/mihaja/Documents/GitHub/Final_S4/public/index.php')
WARNING - 2026-07-21 04:46:09 --> [DEPRECATED] Passing lowercase HTTP method "get" is deprecated. Use uppercase HTTP method like "GET". in SYSTEMPATH/Router/RouteCollection.php on line 1026.
 1 SYSTEMPATH/Router/RouteCollection.php(1026): trigger_error('Passing lowercase HTTP method "get" is deprecated. Use uppercase HTTP method like "GET".', 16384)
 2 APPPATH/Config/Routes.php(49): CodeIgniter\Router\RouteCollection->match([...], 'transfert', 'Client\\OperationController::transfert')
 3 SYSTEMPATH/Router/RouteCollection.php(799): CodeIgniter\Router\RouteCollection->{closure:/home/mihaja/Documents/GitHub/Final_S4/app/Config/Routes.php:45}(Object(CodeIgniter\Router\RouteCollection))
 4 APPPATH/Config/Routes.php(45): CodeIgniter\Router\RouteCollection->group('client', [...], Object(Closure))
 5 SYSTEMPATH/Router/RouteCollection.php(339): require('/home/mihaja/Documents/GitHub/Final_S4/app/Config/Routes.php')
 6 SYSTEMPATH/CodeIgniter.php(841): CodeIgniter\Router\RouteCollection->loadRoutes()
 7 SYSTEMPATH/CodeIgniter.php(464): CodeIgniter\CodeIgniter->tryToRouteIt(null)
 8 SYSTEMPATH/CodeIgniter.php(363): CodeIgniter\CodeIgniter->handleRequest(null, Object(Config\Cache), false)
 9 SYSTEMPATH/Boot.php(417): CodeIgniter\CodeIgniter->run()
10 SYSTEMPATH/Boot.php(68): CodeIgniter\Boot::runCodeIgniter(Object(CodeIgniter\CodeIgniter))
11 FCPATH/index.php(59): CodeIgniter\Boot::bootWeb(Object(Config\Paths))
12 SYSTEMPATH/rewrite.php(44): require_once('/home/mihaja/Documents/GitHub/Final_S4/public/index.php')
WARNING - 2026-07-21 04:46:09 --> [DEPRECATED] Passing lowercase HTTP method "post" is deprecated. Use uppercase HTTP method like "POST". in SYSTEMPATH/Router/RouteCollection.php on line 1026.
 1 SYSTEMPATH/Router/RouteCollection.php(1026): trigger_error('Passing lowercase HTTP method "post" is deprecated. Use uppercase HTTP method like "POST".', 16384)
 2 APPPATH/Config/Routes.php(49): CodeIgniter\Router\RouteCollection->match([...], 'transfert', 'Client\\OperationController::transfert')
 3 SYSTEMPATH/Router/RouteCollection.php(799): CodeIgniter\Router\RouteCollection->{closure:/home/mihaja/Documents/GitHub/Final_S4/app/Config/Routes.php:45}(Object(CodeIgniter\Router\RouteCollection))
 4 APPPATH/Config/Routes.php(45): CodeIgniter\Router\RouteCollection->group('client', [...], Object(Closure))
 5 SYSTEMPATH/Router/RouteCollection.php(339): require('/home/mihaja/Documents/GitHub/Final_S4/app/Config/Routes.php')
 6 SYSTEMPATH/CodeIgniter.php(841): CodeIgniter\Router\RouteCollection->loadRoutes()
 7 SYSTEMPATH/CodeIgniter.php(464): CodeIgniter\CodeIgniter->tryToRouteIt(null)
 8 SYSTEMPATH/CodeIgniter.php(363): CodeIgniter\CodeIgniter->handleRequest(null, Object(Config\Cache), false)
 9 SYSTEMPATH/Boot.php(417): CodeIgniter\CodeIgniter->run()
10 SYSTEMPATH/Boot.php(68): CodeIgniter\Boot::runCodeIgniter(Object(CodeIgniter\CodeIgniter))
11 FCPATH/index.php(59): CodeIgniter\Boot::bootWeb(Object(Config\Paths))
12 SYSTEMPATH/rewrite.php(44): require_once('/home/mihaja/Documents/GitHub/Final_S4/public/index.php')
DEBUG - 2026-07-21 04:46:09 --> Session: Class initialized using 'CodeIgniter\Session\Handlers\FileHandler' driver.
WARNING - 2026-07-21 04:46:13 --> [DEPRECATED] Passing lowercase HTTP method "get" is deprecated. Use uppercase HTTP method like "GET". in SYSTEMPATH/Router/RouteCollection.php on line 1026.
 1 SYSTEMPATH/Router/RouteCollection.php(1026): trigger_error('Passing lowercase HTTP method "get" is deprecated. Use uppercase HTTP method like "GET".', 16384)
 2 APPPATH/Config/Routes.php(47): CodeIgniter\Router\RouteCollection->match([...], 'depot', 'Client\\OperationController::depot')
 3 SYSTEMPATH/Router/RouteCollection.php(799): CodeIgniter\Router\RouteCollection->{closure:/home/mihaja/Documents/GitHub/Final_S4/app/Config/Routes.php:45}(Object(CodeIgniter\Router\RouteCollection))
 4 APPPATH/Config/Routes.php(45): CodeIgniter\Router\RouteCollection->group('client', [...], Object(Closure))
 5 SYSTEMPATH/Router/RouteCollection.php(339): require('/home/mihaja/Documents/GitHub/Final_S4/app/Config/Routes.php')
 6 SYSTEMPATH/CodeIgniter.php(841): CodeIgniter\Router\RouteCollection->loadRoutes()
 7 SYSTEMPATH/CodeIgniter.php(464): CodeIgniter\CodeIgniter->tryToRouteIt(null)
 8 SYSTEMPATH/CodeIgniter.php(363): CodeIgniter\CodeIgniter->handleRequest(null, Object(Config\Cache), false)
 9 SYSTEMPATH/Boot.php(417): CodeIgniter\CodeIgniter->run()
10 SYSTEMPATH/Boot.php(68): CodeIgniter\Boot::runCodeIgniter(Object(CodeIgniter\CodeIgniter))
11 FCPATH/index.php(59): CodeIgniter\Boot::bootWeb(Object(Config\Paths))
12 SYSTEMPATH/rewrite.php(44): require_once('/home/mihaja/Documents/GitHub/Final_S4/public/index.php')
WARNING - 2026-07-21 04:46:13 --> [DEPRECATED] Passing lowercase HTTP method "post" is deprecated. Use uppercase HTTP method like "POST". in SYSTEMPATH/Router/RouteCollection.php on line 1026.
 1 SYSTEMPATH/Router/RouteCollection.php(1026): trigger_error('Passing lowercase HTTP method "post" is deprecated. Use uppercase HTTP method like "POST".', 16384)
 2 APPPATH/Config/Routes.php(47): CodeIgniter\Router\RouteCollection->match([...], 'depot', 'Client\\OperationController::depot')
 3 SYSTEMPATH/Router/RouteCollection.php(799): CodeIgniter\Router\RouteCollection->{closure:/home/mihaja/Documents/GitHub/Final_S4/app/Config/Routes.php:45}(Object(CodeIgniter\Router\RouteCollection))
 4 APPPATH/Config/Routes.php(45): CodeIgniter\Router\RouteCollection->group('client', [...], Object(Closure))
 5 SYSTEMPATH/Router/RouteCollection.php(339): require('/home/mihaja/Documents/GitHub/Final_S4/app/Config/Routes.php')
 6 SYSTEMPATH/CodeIgniter.php(841): CodeIgniter\Router\RouteCollection->loadRoutes()
 7 SYSTEMPATH/CodeIgniter.php(464): CodeIgniter\CodeIgniter->tryToRouteIt(null)
 8 SYSTEMPATH/CodeIgniter.php(363): CodeIgniter\CodeIgniter->handleRequest(null, Object(Config\Cache), false)
 9 SYSTEMPATH/Boot.php(417): CodeIgniter\CodeIgniter->run()
10 SYSTEMPATH/Boot.php(68): CodeIgniter\Boot::runCodeIgniter(Object(CodeIgniter\CodeIgniter))
11 FCPATH/index.php(59): CodeIgniter\Boot::bootWeb(Object(Config\Paths))
12 SYSTEMPATH/rewrite.php(44): require_once('/home/mihaja/Documents/GitHub/Final_S4/public/index.php')
WARNING - 2026-07-21 04:46:13 --> [DEPRECATED] Passing lowercase HTTP method "get" is deprecated. Use uppercase HTTP method like "GET". in SYSTEMPATH/Router/RouteCollection.php on line 1026.
 1 SYSTEMPATH/Router/RouteCollection.php(1026): trigger_error('Passing lowercase HTTP method "get" is deprecated. Use uppercase HTTP method like "GET".', 16384)
 2 APPPATH/Config/Routes.php(48): CodeIgniter\Router\RouteCollection->match([...], 'retrait', 'Client\\OperationController::retrait')
 3 SYSTEMPATH/Router/RouteCollection.php(799): CodeIgniter\Router\RouteCollection->{closure:/home/mihaja/Documents/GitHub/Final_S4/app/Config/Routes.php:45}(Object(CodeIgniter\Router\RouteCollection))
 4 APPPATH/Config/Routes.php(45): CodeIgniter\Router\RouteCollection->group('client', [...], Object(Closure))
 5 SYSTEMPATH/Router/RouteCollection.php(339): require('/home/mihaja/Documents/GitHub/Final_S4/app/Config/Routes.php')
 6 SYSTEMPATH/CodeIgniter.php(841): CodeIgniter\Router\RouteCollection->loadRoutes()
 7 SYSTEMPATH/CodeIgniter.php(464): CodeIgniter\CodeIgniter->tryToRouteIt(null)
 8 SYSTEMPATH/CodeIgniter.php(363): CodeIgniter\CodeIgniter->handleRequest(null, Object(Config\Cache), false)
 9 SYSTEMPATH/Boot.php(417): CodeIgniter\CodeIgniter->run()
10 SYSTEMPATH/Boot.php(68): CodeIgniter\Boot::runCodeIgniter(Object(CodeIgniter\CodeIgniter))
11 FCPATH/index.php(59): CodeIgniter\Boot::bootWeb(Object(Config\Paths))
12 SYSTEMPATH/rewrite.php(44): require_once('/home/mihaja/Documents/GitHub/Final_S4/public/index.php')
WARNING - 2026-07-21 04:46:13 --> [DEPRECATED] Passing lowercase HTTP method "post" is deprecated. Use uppercase HTTP method like "POST". in SYSTEMPATH/Router/RouteCollection.php on line 1026.
 1 SYSTEMPATH/Router/RouteCollection.php(1026): trigger_error('Passing lowercase HTTP method "post" is deprecated. Use uppercase HTTP method like "POST".', 16384)
 2 APPPATH/Config/Routes.php(48): CodeIgniter\Router\RouteCollection->match([...], 'retrait', 'Client\\OperationController::retrait')
 3 SYSTEMPATH/Router/RouteCollection.php(799): CodeIgniter\Router\RouteCollection->{closure:/home/mihaja/Documents/GitHub/Final_S4/app/Config/Routes.php:45}(Object(CodeIgniter\Router\RouteCollection))
 4 APPPATH/Config/Routes.php(45): CodeIgniter\Router\RouteCollection->group('client', [...], Object(Closure))
 5 SYSTEMPATH/Router/RouteCollection.php(339): require('/home/mihaja/Documents/GitHub/Final_S4/app/Config/Routes.php')
 6 SYSTEMPATH/CodeIgniter.php(841): CodeIgniter\Router\RouteCollection->loadRoutes()
 7 SYSTEMPATH/CodeIgniter.php(464): CodeIgniter\CodeIgniter->tryToRouteIt(null)
 8 SYSTEMPATH/CodeIgniter.php(363): CodeIgniter\CodeIgniter->handleRequest(null, Object(Config\Cache), false)
 9 SYSTEMPATH/Boot.php(417): CodeIgniter\CodeIgniter->run()
10 SYSTEMPATH/Boot.php(68): CodeIgniter\Boot::runCodeIgniter(Object(CodeIgniter\CodeIgniter))
11 FCPATH/index.php(59): CodeIgniter\Boot::bootWeb(Object(Config\Paths))
12 SYSTEMPATH/rewrite.php(44): require_once('/home/mihaja/Documents/GitHub/Final_S4/public/index.php')
WARNING - 2026-07-21 04:46:13 --> [DEPRECATED] Passing lowercase HTTP method "get" is deprecated. Use uppercase HTTP method like "GET". in SYSTEMPATH/Router/RouteCollection.php on line 1026.
 1 SYSTEMPATH/Router/RouteCollection.php(1026): trigger_error('Passing lowercase HTTP method "get" is deprecated. Use uppercase HTTP method like "GET".', 16384)
 2 APPPATH/Config/Routes.php(49): CodeIgniter\Router\RouteCollection->match([...], 'transfert', 'Client\\OperationController::transfert')
 3 SYSTEMPATH/Router/RouteCollection.php(799): CodeIgniter\Router\RouteCollection->{closure:/home/mihaja/Documents/GitHub/Final_S4/app/Config/Routes.php:45}(Object(CodeIgniter\Router\RouteCollection))
 4 APPPATH/Config/Routes.php(45): CodeIgniter\Router\RouteCollection->group('client', [...], Object(Closure))
 5 SYSTEMPATH/Router/RouteCollection.php(339): require('/home/mihaja/Documents/GitHub/Final_S4/app/Config/Routes.php')
 6 SYSTEMPATH/CodeIgniter.php(841): CodeIgniter\Router\RouteCollection->loadRoutes()
 7 SYSTEMPATH/CodeIgniter.php(464): CodeIgniter\CodeIgniter->tryToRouteIt(null)
 8 SYSTEMPATH/CodeIgniter.php(363): CodeIgniter\CodeIgniter->handleRequest(null, Object(Config\Cache), false)
 9 SYSTEMPATH/Boot.php(417): CodeIgniter\CodeIgniter->run()
10 SYSTEMPATH/Boot.php(68): CodeIgniter\Boot::runCodeIgniter(Object(CodeIgniter\CodeIgniter))
11 FCPATH/index.php(59): CodeIgniter\Boot::bootWeb(Object(Config\Paths))
12 SYSTEMPATH/rewrite.php(44): require_once('/home/mihaja/Documents/GitHub/Final_S4/public/index.php')
WARNING - 2026-07-21 04:46:13 --> [DEPRECATED] Passing lowercase HTTP method "post" is deprecated. Use uppercase HTTP method like "POST". in SYSTEMPATH/Router/RouteCollection.php on line 1026.
 1 SYSTEMPATH/Router/RouteCollection.php(1026): trigger_error('Passing lowercase HTTP method "post" is deprecated. Use uppercase HTTP method like "POST".', 16384)
 2 APPPATH/Config/Routes.php(49): CodeIgniter\Router\RouteCollection->match([...], 'transfert', 'Client\\OperationController::transfert')
 3 SYSTEMPATH/Router/RouteCollection.php(799): CodeIgniter\Router\RouteCollection->{closure:/home/mihaja/Documents/GitHub/Final_S4/app/Config/Routes.php:45}(Object(CodeIgniter\Router\RouteCollection))
 4 APPPATH/Config/Routes.php(45): CodeIgniter\Router\RouteCollection->group('client', [...], Object(Closure))
 5 SYSTEMPATH/Router/RouteCollection.php(339): require('/home/mihaja/Documents/GitHub/Final_S4/app/Config/Routes.php')
 6 SYSTEMPATH/CodeIgniter.php(841): CodeIgniter\Router\RouteCollection->loadRoutes()
 7 SYSTEMPATH/CodeIgniter.php(464): CodeIgniter\CodeIgniter->tryToRouteIt(null)
 8 SYSTEMPATH/CodeIgniter.php(363): CodeIgniter\CodeIgniter->handleRequest(null, Object(Config\Cache), false)
 9 SYSTEMPATH/Boot.php(417): CodeIgniter\CodeIgniter->run()
10 SYSTEMPATH/Boot.php(68): CodeIgniter\Boot::runCodeIgniter(Object(CodeIgniter\CodeIgniter))
11 FCPATH/index.php(59): CodeIgniter\Boot::bootWeb(Object(Config\Paths))
12 SYSTEMPATH/rewrite.php(44): require_once('/home/mihaja/Documents/GitHub/Final_S4/public/index.php')
DEBUG - 2026-07-21 04:46:13 --> Session: Class initialized using 'CodeIgniter\Session\Handlers\FileHandler' driver.
WARNING - 2026-07-21 04:46:15 --> [DEPRECATED] Passing lowercase HTTP method "get" is deprecated. Use uppercase HTTP method like "GET". in SYSTEMPATH/Router/RouteCollection.php on line 1026.
 1 SYSTEMPATH/Router/RouteCollection.php(1026): trigger_error('Passing lowercase HTTP method "get" is deprecated. Use uppercase HTTP method like "GET".', 16384)
 2 APPPATH/Config/Routes.php(47): CodeIgniter\Router\RouteCollection->match([...], 'depot', 'Client\\OperationController::depot')
 3 SYSTEMPATH/Router/RouteCollection.php(799): CodeIgniter\Router\RouteCollection->{closure:/home/mihaja/Documents/GitHub/Final_S4/app/Config/Routes.php:45}(Object(CodeIgniter\Router\RouteCollection))
 4 APPPATH/Config/Routes.php(45): CodeIgniter\Router\RouteCollection->group('client', [...], Object(Closure))
 5 SYSTEMPATH/Router/RouteCollection.php(339): require('/home/mihaja/Documents/GitHub/Final_S4/app/Config/Routes.php')
 6 SYSTEMPATH/CodeIgniter.php(841): CodeIgniter\Router\RouteCollection->loadRoutes()
 7 SYSTEMPATH/CodeIgniter.php(464): CodeIgniter\CodeIgniter->tryToRouteIt(null)
 8 SYSTEMPATH/CodeIgniter.php(363): CodeIgniter\CodeIgniter->handleRequest(null, Object(Config\Cache), false)
 9 SYSTEMPATH/Boot.php(417): CodeIgniter\CodeIgniter->run()
10 SYSTEMPATH/Boot.php(68): CodeIgniter\Boot::runCodeIgniter(Object(CodeIgniter\CodeIgniter))
11 FCPATH/index.php(59): CodeIgniter\Boot::bootWeb(Object(Config\Paths))
12 SYSTEMPATH/rewrite.php(44): require_once('/home/mihaja/Documents/GitHub/Final_S4/public/index.php')
WARNING - 2026-07-21 04:46:15 --> [DEPRECATED] Passing lowercase HTTP method "post" is deprecated. Use uppercase HTTP method like "POST". in SYSTEMPATH/Router/RouteCollection.php on line 1026.
 1 SYSTEMPATH/Router/RouteCollection.php(1026): trigger_error('Passing lowercase HTTP method "post" is deprecated. Use uppercase HTTP method like "POST".', 16384)
 2 APPPATH/Config/Routes.php(47): CodeIgniter\Router\RouteCollection->match([...], 'depot', 'Client\\OperationController::depot')
 3 SYSTEMPATH/Router/RouteCollection.php(799): CodeIgniter\Router\RouteCollection->{closure:/home/mihaja/Documents/GitHub/Final_S4/app/Config/Routes.php:45}(Object(CodeIgniter\Router\RouteCollection))
 4 APPPATH/Config/Routes.php(45): CodeIgniter\Router\RouteCollection->group('client', [...], Object(Closure))
 5 SYSTEMPATH/Router/RouteCollection.php(339): require('/home/mihaja/Documents/GitHub/Final_S4/app/Config/Routes.php')
 6 SYSTEMPATH/CodeIgniter.php(841): CodeIgniter\Router\RouteCollection->loadRoutes()
 7 SYSTEMPATH/CodeIgniter.php(464): CodeIgniter\CodeIgniter->tryToRouteIt(null)
 8 SYSTEMPATH/CodeIgniter.php(363): CodeIgniter\CodeIgniter->handleRequest(null, Object(Config\Cache), false)
 9 SYSTEMPATH/Boot.php(417): CodeIgniter\CodeIgniter->run()
10 SYSTEMPATH/Boot.php(68): CodeIgniter\Boot::runCodeIgniter(Object(CodeIgniter\CodeIgniter))
11 FCPATH/index.php(59): CodeIgniter\Boot::bootWeb(Object(Config\Paths))
12 SYSTEMPATH/rewrite.php(44): require_once('/home/mihaja/Documents/GitHub/Final_S4/public/index.php')
WARNING - 2026-07-21 04:46:15 --> [DEPRECATED] Passing lowercase HTTP method "get" is deprecated. Use uppercase HTTP method like "GET". in SYSTEMPATH/Router/RouteCollection.php on line 1026.
 1 SYSTEMPATH/Router/RouteCollection.php(1026): trigger_error('Passing lowercase HTTP method "get" is deprecated. Use uppercase HTTP method like "GET".', 16384)
 2 APPPATH/Config/Routes.php(48): CodeIgniter\Router\RouteCollection->match([...], 'retrait', 'Client\\OperationController::retrait')
 3 SYSTEMPATH/Router/RouteCollection.php(799): CodeIgniter\Router\RouteCollection->{closure:/home/mihaja/Documents/GitHub/Final_S4/app/Config/Routes.php:45}(Object(CodeIgniter\Router\RouteCollection))
 4 APPPATH/Config/Routes.php(45): CodeIgniter\Router\RouteCollection->group('client', [...], Object(Closure))
 5 SYSTEMPATH/Router/RouteCollection.php(339): require('/home/mihaja/Documents/GitHub/Final_S4/app/Config/Routes.php')
 6 SYSTEMPATH/CodeIgniter.php(841): CodeIgniter\Router\RouteCollection->loadRoutes()
 7 SYSTEMPATH/CodeIgniter.php(464): CodeIgniter\CodeIgniter->tryToRouteIt(null)
 8 SYSTEMPATH/CodeIgniter.php(363): CodeIgniter\CodeIgniter->handleRequest(null, Object(Config\Cache), false)
 9 SYSTEMPATH/Boot.php(417): CodeIgniter\CodeIgniter->run()
10 SYSTEMPATH/Boot.php(68): CodeIgniter\Boot::runCodeIgniter(Object(CodeIgniter\CodeIgniter))
11 FCPATH/index.php(59): CodeIgniter\Boot::bootWeb(Object(Config\Paths))
12 SYSTEMPATH/rewrite.php(44): require_once('/home/mihaja/Documents/GitHub/Final_S4/public/index.php')
WARNING - 2026-07-21 04:46:15 --> [DEPRECATED] Passing lowercase HTTP method "post" is deprecated. Use uppercase HTTP method like "POST". in SYSTEMPATH/Router/RouteCollection.php on line 1026.
 1 SYSTEMPATH/Router/RouteCollection.php(1026): trigger_error('Passing lowercase HTTP method "post" is deprecated. Use uppercase HTTP method like "POST".', 16384)
 2 APPPATH/Config/Routes.php(48): CodeIgniter\Router\RouteCollection->match([...], 'retrait', 'Client\\OperationController::retrait')
 3 SYSTEMPATH/Router/RouteCollection.php(799): CodeIgniter\Router\RouteCollection->{closure:/home/mihaja/Documents/GitHub/Final_S4/app/Config/Routes.php:45}(Object(CodeIgniter\Router\RouteCollection))
 4 APPPATH/Config/Routes.php(45): CodeIgniter\Router\RouteCollection->group('client', [...], Object(Closure))
 5 SYSTEMPATH/Router/RouteCollection.php(339): require('/home/mihaja/Documents/GitHub/Final_S4/app/Config/Routes.php')
 6 SYSTEMPATH/CodeIgniter.php(841): CodeIgniter\Router\RouteCollection->loadRoutes()
 7 SYSTEMPATH/CodeIgniter.php(464): CodeIgniter\CodeIgniter->tryToRouteIt(null)
 8 SYSTEMPATH/CodeIgniter.php(363): CodeIgniter\CodeIgniter->handleRequest(null, Object(Config\Cache), false)
 9 SYSTEMPATH/Boot.php(417): CodeIgniter\CodeIgniter->run()
10 SYSTEMPATH/Boot.php(68): CodeIgniter\Boot::runCodeIgniter(Object(CodeIgniter\CodeIgniter))
11 FCPATH/index.php(59): CodeIgniter\Boot::bootWeb(Object(Config\Paths))
12 SYSTEMPATH/rewrite.php(44): require_once('/home/mihaja/Documents/GitHub/Final_S4/public/index.php')
WARNING - 2026-07-21 04:46:15 --> [DEPRECATED] Passing lowercase HTTP method "get" is deprecated. Use uppercase HTTP method like "GET". in SYSTEMPATH/Router/RouteCollection.php on line 1026.
 1 SYSTEMPATH/Router/RouteCollection.php(1026): trigger_error('Passing lowercase HTTP method "get" is deprecated. Use uppercase HTTP method like "GET".', 16384)
 2 APPPATH/Config/Routes.php(49): CodeIgniter\Router\RouteCollection->match([...], 'transfert', 'Client\\OperationController::transfert')
 3 SYSTEMPATH/Router/RouteCollection.php(799): CodeIgniter\Router\RouteCollection->{closure:/home/mihaja/Documents/GitHub/Final_S4/app/Config/Routes.php:45}(Object(CodeIgniter\Router\RouteCollection))
 4 APPPATH/Config/Routes.php(45): CodeIgniter\Router\RouteCollection->group('client', [...], Object(Closure))
 5 SYSTEMPATH/Router/RouteCollection.php(339): require('/home/mihaja/Documents/GitHub/Final_S4/app/Config/Routes.php')
 6 SYSTEMPATH/CodeIgniter.php(841): CodeIgniter\Router\RouteCollection->loadRoutes()
 7 SYSTEMPATH/CodeIgniter.php(464): CodeIgniter\CodeIgniter->tryToRouteIt(null)
 8 SYSTEMPATH/CodeIgniter.php(363): CodeIgniter\CodeIgniter->handleRequest(null, Object(Config\Cache), false)
 9 SYSTEMPATH/Boot.php(417): CodeIgniter\CodeIgniter->run()
10 SYSTEMPATH/Boot.php(68): CodeIgniter\Boot::runCodeIgniter(Object(CodeIgniter\CodeIgniter))
11 FCPATH/index.php(59): CodeIgniter\Boot::bootWeb(Object(Config\Paths))
12 SYSTEMPATH/rewrite.php(44): require_once('/home/mihaja/Documents/GitHub/Final_S4/public/index.php')
WARNING - 2026-07-21 04:46:15 --> [DEPRECATED] Passing lowercase HTTP method "post" is deprecated. Use uppercase HTTP method like "POST". in SYSTEMPATH/Router/RouteCollection.php on line 1026.
 1 SYSTEMPATH/Router/RouteCollection.php(1026): trigger_error('Passing lowercase HTTP method "post" is deprecated. Use uppercase HTTP method like "POST".', 16384)
 2 APPPATH/Config/Routes.php(49): CodeIgniter\Router\RouteCollection->match([...], 'transfert', 'Client\\OperationController::transfert')
 3 SYSTEMPATH/Router/RouteCollection.php(799): CodeIgniter\Router\RouteCollection->{closure:/home/mihaja/Documents/GitHub/Final_S4/app/Config/Routes.php:45}(Object(CodeIgniter\Router\RouteCollection))
 4 APPPATH/Config/Routes.php(45): CodeIgniter\Router\RouteCollection->group('client', [...], Object(Closure))
 5 SYSTEMPATH/Router/RouteCollection.php(339): require('/home/mihaja/Documents/GitHub/Final_S4/app/Config/Routes.php')
 6 SYSTEMPATH/CodeIgniter.php(841): CodeIgniter\Router\RouteCollection->loadRoutes()
 7 SYSTEMPATH/CodeIgniter.php(464): CodeIgniter\CodeIgniter->tryToRouteIt(null)
 8 SYSTEMPATH/CodeIgniter.php(363): CodeIgniter\CodeIgniter->handleRequest(null, Object(Config\Cache), false)
 9 SYSTEMPATH/Boot.php(417): CodeIgniter\CodeIgniter->run()
10 SYSTEMPATH/Boot.php(68): CodeIgniter\Boot::runCodeIgniter(Object(CodeIgniter\CodeIgniter))
11 FCPATH/index.php(59): CodeIgniter\Boot::bootWeb(Object(Config\Paths))
12 SYSTEMPATH/rewrite.php(44): require_once('/home/mihaja/Documents/GitHub/Final_S4/public/index.php')
DEBUG - 2026-07-21 04:46:15 --> Session: Class initialized using 'CodeIgniter\Session\Handlers\FileHandler' driver.
WARNING - 2026-07-21 04:46:16 --> [DEPRECATED] Passing lowercase HTTP method "get" is deprecated. Use uppercase HTTP method like "GET". in SYSTEMPATH/Router/RouteCollection.php on line 1026.
 1 SYSTEMPATH/Router/RouteCollection.php(1026): trigger_error('Passing lowercase HTTP method "get" is deprecated. Use uppercase HTTP method like "GET".', 16384)
 2 APPPATH/Config/Routes.php(47): CodeIgniter\Router\RouteCollection->match([...], 'depot', 'Client\\OperationController::depot')
 3 SYSTEMPATH/Router/RouteCollection.php(799): CodeIgniter\Router\RouteCollection->{closure:/home/mihaja/Documents/GitHub/Final_S4/app/Config/Routes.php:45}(Object(CodeIgniter\Router\RouteCollection))
 4 APPPATH/Config/Routes.php(45): CodeIgniter\Router\RouteCollection->group('client', [...], Object(Closure))
 5 SYSTEMPATH/Router/RouteCollection.php(339): require('/home/mihaja/Documents/GitHub/Final_S4/app/Config/Routes.php')
 6 SYSTEMPATH/CodeIgniter.php(841): CodeIgniter\Router\RouteCollection->loadRoutes()
 7 SYSTEMPATH/CodeIgniter.php(464): CodeIgniter\CodeIgniter->tryToRouteIt(null)
 8 SYSTEMPATH/CodeIgniter.php(363): CodeIgniter\CodeIgniter->handleRequest(null, Object(Config\Cache), false)
 9 SYSTEMPATH/Boot.php(417): CodeIgniter\CodeIgniter->run()
10 SYSTEMPATH/Boot.php(68): CodeIgniter\Boot::runCodeIgniter(Object(CodeIgniter\CodeIgniter))
11 FCPATH/index.php(59): CodeIgniter\Boot::bootWeb(Object(Config\Paths))
12 SYSTEMPATH/rewrite.php(44): require_once('/home/mihaja/Documents/GitHub/Final_S4/public/index.php')
WARNING - 2026-07-21 04:46:16 --> [DEPRECATED] Passing lowercase HTTP method "post" is deprecated. Use uppercase HTTP method like "POST". in SYSTEMPATH/Router/RouteCollection.php on line 1026.
 1 SYSTEMPATH/Router/RouteCollection.php(1026): trigger_error('Passing lowercase HTTP method "post" is deprecated. Use uppercase HTTP method like "POST".', 16384)
 2 APPPATH/Config/Routes.php(47): CodeIgniter\Router\RouteCollection->match([...], 'depot', 'Client\\OperationController::depot')
 3 SYSTEMPATH/Router/RouteCollection.php(799): CodeIgniter\Router\RouteCollection->{closure:/home/mihaja/Documents/GitHub/Final_S4/app/Config/Routes.php:45}(Object(CodeIgniter\Router\RouteCollection))
 4 APPPATH/Config/Routes.php(45): CodeIgniter\Router\RouteCollection->group('client', [...], Object(Closure))
 5 SYSTEMPATH/Router/RouteCollection.php(339): require('/home/mihaja/Documents/GitHub/Final_S4/app/Config/Routes.php')
 6 SYSTEMPATH/CodeIgniter.php(841): CodeIgniter\Router\RouteCollection->loadRoutes()
 7 SYSTEMPATH/CodeIgniter.php(464): CodeIgniter\CodeIgniter->tryToRouteIt(null)
 8 SYSTEMPATH/CodeIgniter.php(363): CodeIgniter\CodeIgniter->handleRequest(null, Object(Config\Cache), false)
 9 SYSTEMPATH/Boot.php(417): CodeIgniter\CodeIgniter->run()
10 SYSTEMPATH/Boot.php(68): CodeIgniter\Boot::runCodeIgniter(Object(CodeIgniter\CodeIgniter))
11 FCPATH/index.php(59): CodeIgniter\Boot::bootWeb(Object(Config\Paths))
12 SYSTEMPATH/rewrite.php(44): require_once('/home/mihaja/Documents/GitHub/Final_S4/public/index.php')
WARNING - 2026-07-21 04:46:16 --> [DEPRECATED] Passing lowercase HTTP method "get" is deprecated. Use uppercase HTTP method like "GET". in SYSTEMPATH/Router/RouteCollection.php on line 1026.
 1 SYSTEMPATH/Router/RouteCollection.php(1026): trigger_error('Passing lowercase HTTP method "get" is deprecated. Use uppercase HTTP method like "GET".', 16384)
 2 APPPATH/Config/Routes.php(48): CodeIgniter\Router\RouteCollection->match([...], 'retrait', 'Client\\OperationController::retrait')
 3 SYSTEMPATH/Router/RouteCollection.php(799): CodeIgniter\Router\RouteCollection->{closure:/home/mihaja/Documents/GitHub/Final_S4/app/Config/Routes.php:45}(Object(CodeIgniter\Router\RouteCollection))
 4 APPPATH/Config/Routes.php(45): CodeIgniter\Router\RouteCollection->group('client', [...], Object(Closure))
 5 SYSTEMPATH/Router/RouteCollection.php(339): require('/home/mihaja/Documents/GitHub/Final_S4/app/Config/Routes.php')
 6 SYSTEMPATH/CodeIgniter.php(841): CodeIgniter\Router\RouteCollection->loadRoutes()
 7 SYSTEMPATH/CodeIgniter.php(464): CodeIgniter\CodeIgniter->tryToRouteIt(null)
 8 SYSTEMPATH/CodeIgniter.php(363): CodeIgniter\CodeIgniter->handleRequest(null, Object(Config\Cache), false)
 9 SYSTEMPATH/Boot.php(417): CodeIgniter\CodeIgniter->run()
10 SYSTEMPATH/Boot.php(68): CodeIgniter\Boot::runCodeIgniter(Object(CodeIgniter\CodeIgniter))
11 FCPATH/index.php(59): CodeIgniter\Boot::bootWeb(Object(Config\Paths))
12 SYSTEMPATH/rewrite.php(44): require_once('/home/mihaja/Documents/GitHub/Final_S4/public/index.php')
WARNING - 2026-07-21 04:46:16 --> [DEPRECATED] Passing lowercase HTTP method "post" is deprecated. Use uppercase HTTP method like "POST". in SYSTEMPATH/Router/RouteCollection.php on line 1026.
 1 SYSTEMPATH/Router/RouteCollection.php(1026): trigger_error('Passing lowercase HTTP method "post" is deprecated. Use uppercase HTTP method like "POST".', 16384)
 2 APPPATH/Config/Routes.php(48): CodeIgniter\Router\RouteCollection->match([...], 'retrait', 'Client\\OperationController::retrait')
 3 SYSTEMPATH/Router/RouteCollection.php(799): CodeIgniter\Router\RouteCollection->{closure:/home/mihaja/Documents/GitHub/Final_S4/app/Config/Routes.php:45}(Object(CodeIgniter\Router\RouteCollection))
 4 APPPATH/Config/Routes.php(45): CodeIgniter\Router\RouteCollection->group('client', [...], Object(Closure))
 5 SYSTEMPATH/Router/RouteCollection.php(339): require('/home/mihaja/Documents/GitHub/Final_S4/app/Config/Routes.php')
 6 SYSTEMPATH/CodeIgniter.php(841): CodeIgniter\Router\RouteCollection->loadRoutes()
 7 SYSTEMPATH/CodeIgniter.php(464): CodeIgniter\CodeIgniter->tryToRouteIt(null)
 8 SYSTEMPATH/CodeIgniter.php(363): CodeIgniter\CodeIgniter->handleRequest(null, Object(Config\Cache), false)
 9 SYSTEMPATH/Boot.php(417): CodeIgniter\CodeIgniter->run()
10 SYSTEMPATH/Boot.php(68): CodeIgniter\Boot::runCodeIgniter(Object(CodeIgniter\CodeIgniter))
11 FCPATH/index.php(59): CodeIgniter\Boot::bootWeb(Object(Config\Paths))
12 SYSTEMPATH/rewrite.php(44): require_once('/home/mihaja/Documents/GitHub/Final_S4/public/index.php')
WARNING - 2026-07-21 04:46:16 --> [DEPRECATED] Passing lowercase HTTP method "get" is deprecated. Use uppercase HTTP method like "GET". in SYSTEMPATH/Router/RouteCollection.php on line 1026.
 1 SYSTEMPATH/Router/RouteCollection.php(1026): trigger_error('Passing lowercase HTTP method "get" is deprecated. Use uppercase HTTP method like "GET".', 16384)
 2 APPPATH/Config/Routes.php(49): CodeIgniter\Router\RouteCollection->match([...], 'transfert', 'Client\\OperationController::transfert')
 3 SYSTEMPATH/Router/RouteCollection.php(799): CodeIgniter\Router\RouteCollection->{closure:/home/mihaja/Documents/GitHub/Final_S4/app/Config/Routes.php:45}(Object(CodeIgniter\Router\RouteCollection))
 4 APPPATH/Config/Routes.php(45): CodeIgniter\Router\RouteCollection->group('client', [...], Object(Closure))
 5 SYSTEMPATH/Router/RouteCollection.php(339): require('/home/mihaja/Documents/GitHub/Final_S4/app/Config/Routes.php')
 6 SYSTEMPATH/CodeIgniter.php(841): CodeIgniter\Router\RouteCollection->loadRoutes()
 7 SYSTEMPATH/CodeIgniter.php(464): CodeIgniter\CodeIgniter->tryToRouteIt(null)
 8 SYSTEMPATH/CodeIgniter.php(363): CodeIgniter\CodeIgniter->handleRequest(null, Object(Config\Cache), false)
 9 SYSTEMPATH/Boot.php(417): CodeIgniter\CodeIgniter->run()
10 SYSTEMPATH/Boot.php(68): CodeIgniter\Boot::runCodeIgniter(Object(CodeIgniter\CodeIgniter))
11 FCPATH/index.php(59): CodeIgniter\Boot::bootWeb(Object(Config\Paths))
12 SYSTEMPATH/rewrite.php(44): require_once('/home/mihaja/Documents/GitHub/Final_S4/public/index.php')
WARNING - 2026-07-21 04:46:16 --> [DEPRECATED] Passing lowercase HTTP method "post" is deprecated. Use uppercase HTTP method like "POST". in SYSTEMPATH/Router/RouteCollection.php on line 1026.
 1 SYSTEMPATH/Router/RouteCollection.php(1026): trigger_error('Passing lowercase HTTP method "post" is deprecated. Use uppercase HTTP method like "POST".', 16384)
 2 APPPATH/Config/Routes.php(49): CodeIgniter\Router\RouteCollection->match([...], 'transfert', 'Client\\OperationController::transfert')
 3 SYSTEMPATH/Router/RouteCollection.php(799): CodeIgniter\Router\RouteCollection->{closure:/home/mihaja/Documents/GitHub/Final_S4/app/Config/Routes.php:45}(Object(CodeIgniter\Router\RouteCollection))
 4 APPPATH/Config/Routes.php(45): CodeIgniter\Router\RouteCollection->group('client', [...], Object(Closure))
 5 SYSTEMPATH/Router/RouteCollection.php(339): require('/home/mihaja/Documents/GitHub/Final_S4/app/Config/Routes.php')
 6 SYSTEMPATH/CodeIgniter.php(841): CodeIgniter\Router\RouteCollection->loadRoutes()
 7 SYSTEMPATH/CodeIgniter.php(464): CodeIgniter\CodeIgniter->tryToRouteIt(null)
 8 SYSTEMPATH/CodeIgniter.php(363): CodeIgniter\CodeIgniter->handleRequest(null, Object(Config\Cache), false)
 9 SYSTEMPATH/Boot.php(417): CodeIgniter\CodeIgniter->run()
10 SYSTEMPATH/Boot.php(68): CodeIgniter\Boot::runCodeIgniter(Object(CodeIgniter\CodeIgniter))
11 FCPATH/index.php(59): CodeIgniter\Boot::bootWeb(Object(Config\Paths))
12 SYSTEMPATH/rewrite.php(44): require_once('/home/mihaja/Documents/GitHub/Final_S4/public/index.php')
DEBUG - 2026-07-21 04:46:16 --> Session: Class initialized using 'CodeIgniter\Session\Handlers\FileHandler' driver.
WARNING - 2026-07-21 04:46:16 --> [DEPRECATED] Passing lowercase HTTP method "get" is deprecated. Use uppercase HTTP method like "GET". in SYSTEMPATH/Router/RouteCollection.php on line 1026.
 1 SYSTEMPATH/Router/RouteCollection.php(1026): trigger_error('Passing lowercase HTTP method "get" is deprecated. Use uppercase HTTP method like "GET".', 16384)
 2 APPPATH/Config/Routes.php(47): CodeIgniter\Router\RouteCollection->match([...], 'depot', 'Client\\OperationController::depot')
 3 SYSTEMPATH/Router/RouteCollection.php(799): CodeIgniter\Router\RouteCollection->{closure:/home/mihaja/Documents/GitHub/Final_S4/app/Config/Routes.php:45}(Object(CodeIgniter\Router\RouteCollection))
 4 APPPATH/Config/Routes.php(45): CodeIgniter\Router\RouteCollection->group('client', [...], Object(Closure))
 5 SYSTEMPATH/Router/RouteCollection.php(339): require('/home/mihaja/Documents/GitHub/Final_S4/app/Config/Routes.php')
 6 SYSTEMPATH/CodeIgniter.php(841): CodeIgniter\Router\RouteCollection->loadRoutes()
 7 SYSTEMPATH/CodeIgniter.php(464): CodeIgniter\CodeIgniter->tryToRouteIt(null)
 8 SYSTEMPATH/CodeIgniter.php(363): CodeIgniter\CodeIgniter->handleRequest(null, Object(Config\Cache), false)
 9 SYSTEMPATH/Boot.php(417): CodeIgniter\CodeIgniter->run()
10 SYSTEMPATH/Boot.php(68): CodeIgniter\Boot::runCodeIgniter(Object(CodeIgniter\CodeIgniter))
11 FCPATH/index.php(59): CodeIgniter\Boot::bootWeb(Object(Config\Paths))
12 SYSTEMPATH/rewrite.php(44): require_once('/home/mihaja/Documents/GitHub/Final_S4/public/index.php')
WARNING - 2026-07-21 04:46:16 --> [DEPRECATED] Passing lowercase HTTP method "post" is deprecated. Use uppercase HTTP method like "POST". in SYSTEMPATH/Router/RouteCollection.php on line 1026.
 1 SYSTEMPATH/Router/RouteCollection.php(1026): trigger_error('Passing lowercase HTTP method "post" is deprecated. Use uppercase HTTP method like "POST".', 16384)
 2 APPPATH/Config/Routes.php(47): CodeIgniter\Router\RouteCollection->match([...], 'depot', 'Client\\OperationController::depot')
 3 SYSTEMPATH/Router/RouteCollection.php(799): CodeIgniter\Router\RouteCollection->{closure:/home/mihaja/Documents/GitHub/Final_S4/app/Config/Routes.php:45}(Object(CodeIgniter\Router\RouteCollection))
 4 APPPATH/Config/Routes.php(45): CodeIgniter\Router\RouteCollection->group('client', [...], Object(Closure))
 5 SYSTEMPATH/Router/RouteCollection.php(339): require('/home/mihaja/Documents/GitHub/Final_S4/app/Config/Routes.php')
 6 SYSTEMPATH/CodeIgniter.php(841): CodeIgniter\Router\RouteCollection->loadRoutes()
 7 SYSTEMPATH/CodeIgniter.php(464): CodeIgniter\CodeIgniter->tryToRouteIt(null)
 8 SYSTEMPATH/CodeIgniter.php(363): CodeIgniter\CodeIgniter->handleRequest(null, Object(Config\Cache), false)
 9 SYSTEMPATH/Boot.php(417): CodeIgniter\CodeIgniter->run()
10 SYSTEMPATH/Boot.php(68): CodeIgniter\Boot::runCodeIgniter(Object(CodeIgniter\CodeIgniter))
11 FCPATH/index.php(59): CodeIgniter\Boot::bootWeb(Object(Config\Paths))
12 SYSTEMPATH/rewrite.php(44): require_once('/home/mihaja/Documents/GitHub/Final_S4/public/index.php')
WARNING - 2026-07-21 04:46:16 --> [DEPRECATED] Passing lowercase HTTP method "get" is deprecated. Use uppercase HTTP method like "GET". in SYSTEMPATH/Router/RouteCollection.php on line 1026.
 1 SYSTEMPATH/Router/RouteCollection.php(1026): trigger_error('Passing lowercase HTTP method "get" is deprecated. Use uppercase HTTP method like "GET".', 16384)
 2 APPPATH/Config/Routes.php(48): CodeIgniter\Router\RouteCollection->match([...], 'retrait', 'Client\\OperationController::retrait')
 3 SYSTEMPATH/Router/RouteCollection.php(799): CodeIgniter\Router\RouteCollection->{closure:/home/mihaja/Documents/GitHub/Final_S4/app/Config/Routes.php:45}(Object(CodeIgniter\Router\RouteCollection))
 4 APPPATH/Config/Routes.php(45): CodeIgniter\Router\RouteCollection->group('client', [...], Object(Closure))
 5 SYSTEMPATH/Router/RouteCollection.php(339): require('/home/mihaja/Documents/GitHub/Final_S4/app/Config/Routes.php')
 6 SYSTEMPATH/CodeIgniter.php(841): CodeIgniter\Router\RouteCollection->loadRoutes()
 7 SYSTEMPATH/CodeIgniter.php(464): CodeIgniter\CodeIgniter->tryToRouteIt(null)
 8 SYSTEMPATH/CodeIgniter.php(363): CodeIgniter\CodeIgniter->handleRequest(null, Object(Config\Cache), false)
 9 SYSTEMPATH/Boot.php(417): CodeIgniter\CodeIgniter->run()
10 SYSTEMPATH/Boot.php(68): CodeIgniter\Boot::runCodeIgniter(Object(CodeIgniter\CodeIgniter))
11 FCPATH/index.php(59): CodeIgniter\Boot::bootWeb(Object(Config\Paths))
12 SYSTEMPATH/rewrite.php(44): require_once('/home/mihaja/Documents/GitHub/Final_S4/public/index.php')
WARNING - 2026-07-21 04:46:16 --> [DEPRECATED] Passing lowercase HTTP method "post" is deprecated. Use uppercase HTTP method like "POST". in SYSTEMPATH/Router/RouteCollection.php on line 1026.
 1 SYSTEMPATH/Router/RouteCollection.php(1026): trigger_error('Passing lowercase HTTP method "post" is deprecated. Use uppercase HTTP method like "POST".', 16384)
 2 APPPATH/Config/Routes.php(48): CodeIgniter\Router\RouteCollection->match([...], 'retrait', 'Client\\OperationController::retrait')
 3 SYSTEMPATH/Router/RouteCollection.php(799): CodeIgniter\Router\RouteCollection->{closure:/home/mihaja/Documents/GitHub/Final_S4/app/Config/Routes.php:45}(Object(CodeIgniter\Router\RouteCollection))
 4 APPPATH/Config/Routes.php(45): CodeIgniter\Router\RouteCollection->group('client', [...], Object(Closure))
 5 SYSTEMPATH/Router/RouteCollection.php(339): require('/home/mihaja/Documents/GitHub/Final_S4/app/Config/Routes.php')
 6 SYSTEMPATH/CodeIgniter.php(841): CodeIgniter\Router\RouteCollection->loadRoutes()
 7 SYSTEMPATH/CodeIgniter.php(464): CodeIgniter\CodeIgniter->tryToRouteIt(null)
 8 SYSTEMPATH/CodeIgniter.php(363): CodeIgniter\CodeIgniter->handleRequest(null, Object(Config\Cache), false)
 9 SYSTEMPATH/Boot.php(417): CodeIgniter\CodeIgniter->run()
10 SYSTEMPATH/Boot.php(68): CodeIgniter\Boot::runCodeIgniter(Object(CodeIgniter\CodeIgniter))
11 FCPATH/index.php(59): CodeIgniter\Boot::bootWeb(Object(Config\Paths))
12 SYSTEMPATH/rewrite.php(44): require_once('/home/mihaja/Documents/GitHub/Final_S4/public/index.php')
WARNING - 2026-07-21 04:46:16 --> [DEPRECATED] Passing lowercase HTTP method "get" is deprecated. Use uppercase HTTP method like "GET". in SYSTEMPATH/Router/RouteCollection.php on line 1026.
 1 SYSTEMPATH/Router/RouteCollection.php(1026): trigger_error('Passing lowercase HTTP method "get" is deprecated. Use uppercase HTTP method like "GET".', 16384)
 2 APPPATH/Config/Routes.php(49): CodeIgniter\Router\RouteCollection->match([...], 'transfert', 'Client\\OperationController::transfert')
 3 SYSTEMPATH/Router/RouteCollection.php(799): CodeIgniter\Router\RouteCollection->{closure:/home/mihaja/Documents/GitHub/Final_S4/app/Config/Routes.php:45}(Object(CodeIgniter\Router\RouteCollection))
 4 APPPATH/Config/Routes.php(45): CodeIgniter\Router\RouteCollection->group('client', [...], Object(Closure))
 5 SYSTEMPATH/Router/RouteCollection.php(339): require('/home/mihaja/Documents/GitHub/Final_S4/app/Config/Routes.php')
 6 SYSTEMPATH/CodeIgniter.php(841): CodeIgniter\Router\RouteCollection->loadRoutes()
 7 SYSTEMPATH/CodeIgniter.php(464): CodeIgniter\CodeIgniter->tryToRouteIt(null)
 8 SYSTEMPATH/CodeIgniter.php(363): CodeIgniter\CodeIgniter->handleRequest(null, Object(Config\Cache), false)
 9 SYSTEMPATH/Boot.php(417): CodeIgniter\CodeIgniter->run()
10 SYSTEMPATH/Boot.php(68): CodeIgniter\Boot::runCodeIgniter(Object(CodeIgniter\CodeIgniter))
11 FCPATH/index.php(59): CodeIgniter\Boot::bootWeb(Object(Config\Paths))
12 SYSTEMPATH/rewrite.php(44): require_once('/home/mihaja/Documents/GitHub/Final_S4/public/index.php')
WARNING - 2026-07-21 04:46:16 --> [DEPRECATED] Passing lowercase HTTP method "post" is deprecated. Use uppercase HTTP method like "POST". in SYSTEMPATH/Router/RouteCollection.php on line 1026.
 1 SYSTEMPATH/Router/RouteCollection.php(1026): trigger_error('Passing lowercase HTTP method "post" is deprecated. Use uppercase HTTP method like "POST".', 16384)
 2 APPPATH/Config/Routes.php(49): CodeIgniter\Router\RouteCollection->match([...], 'transfert', 'Client\\OperationController::transfert')
 3 SYSTEMPATH/Router/RouteCollection.php(799): CodeIgniter\Router\RouteCollection->{closure:/home/mihaja/Documents/GitHub/Final_S4/app/Config/Routes.php:45}(Object(CodeIgniter\Router\RouteCollection))
 4 APPPATH/Config/Routes.php(45): CodeIgniter\Router\RouteCollection->group('client', [...], Object(Closure))
 5 SYSTEMPATH/Router/RouteCollection.php(339): require('/home/mihaja/Documents/GitHub/Final_S4/app/Config/Routes.php')
 6 SYSTEMPATH/CodeIgniter.php(841): CodeIgniter\Router\RouteCollection->loadRoutes()
 7 SYSTEMPATH/CodeIgniter.php(464): CodeIgniter\CodeIgniter->tryToRouteIt(null)
 8 SYSTEMPATH/CodeIgniter.php(363): CodeIgniter\CodeIgniter->handleRequest(null, Object(Config\Cache), false)
 9 SYSTEMPATH/Boot.php(417): CodeIgniter\CodeIgniter->run()
10 SYSTEMPATH/Boot.php(68): CodeIgniter\Boot::runCodeIgniter(Object(CodeIgniter\CodeIgniter))
11 FCPATH/index.php(59): CodeIgniter\Boot::bootWeb(Object(Config\Paths))
12 SYSTEMPATH/rewrite.php(44): require_once('/home/mihaja/Documents/GitHub/Final_S4/public/index.php')
DEBUG - 2026-07-21 04:46:16 --> Session: Class initialized using 'CodeIgniter\Session\Handlers\FileHandler' driver.
WARNING - 2026-07-21 04:46:22 --> [DEPRECATED] Passing lowercase HTTP method "get" is deprecated. Use uppercase HTTP method like "GET". in SYSTEMPATH/Router/RouteCollection.php on line 1026.
 1 SYSTEMPATH/Router/RouteCollection.php(1026): trigger_error('Passing lowercase HTTP method "get" is deprecated. Use uppercase HTTP method like "GET".', 16384)
 2 APPPATH/Config/Routes.php(47): CodeIgniter\Router\RouteCollection->match([...], 'depot', 'Client\\OperationController::depot')
 3 SYSTEMPATH/Router/RouteCollection.php(799): CodeIgniter\Router\RouteCollection->{closure:/home/mihaja/Documents/GitHub/Final_S4/app/Config/Routes.php:45}(Object(CodeIgniter\Router\RouteCollection))
 4 APPPATH/Config/Routes.php(45): CodeIgniter\Router\RouteCollection->group('client', [...], Object(Closure))
 5 SYSTEMPATH/Router/RouteCollection.php(339): require('/home/mihaja/Documents/GitHub/Final_S4/app/Config/Routes.php')
 6 SYSTEMPATH/CodeIgniter.php(841): CodeIgniter\Router\RouteCollection->loadRoutes()
 7 SYSTEMPATH/CodeIgniter.php(464): CodeIgniter\CodeIgniter->tryToRouteIt(null)
 8 SYSTEMPATH/CodeIgniter.php(363): CodeIgniter\CodeIgniter->handleRequest(null, Object(Config\Cache), false)
 9 SYSTEMPATH/Boot.php(417): CodeIgniter\CodeIgniter->run()
10 SYSTEMPATH/Boot.php(68): CodeIgniter\Boot::runCodeIgniter(Object(CodeIgniter\CodeIgniter))
11 FCPATH/index.php(59): CodeIgniter\Boot::bootWeb(Object(Config\Paths))
12 SYSTEMPATH/rewrite.php(44): require_once('/home/mihaja/Documents/GitHub/Final_S4/public/index.php')
WARNING - 2026-07-21 04:46:22 --> [DEPRECATED] Passing lowercase HTTP method "post" is deprecated. Use uppercase HTTP method like "POST". in SYSTEMPATH/Router/RouteCollection.php on line 1026.
 1 SYSTEMPATH/Router/RouteCollection.php(1026): trigger_error('Passing lowercase HTTP method "post" is deprecated. Use uppercase HTTP method like "POST".', 16384)
 2 APPPATH/Config/Routes.php(47): CodeIgniter\Router\RouteCollection->match([...], 'depot', 'Client\\OperationController::depot')
 3 SYSTEMPATH/Router/RouteCollection.php(799): CodeIgniter\Router\RouteCollection->{closure:/home/mihaja/Documents/GitHub/Final_S4/app/Config/Routes.php:45}(Object(CodeIgniter\Router\RouteCollection))
 4 APPPATH/Config/Routes.php(45): CodeIgniter\Router\RouteCollection->group('client', [...], Object(Closure))
 5 SYSTEMPATH/Router/RouteCollection.php(339): require('/home/mihaja/Documents/GitHub/Final_S4/app/Config/Routes.php')
 6 SYSTEMPATH/CodeIgniter.php(841): CodeIgniter\Router\RouteCollection->loadRoutes()
 7 SYSTEMPATH/CodeIgniter.php(464): CodeIgniter\CodeIgniter->tryToRouteIt(null)
 8 SYSTEMPATH/CodeIgniter.php(363): CodeIgniter\CodeIgniter->handleRequest(null, Object(Config\Cache), false)
 9 SYSTEMPATH/Boot.php(417): CodeIgniter\CodeIgniter->run()
10 SYSTEMPATH/Boot.php(68): CodeIgniter\Boot::runCodeIgniter(Object(CodeIgniter\CodeIgniter))
11 FCPATH/index.php(59): CodeIgniter\Boot::bootWeb(Object(Config\Paths))
12 SYSTEMPATH/rewrite.php(44): require_once('/home/mihaja/Documents/GitHub/Final_S4/public/index.php')
WARNING - 2026-07-21 04:46:22 --> [DEPRECATED] Passing lowercase HTTP method "get" is deprecated. Use uppercase HTTP method like "GET". in SYSTEMPATH/Router/RouteCollection.php on line 1026.
 1 SYSTEMPATH/Router/RouteCollection.php(1026): trigger_error('Passing lowercase HTTP method "get" is deprecated. Use uppercase HTTP method like "GET".', 16384)
 2 APPPATH/Config/Routes.php(48): CodeIgniter\Router\RouteCollection->match([...], 'retrait', 'Client\\OperationController::retrait')
 3 SYSTEMPATH/Router/RouteCollection.php(799): CodeIgniter\Router\RouteCollection->{closure:/home/mihaja/Documents/GitHub/Final_S4/app/Config/Routes.php:45}(Object(CodeIgniter\Router\RouteCollection))
 4 APPPATH/Config/Routes.php(45): CodeIgniter\Router\RouteCollection->group('client', [...], Object(Closure))
 5 SYSTEMPATH/Router/RouteCollection.php(339): require('/home/mihaja/Documents/GitHub/Final_S4/app/Config/Routes.php')
 6 SYSTEMPATH/CodeIgniter.php(841): CodeIgniter\Router\RouteCollection->loadRoutes()
 7 SYSTEMPATH/CodeIgniter.php(464): CodeIgniter\CodeIgniter->tryToRouteIt(null)
 8 SYSTEMPATH/CodeIgniter.php(363): CodeIgniter\CodeIgniter->handleRequest(null, Object(Config\Cache), false)
 9 SYSTEMPATH/Boot.php(417): CodeIgniter\CodeIgniter->run()
10 SYSTEMPATH/Boot.php(68): CodeIgniter\Boot::runCodeIgniter(Object(CodeIgniter\CodeIgniter))
11 FCPATH/index.php(59): CodeIgniter\Boot::bootWeb(Object(Config\Paths))
12 SYSTEMPATH/rewrite.php(44): require_once('/home/mihaja/Documents/GitHub/Final_S4/public/index.php')
WARNING - 2026-07-21 04:46:22 --> [DEPRECATED] Passing lowercase HTTP method "post" is deprecated. Use uppercase HTTP method like "POST". in SYSTEMPATH/Router/RouteCollection.php on line 1026.
 1 SYSTEMPATH/Router/RouteCollection.php(1026): trigger_error('Passing lowercase HTTP method "post" is deprecated. Use uppercase HTTP method like "POST".', 16384)
 2 APPPATH/Config/Routes.php(48): CodeIgniter\Router\RouteCollection->match([...], 'retrait', 'Client\\OperationController::retrait')
 3 SYSTEMPATH/Router/RouteCollection.php(799): CodeIgniter\Router\RouteCollection->{closure:/home/mihaja/Documents/GitHub/Final_S4/app/Config/Routes.php:45}(Object(CodeIgniter\Router\RouteCollection))
 4 APPPATH/Config/Routes.php(45): CodeIgniter\Router\RouteCollection->group('client', [...], Object(Closure))
 5 SYSTEMPATH/Router/RouteCollection.php(339): require('/home/mihaja/Documents/GitHub/Final_S4/app/Config/Routes.php')
 6 SYSTEMPATH/CodeIgniter.php(841): CodeIgniter\Router\RouteCollection->loadRoutes()
 7 SYSTEMPATH/CodeIgniter.php(464): CodeIgniter\CodeIgniter->tryToRouteIt(null)
 8 SYSTEMPATH/CodeIgniter.php(363): CodeIgniter\CodeIgniter->handleRequest(null, Object(Config\Cache), false)
 9 SYSTEMPATH/Boot.php(417): CodeIgniter\CodeIgniter->run()
10 SYSTEMPATH/Boot.php(68): CodeIgniter\Boot::runCodeIgniter(Object(CodeIgniter\CodeIgniter))
11 FCPATH/index.php(59): CodeIgniter\Boot::bootWeb(Object(Config\Paths))
12 SYSTEMPATH/rewrite.php(44): require_once('/home/mihaja/Documents/GitHub/Final_S4/public/index.php')
WARNING - 2026-07-21 04:46:22 --> [DEPRECATED] Passing lowercase HTTP method "get" is deprecated. Use uppercase HTTP method like "GET". in SYSTEMPATH/Router/RouteCollection.php on line 1026.
 1 SYSTEMPATH/Router/RouteCollection.php(1026): trigger_error('Passing lowercase HTTP method "get" is deprecated. Use uppercase HTTP method like "GET".', 16384)
 2 APPPATH/Config/Routes.php(49): CodeIgniter\Router\RouteCollection->match([...], 'transfert', 'Client\\OperationController::transfert')
 3 SYSTEMPATH/Router/RouteCollection.php(799): CodeIgniter\Router\RouteCollection->{closure:/home/mihaja/Documents/GitHub/Final_S4/app/Config/Routes.php:45}(Object(CodeIgniter\Router\RouteCollection))
 4 APPPATH/Config/Routes.php(45): CodeIgniter\Router\RouteCollection->group('client', [...], Object(Closure))
 5 SYSTEMPATH/Router/RouteCollection.php(339): require('/home/mihaja/Documents/GitHub/Final_S4/app/Config/Routes.php')
 6 SYSTEMPATH/CodeIgniter.php(841): CodeIgniter\Router\RouteCollection->loadRoutes()
 7 SYSTEMPATH/CodeIgniter.php(464): CodeIgniter\CodeIgniter->tryToRouteIt(null)
 8 SYSTEMPATH/CodeIgniter.php(363): CodeIgniter\CodeIgniter->handleRequest(null, Object(Config\Cache), false)
 9 SYSTEMPATH/Boot.php(417): CodeIgniter\CodeIgniter->run()
10 SYSTEMPATH/Boot.php(68): CodeIgniter\Boot::runCodeIgniter(Object(CodeIgniter\CodeIgniter))
11 FCPATH/index.php(59): CodeIgniter\Boot::bootWeb(Object(Config\Paths))
12 SYSTEMPATH/rewrite.php(44): require_once('/home/mihaja/Documents/GitHub/Final_S4/public/index.php')
WARNING - 2026-07-21 04:46:22 --> [DEPRECATED] Passing lowercase HTTP method "post" is deprecated. Use uppercase HTTP method like "POST". in SYSTEMPATH/Router/RouteCollection.php on line 1026.
 1 SYSTEMPATH/Router/RouteCollection.php(1026): trigger_error('Passing lowercase HTTP method "post" is deprecated. Use uppercase HTTP method like "POST".', 16384)
 2 APPPATH/Config/Routes.php(49): CodeIgniter\Router\RouteCollection->match([...], 'transfert', 'Client\\OperationController::transfert')
 3 SYSTEMPATH/Router/RouteCollection.php(799): CodeIgniter\Router\RouteCollection->{closure:/home/mihaja/Documents/GitHub/Final_S4/app/Config/Routes.php:45}(Object(CodeIgniter\Router\RouteCollection))
 4 APPPATH/Config/Routes.php(45): CodeIgniter\Router\RouteCollection->group('client', [...], Object(Closure))
 5 SYSTEMPATH/Router/RouteCollection.php(339): require('/home/mihaja/Documents/GitHub/Final_S4/app/Config/Routes.php')
 6 SYSTEMPATH/CodeIgniter.php(841): CodeIgniter\Router\RouteCollection->loadRoutes()
 7 SYSTEMPATH/CodeIgniter.php(464): CodeIgniter\CodeIgniter->tryToRouteIt(null)
 8 SYSTEMPATH/CodeIgniter.php(363): CodeIgniter\CodeIgniter->handleRequest(null, Object(Config\Cache), false)
 9 SYSTEMPATH/Boot.php(417): CodeIgniter\CodeIgniter->run()
10 SYSTEMPATH/Boot.php(68): CodeIgniter\Boot::runCodeIgniter(Object(CodeIgniter\CodeIgniter))
11 FCPATH/index.php(59): CodeIgniter\Boot::bootWeb(Object(Config\Paths))
12 SYSTEMPATH/rewrite.php(44): require_once('/home/mihaja/Documents/GitHub/Final_S4/public/index.php')
DEBUG - 2026-07-21 04:46:22 --> Session: Class initialized using 'CodeIgniter\Session\Handlers\FileHandler' driver.
WARNING - 2026-07-21 04:46:24 --> [DEPRECATED] Passing lowercase HTTP method "get" is deprecated. Use uppercase HTTP method like "GET". in SYSTEMPATH/Router/RouteCollection.php on line 1026.
 1 SYSTEMPATH/Router/RouteCollection.php(1026): trigger_error('Passing lowercase HTTP method "get" is deprecated. Use uppercase HTTP method like "GET".', 16384)
 2 APPPATH/Config/Routes.php(47): CodeIgniter\Router\RouteCollection->match([...], 'depot', 'Client\\OperationController::depot')
 3 SYSTEMPATH/Router/RouteCollection.php(799): CodeIgniter\Router\RouteCollection->{closure:/home/mihaja/Documents/GitHub/Final_S4/app/Config/Routes.php:45}(Object(CodeIgniter\Router\RouteCollection))
 4 APPPATH/Config/Routes.php(45): CodeIgniter\Router\RouteCollection->group('client', [...], Object(Closure))
 5 SYSTEMPATH/Router/RouteCollection.php(339): require('/home/mihaja/Documents/GitHub/Final_S4/app/Config/Routes.php')
 6 SYSTEMPATH/CodeIgniter.php(841): CodeIgniter\Router\RouteCollection->loadRoutes()
 7 SYSTEMPATH/CodeIgniter.php(464): CodeIgniter\CodeIgniter->tryToRouteIt(null)
 8 SYSTEMPATH/CodeIgniter.php(363): CodeIgniter\CodeIgniter->handleRequest(null, Object(Config\Cache), false)
 9 SYSTEMPATH/Boot.php(417): CodeIgniter\CodeIgniter->run()
10 SYSTEMPATH/Boot.php(68): CodeIgniter\Boot::runCodeIgniter(Object(CodeIgniter\CodeIgniter))
11 FCPATH/index.php(59): CodeIgniter\Boot::bootWeb(Object(Config\Paths))
12 SYSTEMPATH/rewrite.php(44): require_once('/home/mihaja/Documents/GitHub/Final_S4/public/index.php')
WARNING - 2026-07-21 04:46:24 --> [DEPRECATED] Passing lowercase HTTP method "post" is deprecated. Use uppercase HTTP method like "POST". in SYSTEMPATH/Router/RouteCollection.php on line 1026.
 1 SYSTEMPATH/Router/RouteCollection.php(1026): trigger_error('Passing lowercase HTTP method "post" is deprecated. Use uppercase HTTP method like "POST".', 16384)
 2 APPPATH/Config/Routes.php(47): CodeIgniter\Router\RouteCollection->match([...], 'depot', 'Client\\OperationController::depot')
 3 SYSTEMPATH/Router/RouteCollection.php(799): CodeIgniter\Router\RouteCollection->{closure:/home/mihaja/Documents/GitHub/Final_S4/app/Config/Routes.php:45}(Object(CodeIgniter\Router\RouteCollection))
 4 APPPATH/Config/Routes.php(45): CodeIgniter\Router\RouteCollection->group('client', [...], Object(Closure))
 5 SYSTEMPATH/Router/RouteCollection.php(339): require('/home/mihaja/Documents/GitHub/Final_S4/app/Config/Routes.php')
 6 SYSTEMPATH/CodeIgniter.php(841): CodeIgniter\Router\RouteCollection->loadRoutes()
 7 SYSTEMPATH/CodeIgniter.php(464): CodeIgniter\CodeIgniter->tryToRouteIt(null)
 8 SYSTEMPATH/CodeIgniter.php(363): CodeIgniter\CodeIgniter->handleRequest(null, Object(Config\Cache), false)
 9 SYSTEMPATH/Boot.php(417): CodeIgniter\CodeIgniter->run()
10 SYSTEMPATH/Boot.php(68): CodeIgniter\Boot::runCodeIgniter(Object(CodeIgniter\CodeIgniter))
11 FCPATH/index.php(59): CodeIgniter\Boot::bootWeb(Object(Config\Paths))
12 SYSTEMPATH/rewrite.php(44): require_once('/home/mihaja/Documents/GitHub/Final_S4/public/index.php')
WARNING - 2026-07-21 04:46:24 --> [DEPRECATED] Passing lowercase HTTP method "get" is deprecated. Use uppercase HTTP method like "GET". in SYSTEMPATH/Router/RouteCollection.php on line 1026.
 1 SYSTEMPATH/Router/RouteCollection.php(1026): trigger_error('Passing lowercase HTTP method "get" is deprecated. Use uppercase HTTP method like "GET".', 16384)
 2 APPPATH/Config/Routes.php(48): CodeIgniter\Router\RouteCollection->match([...], 'retrait', 'Client\\OperationController::retrait')
 3 SYSTEMPATH/Router/RouteCollection.php(799): CodeIgniter\Router\RouteCollection->{closure:/home/mihaja/Documents/GitHub/Final_S4/app/Config/Routes.php:45}(Object(CodeIgniter\Router\RouteCollection))
 4 APPPATH/Config/Routes.php(45): CodeIgniter\Router\RouteCollection->group('client', [...], Object(Closure))
 5 SYSTEMPATH/Router/RouteCollection.php(339): require('/home/mihaja/Documents/GitHub/Final_S4/app/Config/Routes.php')
 6 SYSTEMPATH/CodeIgniter.php(841): CodeIgniter\Router\RouteCollection->loadRoutes()
 7 SYSTEMPATH/CodeIgniter.php(464): CodeIgniter\CodeIgniter->tryToRouteIt(null)
 8 SYSTEMPATH/CodeIgniter.php(363): CodeIgniter\CodeIgniter->handleRequest(null, Object(Config\Cache), false)
 9 SYSTEMPATH/Boot.php(417): CodeIgniter\CodeIgniter->run()
10 SYSTEMPATH/Boot.php(68): CodeIgniter\Boot::runCodeIgniter(Object(CodeIgniter\CodeIgniter))
11 FCPATH/index.php(59): CodeIgniter\Boot::bootWeb(Object(Config\Paths))
12 SYSTEMPATH/rewrite.php(44): require_once('/home/mihaja/Documents/GitHub/Final_S4/public/index.php')
WARNING - 2026-07-21 04:46:24 --> [DEPRECATED] Passing lowercase HTTP method "post" is deprecated. Use uppercase HTTP method like "POST". in SYSTEMPATH/Router/RouteCollection.php on line 1026.
 1 SYSTEMPATH/Router/RouteCollection.php(1026): trigger_error('Passing lowercase HTTP method "post" is deprecated. Use uppercase HTTP method like "POST".', 16384)
 2 APPPATH/Config/Routes.php(48): CodeIgniter\Router\RouteCollection->match([...], 'retrait', 'Client\\OperationController::retrait')
 3 SYSTEMPATH/Router/RouteCollection.php(799): CodeIgniter\Router\RouteCollection->{closure:/home/mihaja/Documents/GitHub/Final_S4/app/Config/Routes.php:45}(Object(CodeIgniter\Router\RouteCollection))
 4 APPPATH/Config/Routes.php(45): CodeIgniter\Router\RouteCollection->group('client', [...], Object(Closure))
 5 SYSTEMPATH/Router/RouteCollection.php(339): require('/home/mihaja/Documents/GitHub/Final_S4/app/Config/Routes.php')
 6 SYSTEMPATH/CodeIgniter.php(841): CodeIgniter\Router\RouteCollection->loadRoutes()
 7 SYSTEMPATH/CodeIgniter.php(464): CodeIgniter\CodeIgniter->tryToRouteIt(null)
 8 SYSTEMPATH/CodeIgniter.php(363): CodeIgniter\CodeIgniter->handleRequest(null, Object(Config\Cache), false)
 9 SYSTEMPATH/Boot.php(417): CodeIgniter\CodeIgniter->run()
10 SYSTEMPATH/Boot.php(68): CodeIgniter\Boot::runCodeIgniter(Object(CodeIgniter\CodeIgniter))
11 FCPATH/index.php(59): CodeIgniter\Boot::bootWeb(Object(Config\Paths))
12 SYSTEMPATH/rewrite.php(44): require_once('/home/mihaja/Documents/GitHub/Final_S4/public/index.php')
WARNING - 2026-07-21 04:46:24 --> [DEPRECATED] Passing lowercase HTTP method "get" is deprecated. Use uppercase HTTP method like "GET". in SYSTEMPATH/Router/RouteCollection.php on line 1026.
 1 SYSTEMPATH/Router/RouteCollection.php(1026): trigger_error('Passing lowercase HTTP method "get" is deprecated. Use uppercase HTTP method like "GET".', 16384)
 2 APPPATH/Config/Routes.php(49): CodeIgniter\Router\RouteCollection->match([...], 'transfert', 'Client\\OperationController::transfert')
 3 SYSTEMPATH/Router/RouteCollection.php(799): CodeIgniter\Router\RouteCollection->{closure:/home/mihaja/Documents/GitHub/Final_S4/app/Config/Routes.php:45}(Object(CodeIgniter\Router\RouteCollection))
 4 APPPATH/Config/Routes.php(45): CodeIgniter\Router\RouteCollection->group('client', [...], Object(Closure))
 5 SYSTEMPATH/Router/RouteCollection.php(339): require('/home/mihaja/Documents/GitHub/Final_S4/app/Config/Routes.php')
 6 SYSTEMPATH/CodeIgniter.php(841): CodeIgniter\Router\RouteCollection->loadRoutes()
 7 SYSTEMPATH/CodeIgniter.php(464): CodeIgniter\CodeIgniter->tryToRouteIt(null)
 8 SYSTEMPATH/CodeIgniter.php(363): CodeIgniter\CodeIgniter->handleRequest(null, Object(Config\Cache), false)
 9 SYSTEMPATH/Boot.php(417): CodeIgniter\CodeIgniter->run()
10 SYSTEMPATH/Boot.php(68): CodeIgniter\Boot::runCodeIgniter(Object(CodeIgniter\CodeIgniter))
11 FCPATH/index.php(59): CodeIgniter\Boot::bootWeb(Object(Config\Paths))
12 SYSTEMPATH/rewrite.php(44): require_once('/home/mihaja/Documents/GitHub/Final_S4/public/index.php')
WARNING - 2026-07-21 04:46:24 --> [DEPRECATED] Passing lowercase HTTP method "post" is deprecated. Use uppercase HTTP method like "POST". in SYSTEMPATH/Router/RouteCollection.php on line 1026.
 1 SYSTEMPATH/Router/RouteCollection.php(1026): trigger_error('Passing lowercase HTTP method "post" is deprecated. Use uppercase HTTP method like "POST".', 16384)
 2 APPPATH/Config/Routes.php(49): CodeIgniter\Router\RouteCollection->match([...], 'transfert', 'Client\\OperationController::transfert')
 3 SYSTEMPATH/Router/RouteCollection.php(799): CodeIgniter\Router\RouteCollection->{closure:/home/mihaja/Documents/GitHub/Final_S4/app/Config/Routes.php:45}(Object(CodeIgniter\Router\RouteCollection))
 4 APPPATH/Config/Routes.php(45): CodeIgniter\Router\RouteCollection->group('client', [...], Object(Closure))
 5 SYSTEMPATH/Router/RouteCollection.php(339): require('/home/mihaja/Documents/GitHub/Final_S4/app/Config/Routes.php')
 6 SYSTEMPATH/CodeIgniter.php(841): CodeIgniter\Router\RouteCollection->loadRoutes()
 7 SYSTEMPATH/CodeIgniter.php(464): CodeIgniter\CodeIgniter->tryToRouteIt(null)
 8 SYSTEMPATH/CodeIgniter.php(363): CodeIgniter\CodeIgniter->handleRequest(null, Object(Config\Cache), false)
 9 SYSTEMPATH/Boot.php(417): CodeIgniter\CodeIgniter->run()
10 SYSTEMPATH/Boot.php(68): CodeIgniter\Boot::runCodeIgniter(Object(CodeIgniter\CodeIgniter))
11 FCPATH/index.php(59): CodeIgniter\Boot::bootWeb(Object(Config\Paths))
12 SYSTEMPATH/rewrite.php(44): require_once('/home/mihaja/Documents/GitHub/Final_S4/public/index.php')
DEBUG - 2026-07-21 04:46:24 --> Session: Class initialized using 'CodeIgniter\Session\Handlers\FileHandler' driver.
WARNING - 2026-07-21 04:46:24 --> [DEPRECATED] Passing lowercase HTTP method "get" is deprecated. Use uppercase HTTP method like "GET". in SYSTEMPATH/Router/RouteCollection.php on line 1026.
 1 SYSTEMPATH/Router/RouteCollection.php(1026): trigger_error('Passing lowercase HTTP method "get" is deprecated. Use uppercase HTTP method like "GET".', 16384)
 2 APPPATH/Config/Routes.php(47): CodeIgniter\Router\RouteCollection->match([...], 'depot', 'Client\\OperationController::depot')
 3 SYSTEMPATH/Router/RouteCollection.php(799): CodeIgniter\Router\RouteCollection->{closure:/home/mihaja/Documents/GitHub/Final_S4/app/Config/Routes.php:45}(Object(CodeIgniter\Router\RouteCollection))
 4 APPPATH/Config/Routes.php(45): CodeIgniter\Router\RouteCollection->group('client', [...], Object(Closure))
 5 SYSTEMPATH/Router/RouteCollection.php(339): require('/home/mihaja/Documents/GitHub/Final_S4/app/Config/Routes.php')
 6 SYSTEMPATH/CodeIgniter.php(841): CodeIgniter\Router\RouteCollection->loadRoutes()
 7 SYSTEMPATH/CodeIgniter.php(464): CodeIgniter\CodeIgniter->tryToRouteIt(null)
 8 SYSTEMPATH/CodeIgniter.php(363): CodeIgniter\CodeIgniter->handleRequest(null, Object(Config\Cache), false)
 9 SYSTEMPATH/Boot.php(417): CodeIgniter\CodeIgniter->run()
10 SYSTEMPATH/Boot.php(68): CodeIgniter\Boot::runCodeIgniter(Object(CodeIgniter\CodeIgniter))
11 FCPATH/index.php(59): CodeIgniter\Boot::bootWeb(Object(Config\Paths))
12 SYSTEMPATH/rewrite.php(44): require_once('/home/mihaja/Documents/GitHub/Final_S4/public/index.php')
WARNING - 2026-07-21 04:46:24 --> [DEPRECATED] Passing lowercase HTTP method "post" is deprecated. Use uppercase HTTP method like "POST". in SYSTEMPATH/Router/RouteCollection.php on line 1026.
 1 SYSTEMPATH/Router/RouteCollection.php(1026): trigger_error('Passing lowercase HTTP method "post" is deprecated. Use uppercase HTTP method like "POST".', 16384)
 2 APPPATH/Config/Routes.php(47): CodeIgniter\Router\RouteCollection->match([...], 'depot', 'Client\\OperationController::depot')
 3 SYSTEMPATH/Router/RouteCollection.php(799): CodeIgniter\Router\RouteCollection->{closure:/home/mihaja/Documents/GitHub/Final_S4/app/Config/Routes.php:45}(Object(CodeIgniter\Router\RouteCollection))
 4 APPPATH/Config/Routes.php(45): CodeIgniter\Router\RouteCollection->group('client', [...], Object(Closure))
 5 SYSTEMPATH/Router/RouteCollection.php(339): require('/home/mihaja/Documents/GitHub/Final_S4/app/Config/Routes.php')
 6 SYSTEMPATH/CodeIgniter.php(841): CodeIgniter\Router\RouteCollection->loadRoutes()
 7 SYSTEMPATH/CodeIgniter.php(464): CodeIgniter\CodeIgniter->tryToRouteIt(null)
 8 SYSTEMPATH/CodeIgniter.php(363): CodeIgniter\CodeIgniter->handleRequest(null, Object(Config\Cache), false)
 9 SYSTEMPATH/Boot.php(417): CodeIgniter\CodeIgniter->run()
10 SYSTEMPATH/Boot.php(68): CodeIgniter\Boot::runCodeIgniter(Object(CodeIgniter\CodeIgniter))
11 FCPATH/index.php(59): CodeIgniter\Boot::bootWeb(Object(Config\Paths))
12 SYSTEMPATH/rewrite.php(44): require_once('/home/mihaja/Documents/GitHub/Final_S4/public/index.php')
WARNING - 2026-07-21 04:46:24 --> [DEPRECATED] Passing lowercase HTTP method "get" is deprecated. Use uppercase HTTP method like "GET". in SYSTEMPATH/Router/RouteCollection.php on line 1026.
 1 SYSTEMPATH/Router/RouteCollection.php(1026): trigger_error('Passing lowercase HTTP method "get" is deprecated. Use uppercase HTTP method like "GET".', 16384)
 2 APPPATH/Config/Routes.php(48): CodeIgniter\Router\RouteCollection->match([...], 'retrait', 'Client\\OperationController::retrait')
 3 SYSTEMPATH/Router/RouteCollection.php(799): CodeIgniter\Router\RouteCollection->{closure:/home/mihaja/Documents/GitHub/Final_S4/app/Config/Routes.php:45}(Object(CodeIgniter\Router\RouteCollection))
 4 APPPATH/Config/Routes.php(45): CodeIgniter\Router\RouteCollection->group('client', [...], Object(Closure))
 5 SYSTEMPATH/Router/RouteCollection.php(339): require('/home/mihaja/Documents/GitHub/Final_S4/app/Config/Routes.php')
 6 SYSTEMPATH/CodeIgniter.php(841): CodeIgniter\Router\RouteCollection->loadRoutes()
 7 SYSTEMPATH/CodeIgniter.php(464): CodeIgniter\CodeIgniter->tryToRouteIt(null)
 8 SYSTEMPATH/CodeIgniter.php(363): CodeIgniter\CodeIgniter->handleRequest(null, Object(Config\Cache), false)
 9 SYSTEMPATH/Boot.php(417): CodeIgniter\CodeIgniter->run()
10 SYSTEMPATH/Boot.php(68): CodeIgniter\Boot::runCodeIgniter(Object(CodeIgniter\CodeIgniter))
11 FCPATH/index.php(59): CodeIgniter\Boot::bootWeb(Object(Config\Paths))
12 SYSTEMPATH/rewrite.php(44): require_once('/home/mihaja/Documents/GitHub/Final_S4/public/index.php')
WARNING - 2026-07-21 04:46:24 --> [DEPRECATED] Passing lowercase HTTP method "post" is deprecated. Use uppercase HTTP method like "POST". in SYSTEMPATH/Router/RouteCollection.php on line 1026.
 1 SYSTEMPATH/Router/RouteCollection.php(1026): trigger_error('Passing lowercase HTTP method "post" is deprecated. Use uppercase HTTP method like "POST".', 16384)
 2 APPPATH/Config/Routes.php(48): CodeIgniter\Router\RouteCollection->match([...], 'retrait', 'Client\\OperationController::retrait')
 3 SYSTEMPATH/Router/RouteCollection.php(799): CodeIgniter\Router\RouteCollection->{closure:/home/mihaja/Documents/GitHub/Final_S4/app/Config/Routes.php:45}(Object(CodeIgniter\Router\RouteCollection))
 4 APPPATH/Config/Routes.php(45): CodeIgniter\Router\RouteCollection->group('client', [...], Object(Closure))
 5 SYSTEMPATH/Router/RouteCollection.php(339): require('/home/mihaja/Documents/GitHub/Final_S4/app/Config/Routes.php')
 6 SYSTEMPATH/CodeIgniter.php(841): CodeIgniter\Router\RouteCollection->loadRoutes()
 7 SYSTEMPATH/CodeIgniter.php(464): CodeIgniter\CodeIgniter->tryToRouteIt(null)
 8 SYSTEMPATH/CodeIgniter.php(363): CodeIgniter\CodeIgniter->handleRequest(null, Object(Config\Cache), false)
 9 SYSTEMPATH/Boot.php(417): CodeIgniter\CodeIgniter->run()
10 SYSTEMPATH/Boot.php(68): CodeIgniter\Boot::runCodeIgniter(Object(CodeIgniter\CodeIgniter))
11 FCPATH/index.php(59): CodeIgniter\Boot::bootWeb(Object(Config\Paths))
12 SYSTEMPATH/rewrite.php(44): require_once('/home/mihaja/Documents/GitHub/Final_S4/public/index.php')
WARNING - 2026-07-21 04:46:24 --> [DEPRECATED] Passing lowercase HTTP method "get" is deprecated. Use uppercase HTTP method like "GET". in SYSTEMPATH/Router/RouteCollection.php on line 1026.
 1 SYSTEMPATH/Router/RouteCollection.php(1026): trigger_error('Passing lowercase HTTP method "get" is deprecated. Use uppercase HTTP method like "GET".', 16384)
 2 APPPATH/Config/Routes.php(49): CodeIgniter\Router\RouteCollection->match([...], 'transfert', 'Client\\OperationController::transfert')
 3 SYSTEMPATH/Router/RouteCollection.php(799): CodeIgniter\Router\RouteCollection->{closure:/home/mihaja/Documents/GitHub/Final_S4/app/Config/Routes.php:45}(Object(CodeIgniter\Router\RouteCollection))
 4 APPPATH/Config/Routes.php(45): CodeIgniter\Router\RouteCollection->group('client', [...], Object(Closure))
 5 SYSTEMPATH/Router/RouteCollection.php(339): require('/home/mihaja/Documents/GitHub/Final_S4/app/Config/Routes.php')
 6 SYSTEMPATH/CodeIgniter.php(841): CodeIgniter\Router\RouteCollection->loadRoutes()
 7 SYSTEMPATH/CodeIgniter.php(464): CodeIgniter\CodeIgniter->tryToRouteIt(null)
 8 SYSTEMPATH/CodeIgniter.php(363): CodeIgniter\CodeIgniter->handleRequest(null, Object(Config\Cache), false)
 9 SYSTEMPATH/Boot.php(417): CodeIgniter\CodeIgniter->run()
10 SYSTEMPATH/Boot.php(68): CodeIgniter\Boot::runCodeIgniter(Object(CodeIgniter\CodeIgniter))
11 FCPATH/index.php(59): CodeIgniter\Boot::bootWeb(Object(Config\Paths))
12 SYSTEMPATH/rewrite.php(44): require_once('/home/mihaja/Documents/GitHub/Final_S4/public/index.php')
WARNING - 2026-07-21 04:46:24 --> [DEPRECATED] Passing lowercase HTTP method "post" is deprecated. Use uppercase HTTP method like "POST". in SYSTEMPATH/Router/RouteCollection.php on line 1026.
 1 SYSTEMPATH/Router/RouteCollection.php(1026): trigger_error('Passing lowercase HTTP method "post" is deprecated. Use uppercase HTTP method like "POST".', 16384)
 2 APPPATH/Config/Routes.php(49): CodeIgniter\Router\RouteCollection->match([...], 'transfert', 'Client\\OperationController::transfert')
 3 SYSTEMPATH/Router/RouteCollection.php(799): CodeIgniter\Router\RouteCollection->{closure:/home/mihaja/Documents/GitHub/Final_S4/app/Config/Routes.php:45}(Object(CodeIgniter\Router\RouteCollection))
 4 APPPATH/Config/Routes.php(45): CodeIgniter\Router\RouteCollection->group('client', [...], Object(Closure))
 5 SYSTEMPATH/Router/RouteCollection.php(339): require('/home/mihaja/Documents/GitHub/Final_S4/app/Config/Routes.php')
 6 SYSTEMPATH/CodeIgniter.php(841): CodeIgniter\Router\RouteCollection->loadRoutes()
 7 SYSTEMPATH/CodeIgniter.php(464): CodeIgniter\CodeIgniter->tryToRouteIt(null)
 8 SYSTEMPATH/CodeIgniter.php(363): CodeIgniter\CodeIgniter->handleRequest(null, Object(Config\Cache), false)
 9 SYSTEMPATH/Boot.php(417): CodeIgniter\CodeIgniter->run()
10 SYSTEMPATH/Boot.php(68): CodeIgniter\Boot::runCodeIgniter(Object(CodeIgniter\CodeIgniter))
11 FCPATH/index.php(59): CodeIgniter\Boot::bootWeb(Object(Config\Paths))
12 SYSTEMPATH/rewrite.php(44): require_once('/home/mihaja/Documents/GitHub/Final_S4/public/index.php')
WARNING - 2026-07-21 04:46:27 --> [DEPRECATED] Passing lowercase HTTP method "get" is deprecated. Use uppercase HTTP method like "GET". in SYSTEMPATH/Router/RouteCollection.php on line 1026.
 1 SYSTEMPATH/Router/RouteCollection.php(1026): trigger_error('Passing lowercase HTTP method "get" is deprecated. Use uppercase HTTP method like "GET".', 16384)
 2 APPPATH/Config/Routes.php(47): CodeIgniter\Router\RouteCollection->match([...], 'depot', 'Client\\OperationController::depot')
 3 SYSTEMPATH/Router/RouteCollection.php(799): CodeIgniter\Router\RouteCollection->{closure:/home/mihaja/Documents/GitHub/Final_S4/app/Config/Routes.php:45}(Object(CodeIgniter\Router\RouteCollection))
 4 APPPATH/Config/Routes.php(45): CodeIgniter\Router\RouteCollection->group('client', [...], Object(Closure))
 5 SYSTEMPATH/Router/RouteCollection.php(339): require('/home/mihaja/Documents/GitHub/Final_S4/app/Config/Routes.php')
 6 SYSTEMPATH/CodeIgniter.php(841): CodeIgniter\Router\RouteCollection->loadRoutes()
 7 SYSTEMPATH/CodeIgniter.php(464): CodeIgniter\CodeIgniter->tryToRouteIt(null)
 8 SYSTEMPATH/CodeIgniter.php(363): CodeIgniter\CodeIgniter->handleRequest(null, Object(Config\Cache), false)
 9 SYSTEMPATH/Boot.php(417): CodeIgniter\CodeIgniter->run()
10 SYSTEMPATH/Boot.php(68): CodeIgniter\Boot::runCodeIgniter(Object(CodeIgniter\CodeIgniter))
11 FCPATH/index.php(59): CodeIgniter\Boot::bootWeb(Object(Config\Paths))
12 SYSTEMPATH/rewrite.php(44): require_once('/home/mihaja/Documents/GitHub/Final_S4/public/index.php')
WARNING - 2026-07-21 04:46:27 --> [DEPRECATED] Passing lowercase HTTP method "post" is deprecated. Use uppercase HTTP method like "POST". in SYSTEMPATH/Router/RouteCollection.php on line 1026.
 1 SYSTEMPATH/Router/RouteCollection.php(1026): trigger_error('Passing lowercase HTTP method "post" is deprecated. Use uppercase HTTP method like "POST".', 16384)
 2 APPPATH/Config/Routes.php(47): CodeIgniter\Router\RouteCollection->match([...], 'depot', 'Client\\OperationController::depot')
 3 SYSTEMPATH/Router/RouteCollection.php(799): CodeIgniter\Router\RouteCollection->{closure:/home/mihaja/Documents/GitHub/Final_S4/app/Config/Routes.php:45}(Object(CodeIgniter\Router\RouteCollection))
 4 APPPATH/Config/Routes.php(45): CodeIgniter\Router\RouteCollection->group('client', [...], Object(Closure))
 5 SYSTEMPATH/Router/RouteCollection.php(339): require('/home/mihaja/Documents/GitHub/Final_S4/app/Config/Routes.php')
 6 SYSTEMPATH/CodeIgniter.php(841): CodeIgniter\Router\RouteCollection->loadRoutes()
 7 SYSTEMPATH/CodeIgniter.php(464): CodeIgniter\CodeIgniter->tryToRouteIt(null)
 8 SYSTEMPATH/CodeIgniter.php(363): CodeIgniter\CodeIgniter->handleRequest(null, Object(Config\Cache), false)
 9 SYSTEMPATH/Boot.php(417): CodeIgniter\CodeIgniter->run()
10 SYSTEMPATH/Boot.php(68): CodeIgniter\Boot::runCodeIgniter(Object(CodeIgniter\CodeIgniter))
11 FCPATH/index.php(59): CodeIgniter\Boot::bootWeb(Object(Config\Paths))
12 SYSTEMPATH/rewrite.php(44): require_once('/home/mihaja/Documents/GitHub/Final_S4/public/index.php')
WARNING - 2026-07-21 04:46:27 --> [DEPRECATED] Passing lowercase HTTP method "get" is deprecated. Use uppercase HTTP method like "GET". in SYSTEMPATH/Router/RouteCollection.php on line 1026.
 1 SYSTEMPATH/Router/RouteCollection.php(1026): trigger_error('Passing lowercase HTTP method "get" is deprecated. Use uppercase HTTP method like "GET".', 16384)
 2 APPPATH/Config/Routes.php(48): CodeIgniter\Router\RouteCollection->match([...], 'retrait', 'Client\\OperationController::retrait')
 3 SYSTEMPATH/Router/RouteCollection.php(799): CodeIgniter\Router\RouteCollection->{closure:/home/mihaja/Documents/GitHub/Final_S4/app/Config/Routes.php:45}(Object(CodeIgniter\Router\RouteCollection))
 4 APPPATH/Config/Routes.php(45): CodeIgniter\Router\RouteCollection->group('client', [...], Object(Closure))
 5 SYSTEMPATH/Router/RouteCollection.php(339): require('/home/mihaja/Documents/GitHub/Final_S4/app/Config/Routes.php')
 6 SYSTEMPATH/CodeIgniter.php(841): CodeIgniter\Router\RouteCollection->loadRoutes()
 7 SYSTEMPATH/CodeIgniter.php(464): CodeIgniter\CodeIgniter->tryToRouteIt(null)
 8 SYSTEMPATH/CodeIgniter.php(363): CodeIgniter\CodeIgniter->handleRequest(null, Object(Config\Cache), false)
 9 SYSTEMPATH/Boot.php(417): CodeIgniter\CodeIgniter->run()
10 SYSTEMPATH/Boot.php(68): CodeIgniter\Boot::runCodeIgniter(Object(CodeIgniter\CodeIgniter))
11 FCPATH/index.php(59): CodeIgniter\Boot::bootWeb(Object(Config\Paths))
12 SYSTEMPATH/rewrite.php(44): require_once('/home/mihaja/Documents/GitHub/Final_S4/public/index.php')
WARNING - 2026-07-21 04:46:27 --> [DEPRECATED] Passing lowercase HTTP method "post" is deprecated. Use uppercase HTTP method like "POST". in SYSTEMPATH/Router/RouteCollection.php on line 1026.
 1 SYSTEMPATH/Router/RouteCollection.php(1026): trigger_error('Passing lowercase HTTP method "post" is deprecated. Use uppercase HTTP method like "POST".', 16384)
 2 APPPATH/Config/Routes.php(48): CodeIgniter\Router\RouteCollection->match([...], 'retrait', 'Client\\OperationController::retrait')
 3 SYSTEMPATH/Router/RouteCollection.php(799): CodeIgniter\Router\RouteCollection->{closure:/home/mihaja/Documents/GitHub/Final_S4/app/Config/Routes.php:45}(Object(CodeIgniter\Router\RouteCollection))
 4 APPPATH/Config/Routes.php(45): CodeIgniter\Router\RouteCollection->group('client', [...], Object(Closure))
 5 SYSTEMPATH/Router/RouteCollection.php(339): require('/home/mihaja/Documents/GitHub/Final_S4/app/Config/Routes.php')
 6 SYSTEMPATH/CodeIgniter.php(841): CodeIgniter\Router\RouteCollection->loadRoutes()
 7 SYSTEMPATH/CodeIgniter.php(464): CodeIgniter\CodeIgniter->tryToRouteIt(null)
 8 SYSTEMPATH/CodeIgniter.php(363): CodeIgniter\CodeIgniter->handleRequest(null, Object(Config\Cache), false)
 9 SYSTEMPATH/Boot.php(417): CodeIgniter\CodeIgniter->run()
10 SYSTEMPATH/Boot.php(68): CodeIgniter\Boot::runCodeIgniter(Object(CodeIgniter\CodeIgniter))
11 FCPATH/index.php(59): CodeIgniter\Boot::bootWeb(Object(Config\Paths))
12 SYSTEMPATH/rewrite.php(44): require_once('/home/mihaja/Documents/GitHub/Final_S4/public/index.php')
WARNING - 2026-07-21 04:46:27 --> [DEPRECATED] Passing lowercase HTTP method "get" is deprecated. Use uppercase HTTP method like "GET". in SYSTEMPATH/Router/RouteCollection.php on line 1026.
 1 SYSTEMPATH/Router/RouteCollection.php(1026): trigger_error('Passing lowercase HTTP method "get" is deprecated. Use uppercase HTTP method like "GET".', 16384)
 2 APPPATH/Config/Routes.php(49): CodeIgniter\Router\RouteCollection->match([...], 'transfert', 'Client\\OperationController::transfert')
 3 SYSTEMPATH/Router/RouteCollection.php(799): CodeIgniter\Router\RouteCollection->{closure:/home/mihaja/Documents/GitHub/Final_S4/app/Config/Routes.php:45}(Object(CodeIgniter\Router\RouteCollection))
 4 APPPATH/Config/Routes.php(45): CodeIgniter\Router\RouteCollection->group('client', [...], Object(Closure))
 5 SYSTEMPATH/Router/RouteCollection.php(339): require('/home/mihaja/Documents/GitHub/Final_S4/app/Config/Routes.php')
 6 SYSTEMPATH/CodeIgniter.php(841): CodeIgniter\Router\RouteCollection->loadRoutes()
 7 SYSTEMPATH/CodeIgniter.php(464): CodeIgniter\CodeIgniter->tryToRouteIt(null)
 8 SYSTEMPATH/CodeIgniter.php(363): CodeIgniter\CodeIgniter->handleRequest(null, Object(Config\Cache), false)
 9 SYSTEMPATH/Boot.php(417): CodeIgniter\CodeIgniter->run()
10 SYSTEMPATH/Boot.php(68): CodeIgniter\Boot::runCodeIgniter(Object(CodeIgniter\CodeIgniter))
11 FCPATH/index.php(59): CodeIgniter\Boot::bootWeb(Object(Config\Paths))
12 SYSTEMPATH/rewrite.php(44): require_once('/home/mihaja/Documents/GitHub/Final_S4/public/index.php')
WARNING - 2026-07-21 04:46:27 --> [DEPRECATED] Passing lowercase HTTP method "post" is deprecated. Use uppercase HTTP method like "POST". in SYSTEMPATH/Router/RouteCollection.php on line 1026.
 1 SYSTEMPATH/Router/RouteCollection.php(1026): trigger_error('Passing lowercase HTTP method "post" is deprecated. Use uppercase HTTP method like "POST".', 16384)
 2 APPPATH/Config/Routes.php(49): CodeIgniter\Router\RouteCollection->match([...], 'transfert', 'Client\\OperationController::transfert')
 3 SYSTEMPATH/Router/RouteCollection.php(799): CodeIgniter\Router\RouteCollection->{closure:/home/mihaja/Documents/GitHub/Final_S4/app/Config/Routes.php:45}(Object(CodeIgniter\Router\RouteCollection))
 4 APPPATH/Config/Routes.php(45): CodeIgniter\Router\RouteCollection->group('client', [...], Object(Closure))
 5 SYSTEMPATH/Router/RouteCollection.php(339): require('/home/mihaja/Documents/GitHub/Final_S4/app/Config/Routes.php')
 6 SYSTEMPATH/CodeIgniter.php(841): CodeIgniter\Router\RouteCollection->loadRoutes()
 7 SYSTEMPATH/CodeIgniter.php(464): CodeIgniter\CodeIgniter->tryToRouteIt(null)
 8 SYSTEMPATH/CodeIgniter.php(363): CodeIgniter\CodeIgniter->handleRequest(null, Object(Config\Cache), false)
 9 SYSTEMPATH/Boot.php(417): CodeIgniter\CodeIgniter->run()
10 SYSTEMPATH/Boot.php(68): CodeIgniter\Boot::runCodeIgniter(Object(CodeIgniter\CodeIgniter))
11 FCPATH/index.php(59): CodeIgniter\Boot::bootWeb(Object(Config\Paths))
12 SYSTEMPATH/rewrite.php(44): require_once('/home/mihaja/Documents/GitHub/Final_S4/public/index.php')
DEBUG - 2026-07-21 04:46:27 --> Session: Class initialized using 'CodeIgniter\Session\Handlers\FileHandler' driver.
WARNING - 2026-07-21 04:46:30 --> [DEPRECATED] Passing lowercase HTTP method "get" is deprecated. Use uppercase HTTP method like "GET". in SYSTEMPATH/Router/RouteCollection.php on line 1026.
 1 SYSTEMPATH/Router/RouteCollection.php(1026): trigger_error('Passing lowercase HTTP method "get" is deprecated. Use uppercase HTTP method like "GET".', 16384)
 2 APPPATH/Config/Routes.php(47): CodeIgniter\Router\RouteCollection->match([...], 'depot', 'Client\\OperationController::depot')
 3 SYSTEMPATH/Router/RouteCollection.php(799): CodeIgniter\Router\RouteCollection->{closure:/home/mihaja/Documents/GitHub/Final_S4/app/Config/Routes.php:45}(Object(CodeIgniter\Router\RouteCollection))
 4 APPPATH/Config/Routes.php(45): CodeIgniter\Router\RouteCollection->group('client', [...], Object(Closure))
 5 SYSTEMPATH/Router/RouteCollection.php(339): require('/home/mihaja/Documents/GitHub/Final_S4/app/Config/Routes.php')
 6 SYSTEMPATH/CodeIgniter.php(841): CodeIgniter\Router\RouteCollection->loadRoutes()
 7 SYSTEMPATH/CodeIgniter.php(464): CodeIgniter\CodeIgniter->tryToRouteIt(null)
 8 SYSTEMPATH/CodeIgniter.php(363): CodeIgniter\CodeIgniter->handleRequest(null, Object(Config\Cache), false)
 9 SYSTEMPATH/Boot.php(417): CodeIgniter\CodeIgniter->run()
10 SYSTEMPATH/Boot.php(68): CodeIgniter\Boot::runCodeIgniter(Object(CodeIgniter\CodeIgniter))
11 FCPATH/index.php(59): CodeIgniter\Boot::bootWeb(Object(Config\Paths))
12 SYSTEMPATH/rewrite.php(44): require_once('/home/mihaja/Documents/GitHub/Final_S4/public/index.php')
WARNING - 2026-07-21 04:46:30 --> [DEPRECATED] Passing lowercase HTTP method "post" is deprecated. Use uppercase HTTP method like "POST". in SYSTEMPATH/Router/RouteCollection.php on line 1026.
 1 SYSTEMPATH/Router/RouteCollection.php(1026): trigger_error('Passing lowercase HTTP method "post" is deprecated. Use uppercase HTTP method like "POST".', 16384)
 2 APPPATH/Config/Routes.php(47): CodeIgniter\Router\RouteCollection->match([...], 'depot', 'Client\\OperationController::depot')
 3 SYSTEMPATH/Router/RouteCollection.php(799): CodeIgniter\Router\RouteCollection->{closure:/home/mihaja/Documents/GitHub/Final_S4/app/Config/Routes.php:45}(Object(CodeIgniter\Router\RouteCollection))
 4 APPPATH/Config/Routes.php(45): CodeIgniter\Router\RouteCollection->group('client', [...], Object(Closure))
 5 SYSTEMPATH/Router/RouteCollection.php(339): require('/home/mihaja/Documents/GitHub/Final_S4/app/Config/Routes.php')
 6 SYSTEMPATH/CodeIgniter.php(841): CodeIgniter\Router\RouteCollection->loadRoutes()
 7 SYSTEMPATH/CodeIgniter.php(464): CodeIgniter\CodeIgniter->tryToRouteIt(null)
 8 SYSTEMPATH/CodeIgniter.php(363): CodeIgniter\CodeIgniter->handleRequest(null, Object(Config\Cache), false)
 9 SYSTEMPATH/Boot.php(417): CodeIgniter\CodeIgniter->run()
10 SYSTEMPATH/Boot.php(68): CodeIgniter\Boot::runCodeIgniter(Object(CodeIgniter\CodeIgniter))
11 FCPATH/index.php(59): CodeIgniter\Boot::bootWeb(Object(Config\Paths))
12 SYSTEMPATH/rewrite.php(44): require_once('/home/mihaja/Documents/GitHub/Final_S4/public/index.php')
WARNING - 2026-07-21 04:46:30 --> [DEPRECATED] Passing lowercase HTTP method "get" is deprecated. Use uppercase HTTP method like "GET". in SYSTEMPATH/Router/RouteCollection.php on line 1026.
 1 SYSTEMPATH/Router/RouteCollection.php(1026): trigger_error('Passing lowercase HTTP method "get" is deprecated. Use uppercase HTTP method like "GET".', 16384)
 2 APPPATH/Config/Routes.php(48): CodeIgniter\Router\RouteCollection->match([...], 'retrait', 'Client\\OperationController::retrait')
 3 SYSTEMPATH/Router/RouteCollection.php(799): CodeIgniter\Router\RouteCollection->{closure:/home/mihaja/Documents/GitHub/Final_S4/app/Config/Routes.php:45}(Object(CodeIgniter\Router\RouteCollection))
 4 APPPATH/Config/Routes.php(45): CodeIgniter\Router\RouteCollection->group('client', [...], Object(Closure))
 5 SYSTEMPATH/Router/RouteCollection.php(339): require('/home/mihaja/Documents/GitHub/Final_S4/app/Config/Routes.php')
 6 SYSTEMPATH/CodeIgniter.php(841): CodeIgniter\Router\RouteCollection->loadRoutes()
 7 SYSTEMPATH/CodeIgniter.php(464): CodeIgniter\CodeIgniter->tryToRouteIt(null)
 8 SYSTEMPATH/CodeIgniter.php(363): CodeIgniter\CodeIgniter->handleRequest(null, Object(Config\Cache), false)
 9 SYSTEMPATH/Boot.php(417): CodeIgniter\CodeIgniter->run()
10 SYSTEMPATH/Boot.php(68): CodeIgniter\Boot::runCodeIgniter(Object(CodeIgniter\CodeIgniter))
11 FCPATH/index.php(59): CodeIgniter\Boot::bootWeb(Object(Config\Paths))
12 SYSTEMPATH/rewrite.php(44): require_once('/home/mihaja/Documents/GitHub/Final_S4/public/index.php')
WARNING - 2026-07-21 04:46:30 --> [DEPRECATED] Passing lowercase HTTP method "post" is deprecated. Use uppercase HTTP method like "POST". in SYSTEMPATH/Router/RouteCollection.php on line 1026.
 1 SYSTEMPATH/Router/RouteCollection.php(1026): trigger_error('Passing lowercase HTTP method "post" is deprecated. Use uppercase HTTP method like "POST".', 16384)
 2 APPPATH/Config/Routes.php(48): CodeIgniter\Router\RouteCollection->match([...], 'retrait', 'Client\\OperationController::retrait')
 3 SYSTEMPATH/Router/RouteCollection.php(799): CodeIgniter\Router\RouteCollection->{closure:/home/mihaja/Documents/GitHub/Final_S4/app/Config/Routes.php:45}(Object(CodeIgniter\Router\RouteCollection))
 4 APPPATH/Config/Routes.php(45): CodeIgniter\Router\RouteCollection->group('client', [...], Object(Closure))
 5 SYSTEMPATH/Router/RouteCollection.php(339): require('/home/mihaja/Documents/GitHub/Final_S4/app/Config/Routes.php')
 6 SYSTEMPATH/CodeIgniter.php(841): CodeIgniter\Router\RouteCollection->loadRoutes()
 7 SYSTEMPATH/CodeIgniter.php(464): CodeIgniter\CodeIgniter->tryToRouteIt(null)
 8 SYSTEMPATH/CodeIgniter.php(363): CodeIgniter\CodeIgniter->handleRequest(null, Object(Config\Cache), false)
 9 SYSTEMPATH/Boot.php(417): CodeIgniter\CodeIgniter->run()
10 SYSTEMPATH/Boot.php(68): CodeIgniter\Boot::runCodeIgniter(Object(CodeIgniter\CodeIgniter))
11 FCPATH/index.php(59): CodeIgniter\Boot::bootWeb(Object(Config\Paths))
12 SYSTEMPATH/rewrite.php(44): require_once('/home/mihaja/Documents/GitHub/Final_S4/public/index.php')
WARNING - 2026-07-21 04:46:30 --> [DEPRECATED] Passing lowercase HTTP method "get" is deprecated. Use uppercase HTTP method like "GET". in SYSTEMPATH/Router/RouteCollection.php on line 1026.
 1 SYSTEMPATH/Router/RouteCollection.php(1026): trigger_error('Passing lowercase HTTP method "get" is deprecated. Use uppercase HTTP method like "GET".', 16384)
 2 APPPATH/Config/Routes.php(49): CodeIgniter\Router\RouteCollection->match([...], 'transfert', 'Client\\OperationController::transfert')
 3 SYSTEMPATH/Router/RouteCollection.php(799): CodeIgniter\Router\RouteCollection->{closure:/home/mihaja/Documents/GitHub/Final_S4/app/Config/Routes.php:45}(Object(CodeIgniter\Router\RouteCollection))
 4 APPPATH/Config/Routes.php(45): CodeIgniter\Router\RouteCollection->group('client', [...], Object(Closure))
 5 SYSTEMPATH/Router/RouteCollection.php(339): require('/home/mihaja/Documents/GitHub/Final_S4/app/Config/Routes.php')
 6 SYSTEMPATH/CodeIgniter.php(841): CodeIgniter\Router\RouteCollection->loadRoutes()
 7 SYSTEMPATH/CodeIgniter.php(464): CodeIgniter\CodeIgniter->tryToRouteIt(null)
 8 SYSTEMPATH/CodeIgniter.php(363): CodeIgniter\CodeIgniter->handleRequest(null, Object(Config\Cache), false)
 9 SYSTEMPATH/Boot.php(417): CodeIgniter\CodeIgniter->run()
10 SYSTEMPATH/Boot.php(68): CodeIgniter\Boot::runCodeIgniter(Object(CodeIgniter\CodeIgniter))
11 FCPATH/index.php(59): CodeIgniter\Boot::bootWeb(Object(Config\Paths))
12 SYSTEMPATH/rewrite.php(44): require_once('/home/mihaja/Documents/GitHub/Final_S4/public/index.php')
WARNING - 2026-07-21 04:46:30 --> [DEPRECATED] Passing lowercase HTTP method "post" is deprecated. Use uppercase HTTP method like "POST". in SYSTEMPATH/Router/RouteCollection.php on line 1026.
 1 SYSTEMPATH/Router/RouteCollection.php(1026): trigger_error('Passing lowercase HTTP method "post" is deprecated. Use uppercase HTTP method like "POST".', 16384)
 2 APPPATH/Config/Routes.php(49): CodeIgniter\Router\RouteCollection->match([...], 'transfert', 'Client\\OperationController::transfert')
 3 SYSTEMPATH/Router/RouteCollection.php(799): CodeIgniter\Router\RouteCollection->{closure:/home/mihaja/Documents/GitHub/Final_S4/app/Config/Routes.php:45}(Object(CodeIgniter\Router\RouteCollection))
 4 APPPATH/Config/Routes.php(45): CodeIgniter\Router\RouteCollection->group('client', [...], Object(Closure))
 5 SYSTEMPATH/Router/RouteCollection.php(339): require('/home/mihaja/Documents/GitHub/Final_S4/app/Config/Routes.php')
 6 SYSTEMPATH/CodeIgniter.php(841): CodeIgniter\Router\RouteCollection->loadRoutes()
 7 SYSTEMPATH/CodeIgniter.php(464): CodeIgniter\CodeIgniter->tryToRouteIt(null)
 8 SYSTEMPATH/CodeIgniter.php(363): CodeIgniter\CodeIgniter->handleRequest(null, Object(Config\Cache), false)
 9 SYSTEMPATH/Boot.php(417): CodeIgniter\CodeIgniter->run()
10 SYSTEMPATH/Boot.php(68): CodeIgniter\Boot::runCodeIgniter(Object(CodeIgniter\CodeIgniter))
11 FCPATH/index.php(59): CodeIgniter\Boot::bootWeb(Object(Config\Paths))
12 SYSTEMPATH/rewrite.php(44): require_once('/home/mihaja/Documents/GitHub/Final_S4/public/index.php')
DEBUG - 2026-07-21 04:46:30 --> Session: Class initialized using 'CodeIgniter\Session\Handlers\FileHandler' driver.
WARNING - 2026-07-21 04:46:32 --> [DEPRECATED] Passing lowercase HTTP method "get" is deprecated. Use uppercase HTTP method like "GET". in SYSTEMPATH/Router/RouteCollection.php on line 1026.
 1 SYSTEMPATH/Router/RouteCollection.php(1026): trigger_error('Passing lowercase HTTP method "get" is deprecated. Use uppercase HTTP method like "GET".', 16384)
 2 APPPATH/Config/Routes.php(47): CodeIgniter\Router\RouteCollection->match([...], 'depot', 'Client\\OperationController::depot')
 3 SYSTEMPATH/Router/RouteCollection.php(799): CodeIgniter\Router\RouteCollection->{closure:/home/mihaja/Documents/GitHub/Final_S4/app/Config/Routes.php:45}(Object(CodeIgniter\Router\RouteCollection))
 4 APPPATH/Config/Routes.php(45): CodeIgniter\Router\RouteCollection->group('client', [...], Object(Closure))
 5 SYSTEMPATH/Router/RouteCollection.php(339): require('/home/mihaja/Documents/GitHub/Final_S4/app/Config/Routes.php')
 6 SYSTEMPATH/CodeIgniter.php(841): CodeIgniter\Router\RouteCollection->loadRoutes()
 7 SYSTEMPATH/CodeIgniter.php(464): CodeIgniter\CodeIgniter->tryToRouteIt(null)
 8 SYSTEMPATH/CodeIgniter.php(363): CodeIgniter\CodeIgniter->handleRequest(null, Object(Config\Cache), false)
 9 SYSTEMPATH/Boot.php(417): CodeIgniter\CodeIgniter->run()
10 SYSTEMPATH/Boot.php(68): CodeIgniter\Boot::runCodeIgniter(Object(CodeIgniter\CodeIgniter))
11 FCPATH/index.php(59): CodeIgniter\Boot::bootWeb(Object(Config\Paths))
12 SYSTEMPATH/rewrite.php(44): require_once('/home/mihaja/Documents/GitHub/Final_S4/public/index.php')
WARNING - 2026-07-21 04:46:32 --> [DEPRECATED] Passing lowercase HTTP method "post" is deprecated. Use uppercase HTTP method like "POST". in SYSTEMPATH/Router/RouteCollection.php on line 1026.
 1 SYSTEMPATH/Router/RouteCollection.php(1026): trigger_error('Passing lowercase HTTP method "post" is deprecated. Use uppercase HTTP method like "POST".', 16384)
 2 APPPATH/Config/Routes.php(47): CodeIgniter\Router\RouteCollection->match([...], 'depot', 'Client\\OperationController::depot')
 3 SYSTEMPATH/Router/RouteCollection.php(799): CodeIgniter\Router\RouteCollection->{closure:/home/mihaja/Documents/GitHub/Final_S4/app/Config/Routes.php:45}(Object(CodeIgniter\Router\RouteCollection))
 4 APPPATH/Config/Routes.php(45): CodeIgniter\Router\RouteCollection->group('client', [...], Object(Closure))
 5 SYSTEMPATH/Router/RouteCollection.php(339): require('/home/mihaja/Documents/GitHub/Final_S4/app/Config/Routes.php')
 6 SYSTEMPATH/CodeIgniter.php(841): CodeIgniter\Router\RouteCollection->loadRoutes()
 7 SYSTEMPATH/CodeIgniter.php(464): CodeIgniter\CodeIgniter->tryToRouteIt(null)
 8 SYSTEMPATH/CodeIgniter.php(363): CodeIgniter\CodeIgniter->handleRequest(null, Object(Config\Cache), false)
 9 SYSTEMPATH/Boot.php(417): CodeIgniter\CodeIgniter->run()
10 SYSTEMPATH/Boot.php(68): CodeIgniter\Boot::runCodeIgniter(Object(CodeIgniter\CodeIgniter))
11 FCPATH/index.php(59): CodeIgniter\Boot::bootWeb(Object(Config\Paths))
12 SYSTEMPATH/rewrite.php(44): require_once('/home/mihaja/Documents/GitHub/Final_S4/public/index.php')
WARNING - 2026-07-21 04:46:32 --> [DEPRECATED] Passing lowercase HTTP method "get" is deprecated. Use uppercase HTTP method like "GET". in SYSTEMPATH/Router/RouteCollection.php on line 1026.
 1 SYSTEMPATH/Router/RouteCollection.php(1026): trigger_error('Passing lowercase HTTP method "get" is deprecated. Use uppercase HTTP method like "GET".', 16384)
 2 APPPATH/Config/Routes.php(48): CodeIgniter\Router\RouteCollection->match([...], 'retrait', 'Client\\OperationController::retrait')
 3 SYSTEMPATH/Router/RouteCollection.php(799): CodeIgniter\Router\RouteCollection->{closure:/home/mihaja/Documents/GitHub/Final_S4/app/Config/Routes.php:45}(Object(CodeIgniter\Router\RouteCollection))
 4 APPPATH/Config/Routes.php(45): CodeIgniter\Router\RouteCollection->group('client', [...], Object(Closure))
 5 SYSTEMPATH/Router/RouteCollection.php(339): require('/home/mihaja/Documents/GitHub/Final_S4/app/Config/Routes.php')
 6 SYSTEMPATH/CodeIgniter.php(841): CodeIgniter\Router\RouteCollection->loadRoutes()
 7 SYSTEMPATH/CodeIgniter.php(464): CodeIgniter\CodeIgniter->tryToRouteIt(null)
 8 SYSTEMPATH/CodeIgniter.php(363): CodeIgniter\CodeIgniter->handleRequest(null, Object(Config\Cache), false)
 9 SYSTEMPATH/Boot.php(417): CodeIgniter\CodeIgniter->run()
10 SYSTEMPATH/Boot.php(68): CodeIgniter\Boot::runCodeIgniter(Object(CodeIgniter\CodeIgniter))
11 FCPATH/index.php(59): CodeIgniter\Boot::bootWeb(Object(Config\Paths))
12 SYSTEMPATH/rewrite.php(44): require_once('/home/mihaja/Documents/GitHub/Final_S4/public/index.php')
WARNING - 2026-07-21 04:46:32 --> [DEPRECATED] Passing lowercase HTTP method "post" is deprecated. Use uppercase HTTP method like "POST". in SYSTEMPATH/Router/RouteCollection.php on line 1026.
 1 SYSTEMPATH/Router/RouteCollection.php(1026): trigger_error('Passing lowercase HTTP method "post" is deprecated. Use uppercase HTTP method like "POST".', 16384)
 2 APPPATH/Config/Routes.php(48): CodeIgniter\Router\RouteCollection->match([...], 'retrait', 'Client\\OperationController::retrait')
 3 SYSTEMPATH/Router/RouteCollection.php(799): CodeIgniter\Router\RouteCollection->{closure:/home/mihaja/Documents/GitHub/Final_S4/app/Config/Routes.php:45}(Object(CodeIgniter\Router\RouteCollection))
 4 APPPATH/Config/Routes.php(45): CodeIgniter\Router\RouteCollection->group('client', [...], Object(Closure))
 5 SYSTEMPATH/Router/RouteCollection.php(339): require('/home/mihaja/Documents/GitHub/Final_S4/app/Config/Routes.php')
 6 SYSTEMPATH/CodeIgniter.php(841): CodeIgniter\Router\RouteCollection->loadRoutes()
 7 SYSTEMPATH/CodeIgniter.php(464): CodeIgniter\CodeIgniter->tryToRouteIt(null)
 8 SYSTEMPATH/CodeIgniter.php(363): CodeIgniter\CodeIgniter->handleRequest(null, Object(Config\Cache), false)
 9 SYSTEMPATH/Boot.php(417): CodeIgniter\CodeIgniter->run()
10 SYSTEMPATH/Boot.php(68): CodeIgniter\Boot::runCodeIgniter(Object(CodeIgniter\CodeIgniter))
11 FCPATH/index.php(59): CodeIgniter\Boot::bootWeb(Object(Config\Paths))
12 SYSTEMPATH/rewrite.php(44): require_once('/home/mihaja/Documents/GitHub/Final_S4/public/index.php')
WARNING - 2026-07-21 04:46:32 --> [DEPRECATED] Passing lowercase HTTP method "get" is deprecated. Use uppercase HTTP method like "GET". in SYSTEMPATH/Router/RouteCollection.php on line 1026.
 1 SYSTEMPATH/Router/RouteCollection.php(1026): trigger_error('Passing lowercase HTTP method "get" is deprecated. Use uppercase HTTP method like "GET".', 16384)
 2 APPPATH/Config/Routes.php(49): CodeIgniter\Router\RouteCollection->match([...], 'transfert', 'Client\\OperationController::transfert')
 3 SYSTEMPATH/Router/RouteCollection.php(799): CodeIgniter\Router\RouteCollection->{closure:/home/mihaja/Documents/GitHub/Final_S4/app/Config/Routes.php:45}(Object(CodeIgniter\Router\RouteCollection))
 4 APPPATH/Config/Routes.php(45): CodeIgniter\Router\RouteCollection->group('client', [...], Object(Closure))
 5 SYSTEMPATH/Router/RouteCollection.php(339): require('/home/mihaja/Documents/GitHub/Final_S4/app/Config/Routes.php')
 6 SYSTEMPATH/CodeIgniter.php(841): CodeIgniter\Router\RouteCollection->loadRoutes()
 7 SYSTEMPATH/CodeIgniter.php(464): CodeIgniter\CodeIgniter->tryToRouteIt(null)
 8 SYSTEMPATH/CodeIgniter.php(363): CodeIgniter\CodeIgniter->handleRequest(null, Object(Config\Cache), false)
 9 SYSTEMPATH/Boot.php(417): CodeIgniter\CodeIgniter->run()
10 SYSTEMPATH/Boot.php(68): CodeIgniter\Boot::runCodeIgniter(Object(CodeIgniter\CodeIgniter))
11 FCPATH/index.php(59): CodeIgniter\Boot::bootWeb(Object(Config\Paths))
12 SYSTEMPATH/rewrite.php(44): require_once('/home/mihaja/Documents/GitHub/Final_S4/public/index.php')
WARNING - 2026-07-21 04:46:32 --> [DEPRECATED] Passing lowercase HTTP method "post" is deprecated. Use uppercase HTTP method like "POST". in SYSTEMPATH/Router/RouteCollection.php on line 1026.
 1 SYSTEMPATH/Router/RouteCollection.php(1026): trigger_error('Passing lowercase HTTP method "post" is deprecated. Use uppercase HTTP method like "POST".', 16384)
 2 APPPATH/Config/Routes.php(49): CodeIgniter\Router\RouteCollection->match([...], 'transfert', 'Client\\OperationController::transfert')
 3 SYSTEMPATH/Router/RouteCollection.php(799): CodeIgniter\Router\RouteCollection->{closure:/home/mihaja/Documents/GitHub/Final_S4/app/Config/Routes.php:45}(Object(CodeIgniter\Router\RouteCollection))
 4 APPPATH/Config/Routes.php(45): CodeIgniter\Router\RouteCollection->group('client', [...], Object(Closure))
 5 SYSTEMPATH/Router/RouteCollection.php(339): require('/home/mihaja/Documents/GitHub/Final_S4/app/Config/Routes.php')
 6 SYSTEMPATH/CodeIgniter.php(841): CodeIgniter\Router\RouteCollection->loadRoutes()
 7 SYSTEMPATH/CodeIgniter.php(464): CodeIgniter\CodeIgniter->tryToRouteIt(null)
 8 SYSTEMPATH/CodeIgniter.php(363): CodeIgniter\CodeIgniter->handleRequest(null, Object(Config\Cache), false)
 9 SYSTEMPATH/Boot.php(417): CodeIgniter\CodeIgniter->run()
10 SYSTEMPATH/Boot.php(68): CodeIgniter\Boot::runCodeIgniter(Object(CodeIgniter\CodeIgniter))
11 FCPATH/index.php(59): CodeIgniter\Boot::bootWeb(Object(Config\Paths))
12 SYSTEMPATH/rewrite.php(44): require_once('/home/mihaja/Documents/GitHub/Final_S4/public/index.php')
DEBUG - 2026-07-21 04:46:33 --> Session: Class initialized using 'CodeIgniter\Session\Handlers\FileHandler' driver.
WARNING - 2026-07-21 04:46:33 --> [DEPRECATED] Passing lowercase HTTP method "get" is deprecated. Use uppercase HTTP method like "GET". in SYSTEMPATH/Router/RouteCollection.php on line 1026.
 1 SYSTEMPATH/Router/RouteCollection.php(1026): trigger_error('Passing lowercase HTTP method "get" is deprecated. Use uppercase HTTP method like "GET".', 16384)
 2 APPPATH/Config/Routes.php(47): CodeIgniter\Router\RouteCollection->match([...], 'depot', 'Client\\OperationController::depot')
 3 SYSTEMPATH/Router/RouteCollection.php(799): CodeIgniter\Router\RouteCollection->{closure:/home/mihaja/Documents/GitHub/Final_S4/app/Config/Routes.php:45}(Object(CodeIgniter\Router\RouteCollection))
 4 APPPATH/Config/Routes.php(45): CodeIgniter\Router\RouteCollection->group('client', [...], Object(Closure))
 5 SYSTEMPATH/Router/RouteCollection.php(339): require('/home/mihaja/Documents/GitHub/Final_S4/app/Config/Routes.php')
 6 SYSTEMPATH/CodeIgniter.php(841): CodeIgniter\Router\RouteCollection->loadRoutes()
 7 SYSTEMPATH/CodeIgniter.php(464): CodeIgniter\CodeIgniter->tryToRouteIt(null)
 8 SYSTEMPATH/CodeIgniter.php(363): CodeIgniter\CodeIgniter->handleRequest(null, Object(Config\Cache), false)
 9 SYSTEMPATH/Boot.php(417): CodeIgniter\CodeIgniter->run()
10 SYSTEMPATH/Boot.php(68): CodeIgniter\Boot::runCodeIgniter(Object(CodeIgniter\CodeIgniter))
11 FCPATH/index.php(59): CodeIgniter\Boot::bootWeb(Object(Config\Paths))
12 SYSTEMPATH/rewrite.php(44): require_once('/home/mihaja/Documents/GitHub/Final_S4/public/index.php')
WARNING - 2026-07-21 04:46:33 --> [DEPRECATED] Passing lowercase HTTP method "post" is deprecated. Use uppercase HTTP method like "POST". in SYSTEMPATH/Router/RouteCollection.php on line 1026.
 1 SYSTEMPATH/Router/RouteCollection.php(1026): trigger_error('Passing lowercase HTTP method "post" is deprecated. Use uppercase HTTP method like "POST".', 16384)
 2 APPPATH/Config/Routes.php(47): CodeIgniter\Router\RouteCollection->match([...], 'depot', 'Client\\OperationController::depot')
 3 SYSTEMPATH/Router/RouteCollection.php(799): CodeIgniter\Router\RouteCollection->{closure:/home/mihaja/Documents/GitHub/Final_S4/app/Config/Routes.php:45}(Object(CodeIgniter\Router\RouteCollection))
 4 APPPATH/Config/Routes.php(45): CodeIgniter\Router\RouteCollection->group('client', [...], Object(Closure))
 5 SYSTEMPATH/Router/RouteCollection.php(339): require('/home/mihaja/Documents/GitHub/Final_S4/app/Config/Routes.php')
 6 SYSTEMPATH/CodeIgniter.php(841): CodeIgniter\Router\RouteCollection->loadRoutes()
 7 SYSTEMPATH/CodeIgniter.php(464): CodeIgniter\CodeIgniter->tryToRouteIt(null)
 8 SYSTEMPATH/CodeIgniter.php(363): CodeIgniter\CodeIgniter->handleRequest(null, Object(Config\Cache), false)
 9 SYSTEMPATH/Boot.php(417): CodeIgniter\CodeIgniter->run()
10 SYSTEMPATH/Boot.php(68): CodeIgniter\Boot::runCodeIgniter(Object(CodeIgniter\CodeIgniter))
11 FCPATH/index.php(59): CodeIgniter\Boot::bootWeb(Object(Config\Paths))
12 SYSTEMPATH/rewrite.php(44): require_once('/home/mihaja/Documents/GitHub/Final_S4/public/index.php')
WARNING - 2026-07-21 04:46:33 --> [DEPRECATED] Passing lowercase HTTP method "get" is deprecated. Use uppercase HTTP method like "GET". in SYSTEMPATH/Router/RouteCollection.php on line 1026.
 1 SYSTEMPATH/Router/RouteCollection.php(1026): trigger_error('Passing lowercase HTTP method "get" is deprecated. Use uppercase HTTP method like "GET".', 16384)
 2 APPPATH/Config/Routes.php(48): CodeIgniter\Router\RouteCollection->match([...], 'retrait', 'Client\\OperationController::retrait')
 3 SYSTEMPATH/Router/RouteCollection.php(799): CodeIgniter\Router\RouteCollection->{closure:/home/mihaja/Documents/GitHub/Final_S4/app/Config/Routes.php:45}(Object(CodeIgniter\Router\RouteCollection))
 4 APPPATH/Config/Routes.php(45): CodeIgniter\Router\RouteCollection->group('client', [...], Object(Closure))
 5 SYSTEMPATH/Router/RouteCollection.php(339): require('/home/mihaja/Documents/GitHub/Final_S4/app/Config/Routes.php')
 6 SYSTEMPATH/CodeIgniter.php(841): CodeIgniter\Router\RouteCollection->loadRoutes()
 7 SYSTEMPATH/CodeIgniter.php(464): CodeIgniter\CodeIgniter->tryToRouteIt(null)
 8 SYSTEMPATH/CodeIgniter.php(363): CodeIgniter\CodeIgniter->handleRequest(null, Object(Config\Cache), false)
 9 SYSTEMPATH/Boot.php(417): CodeIgniter\CodeIgniter->run()
10 SYSTEMPATH/Boot.php(68): CodeIgniter\Boot::runCodeIgniter(Object(CodeIgniter\CodeIgniter))
11 FCPATH/index.php(59): CodeIgniter\Boot::bootWeb(Object(Config\Paths))
12 SYSTEMPATH/rewrite.php(44): require_once('/home/mihaja/Documents/GitHub/Final_S4/public/index.php')
WARNING - 2026-07-21 04:46:33 --> [DEPRECATED] Passing lowercase HTTP method "post" is deprecated. Use uppercase HTTP method like "POST". in SYSTEMPATH/Router/RouteCollection.php on line 1026.
 1 SYSTEMPATH/Router/RouteCollection.php(1026): trigger_error('Passing lowercase HTTP method "post" is deprecated. Use uppercase HTTP method like "POST".', 16384)
 2 APPPATH/Config/Routes.php(48): CodeIgniter\Router\RouteCollection->match([...], 'retrait', 'Client\\OperationController::retrait')
 3 SYSTEMPATH/Router/RouteCollection.php(799): CodeIgniter\Router\RouteCollection->{closure:/home/mihaja/Documents/GitHub/Final_S4/app/Config/Routes.php:45}(Object(CodeIgniter\Router\RouteCollection))
 4 APPPATH/Config/Routes.php(45): CodeIgniter\Router\RouteCollection->group('client', [...], Object(Closure))
 5 SYSTEMPATH/Router/RouteCollection.php(339): require('/home/mihaja/Documents/GitHub/Final_S4/app/Config/Routes.php')
 6 SYSTEMPATH/CodeIgniter.php(841): CodeIgniter\Router\RouteCollection->loadRoutes()
 7 SYSTEMPATH/CodeIgniter.php(464): CodeIgniter\CodeIgniter->tryToRouteIt(null)
 8 SYSTEMPATH/CodeIgniter.php(363): CodeIgniter\CodeIgniter->handleRequest(null, Object(Config\Cache), false)
 9 SYSTEMPATH/Boot.php(417): CodeIgniter\CodeIgniter->run()
10 SYSTEMPATH/Boot.php(68): CodeIgniter\Boot::runCodeIgniter(Object(CodeIgniter\CodeIgniter))
11 FCPATH/index.php(59): CodeIgniter\Boot::bootWeb(Object(Config\Paths))
12 SYSTEMPATH/rewrite.php(44): require_once('/home/mihaja/Documents/GitHub/Final_S4/public/index.php')
WARNING - 2026-07-21 04:46:33 --> [DEPRECATED] Passing lowercase HTTP method "get" is deprecated. Use uppercase HTTP method like "GET". in SYSTEMPATH/Router/RouteCollection.php on line 1026.
 1 SYSTEMPATH/Router/RouteCollection.php(1026): trigger_error('Passing lowercase HTTP method "get" is deprecated. Use uppercase HTTP method like "GET".', 16384)
 2 APPPATH/Config/Routes.php(49): CodeIgniter\Router\RouteCollection->match([...], 'transfert', 'Client\\OperationController::transfert')
 3 SYSTEMPATH/Router/RouteCollection.php(799): CodeIgniter\Router\RouteCollection->{closure:/home/mihaja/Documents/GitHub/Final_S4/app/Config/Routes.php:45}(Object(CodeIgniter\Router\RouteCollection))
 4 APPPATH/Config/Routes.php(45): CodeIgniter\Router\RouteCollection->group('client', [...], Object(Closure))
 5 SYSTEMPATH/Router/RouteCollection.php(339): require('/home/mihaja/Documents/GitHub/Final_S4/app/Config/Routes.php')
 6 SYSTEMPATH/CodeIgniter.php(841): CodeIgniter\Router\RouteCollection->loadRoutes()
 7 SYSTEMPATH/CodeIgniter.php(464): CodeIgniter\CodeIgniter->tryToRouteIt(null)
 8 SYSTEMPATH/CodeIgniter.php(363): CodeIgniter\CodeIgniter->handleRequest(null, Object(Config\Cache), false)
 9 SYSTEMPATH/Boot.php(417): CodeIgniter\CodeIgniter->run()
10 SYSTEMPATH/Boot.php(68): CodeIgniter\Boot::runCodeIgniter(Object(CodeIgniter\CodeIgniter))
11 FCPATH/index.php(59): CodeIgniter\Boot::bootWeb(Object(Config\Paths))
12 SYSTEMPATH/rewrite.php(44): require_once('/home/mihaja/Documents/GitHub/Final_S4/public/index.php')
WARNING - 2026-07-21 04:46:33 --> [DEPRECATED] Passing lowercase HTTP method "post" is deprecated. Use uppercase HTTP method like "POST". in SYSTEMPATH/Router/RouteCollection.php on line 1026.
 1 SYSTEMPATH/Router/RouteCollection.php(1026): trigger_error('Passing lowercase HTTP method "post" is deprecated. Use uppercase HTTP method like "POST".', 16384)
 2 APPPATH/Config/Routes.php(49): CodeIgniter\Router\RouteCollection->match([...], 'transfert', 'Client\\OperationController::transfert')
 3 SYSTEMPATH/Router/RouteCollection.php(799): CodeIgniter\Router\RouteCollection->{closure:/home/mihaja/Documents/GitHub/Final_S4/app/Config/Routes.php:45}(Object(CodeIgniter\Router\RouteCollection))
 4 APPPATH/Config/Routes.php(45): CodeIgniter\Router\RouteCollection->group('client', [...], Object(Closure))
 5 SYSTEMPATH/Router/RouteCollection.php(339): require('/home/mihaja/Documents/GitHub/Final_S4/app/Config/Routes.php')
 6 SYSTEMPATH/CodeIgniter.php(841): CodeIgniter\Router\RouteCollection->loadRoutes()
 7 SYSTEMPATH/CodeIgniter.php(464): CodeIgniter\CodeIgniter->tryToRouteIt(null)
 8 SYSTEMPATH/CodeIgniter.php(363): CodeIgniter\CodeIgniter->handleRequest(null, Object(Config\Cache), false)
 9 SYSTEMPATH/Boot.php(417): CodeIgniter\CodeIgniter->run()
10 SYSTEMPATH/Boot.php(68): CodeIgniter\Boot::runCodeIgniter(Object(CodeIgniter\CodeIgniter))
11 FCPATH/index.php(59): CodeIgniter\Boot::bootWeb(Object(Config\Paths))
12 SYSTEMPATH/rewrite.php(44): require_once('/home/mihaja/Documents/GitHub/Final_S4/public/index.php')
DEBUG - 2026-07-21 04:46:33 --> Session: Class initialized using 'CodeIgniter\Session\Handlers\FileHandler' driver.
WARNING - 2026-07-21 04:46:34 --> [DEPRECATED] Passing lowercase HTTP method "get" is deprecated. Use uppercase HTTP method like "GET". in SYSTEMPATH/Router/RouteCollection.php on line 1026.
 1 SYSTEMPATH/Router/RouteCollection.php(1026): trigger_error('Passing lowercase HTTP method "get" is deprecated. Use uppercase HTTP method like "GET".', 16384)
 2 APPPATH/Config/Routes.php(47): CodeIgniter\Router\RouteCollection->match([...], 'depot', 'Client\\OperationController::depot')
 3 SYSTEMPATH/Router/RouteCollection.php(799): CodeIgniter\Router\RouteCollection->{closure:/home/mihaja/Documents/GitHub/Final_S4/app/Config/Routes.php:45}(Object(CodeIgniter\Router\RouteCollection))
 4 APPPATH/Config/Routes.php(45): CodeIgniter\Router\RouteCollection->group('client', [...], Object(Closure))
 5 SYSTEMPATH/Router/RouteCollection.php(339): require('/home/mihaja/Documents/GitHub/Final_S4/app/Config/Routes.php')
 6 SYSTEMPATH/CodeIgniter.php(841): CodeIgniter\Router\RouteCollection->loadRoutes()
 7 SYSTEMPATH/CodeIgniter.php(464): CodeIgniter\CodeIgniter->tryToRouteIt(null)
 8 SYSTEMPATH/CodeIgniter.php(363): CodeIgniter\CodeIgniter->handleRequest(null, Object(Config\Cache), false)
 9 SYSTEMPATH/Boot.php(417): CodeIgniter\CodeIgniter->run()
10 SYSTEMPATH/Boot.php(68): CodeIgniter\Boot::runCodeIgniter(Object(CodeIgniter\CodeIgniter))
11 FCPATH/index.php(59): CodeIgniter\Boot::bootWeb(Object(Config\Paths))
12 SYSTEMPATH/rewrite.php(44): require_once('/home/mihaja/Documents/GitHub/Final_S4/public/index.php')
WARNING - 2026-07-21 04:46:34 --> [DEPRECATED] Passing lowercase HTTP method "post" is deprecated. Use uppercase HTTP method like "POST". in SYSTEMPATH/Router/RouteCollection.php on line 1026.
 1 SYSTEMPATH/Router/RouteCollection.php(1026): trigger_error('Passing lowercase HTTP method "post" is deprecated. Use uppercase HTTP method like "POST".', 16384)
 2 APPPATH/Config/Routes.php(47): CodeIgniter\Router\RouteCollection->match([...], 'depot', 'Client\\OperationController::depot')
 3 SYSTEMPATH/Router/RouteCollection.php(799): CodeIgniter\Router\RouteCollection->{closure:/home/mihaja/Documents/GitHub/Final_S4/app/Config/Routes.php:45}(Object(CodeIgniter\Router\RouteCollection))
 4 APPPATH/Config/Routes.php(45): CodeIgniter\Router\RouteCollection->group('client', [...], Object(Closure))
 5 SYSTEMPATH/Router/RouteCollection.php(339): require('/home/mihaja/Documents/GitHub/Final_S4/app/Config/Routes.php')
 6 SYSTEMPATH/CodeIgniter.php(841): CodeIgniter\Router\RouteCollection->loadRoutes()
 7 SYSTEMPATH/CodeIgniter.php(464): CodeIgniter\CodeIgniter->tryToRouteIt(null)
 8 SYSTEMPATH/CodeIgniter.php(363): CodeIgniter\CodeIgniter->handleRequest(null, Object(Config\Cache), false)
 9 SYSTEMPATH/Boot.php(417): CodeIgniter\CodeIgniter->run()
10 SYSTEMPATH/Boot.php(68): CodeIgniter\Boot::runCodeIgniter(Object(CodeIgniter\CodeIgniter))
11 FCPATH/index.php(59): CodeIgniter\Boot::bootWeb(Object(Config\Paths))
12 SYSTEMPATH/rewrite.php(44): require_once('/home/mihaja/Documents/GitHub/Final_S4/public/index.php')
WARNING - 2026-07-21 04:46:34 --> [DEPRECATED] Passing lowercase HTTP method "get" is deprecated. Use uppercase HTTP method like "GET". in SYSTEMPATH/Router/RouteCollection.php on line 1026.
 1 SYSTEMPATH/Router/RouteCollection.php(1026): trigger_error('Passing lowercase HTTP method "get" is deprecated. Use uppercase HTTP method like "GET".', 16384)
 2 APPPATH/Config/Routes.php(48): CodeIgniter\Router\RouteCollection->match([...], 'retrait', 'Client\\OperationController::retrait')
 3 SYSTEMPATH/Router/RouteCollection.php(799): CodeIgniter\Router\RouteCollection->{closure:/home/mihaja/Documents/GitHub/Final_S4/app/Config/Routes.php:45}(Object(CodeIgniter\Router\RouteCollection))
 4 APPPATH/Config/Routes.php(45): CodeIgniter\Router\RouteCollection->group('client', [...], Object(Closure))
 5 SYSTEMPATH/Router/RouteCollection.php(339): require('/home/mihaja/Documents/GitHub/Final_S4/app/Config/Routes.php')
 6 SYSTEMPATH/CodeIgniter.php(841): CodeIgniter\Router\RouteCollection->loadRoutes()
 7 SYSTEMPATH/CodeIgniter.php(464): CodeIgniter\CodeIgniter->tryToRouteIt(null)
 8 SYSTEMPATH/CodeIgniter.php(363): CodeIgniter\CodeIgniter->handleRequest(null, Object(Config\Cache), false)
 9 SYSTEMPATH/Boot.php(417): CodeIgniter\CodeIgniter->run()
10 SYSTEMPATH/Boot.php(68): CodeIgniter\Boot::runCodeIgniter(Object(CodeIgniter\CodeIgniter))
11 FCPATH/index.php(59): CodeIgniter\Boot::bootWeb(Object(Config\Paths))
12 SYSTEMPATH/rewrite.php(44): require_once('/home/mihaja/Documents/GitHub/Final_S4/public/index.php')
WARNING - 2026-07-21 04:46:34 --> [DEPRECATED] Passing lowercase HTTP method "post" is deprecated. Use uppercase HTTP method like "POST". in SYSTEMPATH/Router/RouteCollection.php on line 1026.
 1 SYSTEMPATH/Router/RouteCollection.php(1026): trigger_error('Passing lowercase HTTP method "post" is deprecated. Use uppercase HTTP method like "POST".', 16384)
 2 APPPATH/Config/Routes.php(48): CodeIgniter\Router\RouteCollection->match([...], 'retrait', 'Client\\OperationController::retrait')
 3 SYSTEMPATH/Router/RouteCollection.php(799): CodeIgniter\Router\RouteCollection->{closure:/home/mihaja/Documents/GitHub/Final_S4/app/Config/Routes.php:45}(Object(CodeIgniter\Router\RouteCollection))
 4 APPPATH/Config/Routes.php(45): CodeIgniter\Router\RouteCollection->group('client', [...], Object(Closure))
 5 SYSTEMPATH/Router/RouteCollection.php(339): require('/home/mihaja/Documents/GitHub/Final_S4/app/Config/Routes.php')
 6 SYSTEMPATH/CodeIgniter.php(841): CodeIgniter\Router\RouteCollection->loadRoutes()
 7 SYSTEMPATH/CodeIgniter.php(464): CodeIgniter\CodeIgniter->tryToRouteIt(null)
 8 SYSTEMPATH/CodeIgniter.php(363): CodeIgniter\CodeIgniter->handleRequest(null, Object(Config\Cache), false)
 9 SYSTEMPATH/Boot.php(417): CodeIgniter\CodeIgniter->run()
10 SYSTEMPATH/Boot.php(68): CodeIgniter\Boot::runCodeIgniter(Object(CodeIgniter\CodeIgniter))
11 FCPATH/index.php(59): CodeIgniter\Boot::bootWeb(Object(Config\Paths))
12 SYSTEMPATH/rewrite.php(44): require_once('/home/mihaja/Documents/GitHub/Final_S4/public/index.php')
WARNING - 2026-07-21 04:46:34 --> [DEPRECATED] Passing lowercase HTTP method "get" is deprecated. Use uppercase HTTP method like "GET". in SYSTEMPATH/Router/RouteCollection.php on line 1026.
 1 SYSTEMPATH/Router/RouteCollection.php(1026): trigger_error('Passing lowercase HTTP method "get" is deprecated. Use uppercase HTTP method like "GET".', 16384)
 2 APPPATH/Config/Routes.php(49): CodeIgniter\Router\RouteCollection->match([...], 'transfert', 'Client\\OperationController::transfert')
 3 SYSTEMPATH/Router/RouteCollection.php(799): CodeIgniter\Router\RouteCollection->{closure:/home/mihaja/Documents/GitHub/Final_S4/app/Config/Routes.php:45}(Object(CodeIgniter\Router\RouteCollection))
 4 APPPATH/Config/Routes.php(45): CodeIgniter\Router\RouteCollection->group('client', [...], Object(Closure))
 5 SYSTEMPATH/Router/RouteCollection.php(339): require('/home/mihaja/Documents/GitHub/Final_S4/app/Config/Routes.php')
 6 SYSTEMPATH/CodeIgniter.php(841): CodeIgniter\Router\RouteCollection->loadRoutes()
 7 SYSTEMPATH/CodeIgniter.php(464): CodeIgniter\CodeIgniter->tryToRouteIt(null)
 8 SYSTEMPATH/CodeIgniter.php(363): CodeIgniter\CodeIgniter->handleRequest(null, Object(Config\Cache), false)
 9 SYSTEMPATH/Boot.php(417): CodeIgniter\CodeIgniter->run()
10 SYSTEMPATH/Boot.php(68): CodeIgniter\Boot::runCodeIgniter(Object(CodeIgniter\CodeIgniter))
11 FCPATH/index.php(59): CodeIgniter\Boot::bootWeb(Object(Config\Paths))
12 SYSTEMPATH/rewrite.php(44): require_once('/home/mihaja/Documents/GitHub/Final_S4/public/index.php')
WARNING - 2026-07-21 04:46:34 --> [DEPRECATED] Passing lowercase HTTP method "post" is deprecated. Use uppercase HTTP method like "POST". in SYSTEMPATH/Router/RouteCollection.php on line 1026.
 1 SYSTEMPATH/Router/RouteCollection.php(1026): trigger_error('Passing lowercase HTTP method "post" is deprecated. Use uppercase HTTP method like "POST".', 16384)
 2 APPPATH/Config/Routes.php(49): CodeIgniter\Router\RouteCollection->match([...], 'transfert', 'Client\\OperationController::transfert')
 3 SYSTEMPATH/Router/RouteCollection.php(799): CodeIgniter\Router\RouteCollection->{closure:/home/mihaja/Documents/GitHub/Final_S4/app/Config/Routes.php:45}(Object(CodeIgniter\Router\RouteCollection))
 4 APPPATH/Config/Routes.php(45): CodeIgniter\Router\RouteCollection->group('client', [...], Object(Closure))
 5 SYSTEMPATH/Router/RouteCollection.php(339): require('/home/mihaja/Documents/GitHub/Final_S4/app/Config/Routes.php')
 6 SYSTEMPATH/CodeIgniter.php(841): CodeIgniter\Router\RouteCollection->loadRoutes()
 7 SYSTEMPATH/CodeIgniter.php(464): CodeIgniter\CodeIgniter->tryToRouteIt(null)
 8 SYSTEMPATH/CodeIgniter.php(363): CodeIgniter\CodeIgniter->handleRequest(null, Object(Config\Cache), false)
 9 SYSTEMPATH/Boot.php(417): CodeIgniter\CodeIgniter->run()
10 SYSTEMPATH/Boot.php(68): CodeIgniter\Boot::runCodeIgniter(Object(CodeIgniter\CodeIgniter))
11 FCPATH/index.php(59): CodeIgniter\Boot::bootWeb(Object(Config\Paths))
12 SYSTEMPATH/rewrite.php(44): require_once('/home/mihaja/Documents/GitHub/Final_S4/public/index.php')
WARNING - 2026-07-21 04:46:39 --> [DEPRECATED] Passing lowercase HTTP method "get" is deprecated. Use uppercase HTTP method like "GET". in SYSTEMPATH/Router/RouteCollection.php on line 1026.
 1 SYSTEMPATH/Router/RouteCollection.php(1026): trigger_error('Passing lowercase HTTP method "get" is deprecated. Use uppercase HTTP method like "GET".', 16384)
 2 APPPATH/Config/Routes.php(47): CodeIgniter\Router\RouteCollection->match([...], 'depot', 'Client\\OperationController::depot')
 3 SYSTEMPATH/Router/RouteCollection.php(799): CodeIgniter\Router\RouteCollection->{closure:/home/mihaja/Documents/GitHub/Final_S4/app/Config/Routes.php:45}(Object(CodeIgniter\Router\RouteCollection))
 4 APPPATH/Config/Routes.php(45): CodeIgniter\Router\RouteCollection->group('client', [...], Object(Closure))
 5 SYSTEMPATH/Router/RouteCollection.php(339): require('/home/mihaja/Documents/GitHub/Final_S4/app/Config/Routes.php')
 6 SYSTEMPATH/CodeIgniter.php(841): CodeIgniter\Router\RouteCollection->loadRoutes()
 7 SYSTEMPATH/CodeIgniter.php(464): CodeIgniter\CodeIgniter->tryToRouteIt(null)
 8 SYSTEMPATH/CodeIgniter.php(363): CodeIgniter\CodeIgniter->handleRequest(null, Object(Config\Cache), false)
 9 SYSTEMPATH/Boot.php(417): CodeIgniter\CodeIgniter->run()
10 SYSTEMPATH/Boot.php(68): CodeIgniter\Boot::runCodeIgniter(Object(CodeIgniter\CodeIgniter))
11 FCPATH/index.php(59): CodeIgniter\Boot::bootWeb(Object(Config\Paths))
12 SYSTEMPATH/rewrite.php(44): require_once('/home/mihaja/Documents/GitHub/Final_S4/public/index.php')
WARNING - 2026-07-21 04:46:39 --> [DEPRECATED] Passing lowercase HTTP method "post" is deprecated. Use uppercase HTTP method like "POST". in SYSTEMPATH/Router/RouteCollection.php on line 1026.
 1 SYSTEMPATH/Router/RouteCollection.php(1026): trigger_error('Passing lowercase HTTP method "post" is deprecated. Use uppercase HTTP method like "POST".', 16384)
 2 APPPATH/Config/Routes.php(47): CodeIgniter\Router\RouteCollection->match([...], 'depot', 'Client\\OperationController::depot')
 3 SYSTEMPATH/Router/RouteCollection.php(799): CodeIgniter\Router\RouteCollection->{closure:/home/mihaja/Documents/GitHub/Final_S4/app/Config/Routes.php:45}(Object(CodeIgniter\Router\RouteCollection))
 4 APPPATH/Config/Routes.php(45): CodeIgniter\Router\RouteCollection->group('client', [...], Object(Closure))
 5 SYSTEMPATH/Router/RouteCollection.php(339): require('/home/mihaja/Documents/GitHub/Final_S4/app/Config/Routes.php')
 6 SYSTEMPATH/CodeIgniter.php(841): CodeIgniter\Router\RouteCollection->loadRoutes()
 7 SYSTEMPATH/CodeIgniter.php(464): CodeIgniter\CodeIgniter->tryToRouteIt(null)
 8 SYSTEMPATH/CodeIgniter.php(363): CodeIgniter\CodeIgniter->handleRequest(null, Object(Config\Cache), false)
 9 SYSTEMPATH/Boot.php(417): CodeIgniter\CodeIgniter->run()
10 SYSTEMPATH/Boot.php(68): CodeIgniter\Boot::runCodeIgniter(Object(CodeIgniter\CodeIgniter))
11 FCPATH/index.php(59): CodeIgniter\Boot::bootWeb(Object(Config\Paths))
12 SYSTEMPATH/rewrite.php(44): require_once('/home/mihaja/Documents/GitHub/Final_S4/public/index.php')
WARNING - 2026-07-21 04:46:39 --> [DEPRECATED] Passing lowercase HTTP method "get" is deprecated. Use uppercase HTTP method like "GET". in SYSTEMPATH/Router/RouteCollection.php on line 1026.
 1 SYSTEMPATH/Router/RouteCollection.php(1026): trigger_error('Passing lowercase HTTP method "get" is deprecated. Use uppercase HTTP method like "GET".', 16384)
 2 APPPATH/Config/Routes.php(48): CodeIgniter\Router\RouteCollection->match([...], 'retrait', 'Client\\OperationController::retrait')
 3 SYSTEMPATH/Router/RouteCollection.php(799): CodeIgniter\Router\RouteCollection->{closure:/home/mihaja/Documents/GitHub/Final_S4/app/Config/Routes.php:45}(Object(CodeIgniter\Router\RouteCollection))
 4 APPPATH/Config/Routes.php(45): CodeIgniter\Router\RouteCollection->group('client', [...], Object(Closure))
 5 SYSTEMPATH/Router/RouteCollection.php(339): require('/home/mihaja/Documents/GitHub/Final_S4/app/Config/Routes.php')
 6 SYSTEMPATH/CodeIgniter.php(841): CodeIgniter\Router\RouteCollection->loadRoutes()
 7 SYSTEMPATH/CodeIgniter.php(464): CodeIgniter\CodeIgniter->tryToRouteIt(null)
 8 SYSTEMPATH/CodeIgniter.php(363): CodeIgniter\CodeIgniter->handleRequest(null, Object(Config\Cache), false)
 9 SYSTEMPATH/Boot.php(417): CodeIgniter\CodeIgniter->run()
10 SYSTEMPATH/Boot.php(68): CodeIgniter\Boot::runCodeIgniter(Object(CodeIgniter\CodeIgniter))
11 FCPATH/index.php(59): CodeIgniter\Boot::bootWeb(Object(Config\Paths))
12 SYSTEMPATH/rewrite.php(44): require_once('/home/mihaja/Documents/GitHub/Final_S4/public/index.php')
WARNING - 2026-07-21 04:46:39 --> [DEPRECATED] Passing lowercase HTTP method "post" is deprecated. Use uppercase HTTP method like "POST". in SYSTEMPATH/Router/RouteCollection.php on line 1026.
 1 SYSTEMPATH/Router/RouteCollection.php(1026): trigger_error('Passing lowercase HTTP method "post" is deprecated. Use uppercase HTTP method like "POST".', 16384)
 2 APPPATH/Config/Routes.php(48): CodeIgniter\Router\RouteCollection->match([...], 'retrait', 'Client\\OperationController::retrait')
 3 SYSTEMPATH/Router/RouteCollection.php(799): CodeIgniter\Router\RouteCollection->{closure:/home/mihaja/Documents/GitHub/Final_S4/app/Config/Routes.php:45}(Object(CodeIgniter\Router\RouteCollection))
 4 APPPATH/Config/Routes.php(45): CodeIgniter\Router\RouteCollection->group('client', [...], Object(Closure))
 5 SYSTEMPATH/Router/RouteCollection.php(339): require('/home/mihaja/Documents/GitHub/Final_S4/app/Config/Routes.php')
 6 SYSTEMPATH/CodeIgniter.php(841): CodeIgniter\Router\RouteCollection->loadRoutes()
 7 SYSTEMPATH/CodeIgniter.php(464): CodeIgniter\CodeIgniter->tryToRouteIt(null)
 8 SYSTEMPATH/CodeIgniter.php(363): CodeIgniter\CodeIgniter->handleRequest(null, Object(Config\Cache), false)
 9 SYSTEMPATH/Boot.php(417): CodeIgniter\CodeIgniter->run()
10 SYSTEMPATH/Boot.php(68): CodeIgniter\Boot::runCodeIgniter(Object(CodeIgniter\CodeIgniter))
11 FCPATH/index.php(59): CodeIgniter\Boot::bootWeb(Object(Config\Paths))
12 SYSTEMPATH/rewrite.php(44): require_once('/home/mihaja/Documents/GitHub/Final_S4/public/index.php')
WARNING - 2026-07-21 04:46:39 --> [DEPRECATED] Passing lowercase HTTP method "get" is deprecated. Use uppercase HTTP method like "GET". in SYSTEMPATH/Router/RouteCollection.php on line 1026.
 1 SYSTEMPATH/Router/RouteCollection.php(1026): trigger_error('Passing lowercase HTTP method "get" is deprecated. Use uppercase HTTP method like "GET".', 16384)
 2 APPPATH/Config/Routes.php(49): CodeIgniter\Router\RouteCollection->match([...], 'transfert', 'Client\\OperationController::transfert')
 3 SYSTEMPATH/Router/RouteCollection.php(799): CodeIgniter\Router\RouteCollection->{closure:/home/mihaja/Documents/GitHub/Final_S4/app/Config/Routes.php:45}(Object(CodeIgniter\Router\RouteCollection))
 4 APPPATH/Config/Routes.php(45): CodeIgniter\Router\RouteCollection->group('client', [...], Object(Closure))
 5 SYSTEMPATH/Router/RouteCollection.php(339): require('/home/mihaja/Documents/GitHub/Final_S4/app/Config/Routes.php')
 6 SYSTEMPATH/CodeIgniter.php(841): CodeIgniter\Router\RouteCollection->loadRoutes()
 7 SYSTEMPATH/CodeIgniter.php(464): CodeIgniter\CodeIgniter->tryToRouteIt(null)
 8 SYSTEMPATH/CodeIgniter.php(363): CodeIgniter\CodeIgniter->handleRequest(null, Object(Config\Cache), false)
 9 SYSTEMPATH/Boot.php(417): CodeIgniter\CodeIgniter->run()
10 SYSTEMPATH/Boot.php(68): CodeIgniter\Boot::runCodeIgniter(Object(CodeIgniter\CodeIgniter))
11 FCPATH/index.php(59): CodeIgniter\Boot::bootWeb(Object(Config\Paths))
12 SYSTEMPATH/rewrite.php(44): require_once('/home/mihaja/Documents/GitHub/Final_S4/public/index.php')
WARNING - 2026-07-21 04:46:39 --> [DEPRECATED] Passing lowercase HTTP method "post" is deprecated. Use uppercase HTTP method like "POST". in SYSTEMPATH/Router/RouteCollection.php on line 1026.
 1 SYSTEMPATH/Router/RouteCollection.php(1026): trigger_error('Passing lowercase HTTP method "post" is deprecated. Use uppercase HTTP method like "POST".', 16384)
 2 APPPATH/Config/Routes.php(49): CodeIgniter\Router\RouteCollection->match([...], 'transfert', 'Client\\OperationController::transfert')
 3 SYSTEMPATH/Router/RouteCollection.php(799): CodeIgniter\Router\RouteCollection->{closure:/home/mihaja/Documents/GitHub/Final_S4/app/Config/Routes.php:45}(Object(CodeIgniter\Router\RouteCollection))
 4 APPPATH/Config/Routes.php(45): CodeIgniter\Router\RouteCollection->group('client', [...], Object(Closure))
 5 SYSTEMPATH/Router/RouteCollection.php(339): require('/home/mihaja/Documents/GitHub/Final_S4/app/Config/Routes.php')
 6 SYSTEMPATH/CodeIgniter.php(841): CodeIgniter\Router\RouteCollection->loadRoutes()
 7 SYSTEMPATH/CodeIgniter.php(464): CodeIgniter\CodeIgniter->tryToRouteIt(null)
 8 SYSTEMPATH/CodeIgniter.php(363): CodeIgniter\CodeIgniter->handleRequest(null, Object(Config\Cache), false)
 9 SYSTEMPATH/Boot.php(417): CodeIgniter\CodeIgniter->run()
10 SYSTEMPATH/Boot.php(68): CodeIgniter\Boot::runCodeIgniter(Object(CodeIgniter\CodeIgniter))
11 FCPATH/index.php(59): CodeIgniter\Boot::bootWeb(Object(Config\Paths))
12 SYSTEMPATH/rewrite.php(44): require_once('/home/mihaja/Documents/GitHub/Final_S4/public/index.php')
DEBUG - 2026-07-21 04:46:39 --> Session: Class initialized using 'CodeIgniter\Session\Handlers\FileHandler' driver.
WARNING - 2026-07-21 04:46:40 --> [DEPRECATED] Passing lowercase HTTP method "get" is deprecated. Use uppercase HTTP method like "GET". in SYSTEMPATH/Router/RouteCollection.php on line 1026.
 1 SYSTEMPATH/Router/RouteCollection.php(1026): trigger_error('Passing lowercase HTTP method "get" is deprecated. Use uppercase HTTP method like "GET".', 16384)
 2 APPPATH/Config/Routes.php(47): CodeIgniter\Router\RouteCollection->match([...], 'depot', 'Client\\OperationController::depot')
 3 SYSTEMPATH/Router/RouteCollection.php(799): CodeIgniter\Router\RouteCollection->{closure:/home/mihaja/Documents/GitHub/Final_S4/app/Config/Routes.php:45}(Object(CodeIgniter\Router\RouteCollection))
 4 APPPATH/Config/Routes.php(45): CodeIgniter\Router\RouteCollection->group('client', [...], Object(Closure))
 5 SYSTEMPATH/Router/RouteCollection.php(339): require('/home/mihaja/Documents/GitHub/Final_S4/app/Config/Routes.php')
 6 SYSTEMPATH/CodeIgniter.php(841): CodeIgniter\Router\RouteCollection->loadRoutes()
 7 SYSTEMPATH/CodeIgniter.php(464): CodeIgniter\CodeIgniter->tryToRouteIt(null)
 8 SYSTEMPATH/CodeIgniter.php(363): CodeIgniter\CodeIgniter->handleRequest(null, Object(Config\Cache), false)
 9 SYSTEMPATH/Boot.php(417): CodeIgniter\CodeIgniter->run()
10 SYSTEMPATH/Boot.php(68): CodeIgniter\Boot::runCodeIgniter(Object(CodeIgniter\CodeIgniter))
11 FCPATH/index.php(59): CodeIgniter\Boot::bootWeb(Object(Config\Paths))
12 SYSTEMPATH/rewrite.php(44): require_once('/home/mihaja/Documents/GitHub/Final_S4/public/index.php')
WARNING - 2026-07-21 04:46:40 --> [DEPRECATED] Passing lowercase HTTP method "post" is deprecated. Use uppercase HTTP method like "POST". in SYSTEMPATH/Router/RouteCollection.php on line 1026.
 1 SYSTEMPATH/Router/RouteCollection.php(1026): trigger_error('Passing lowercase HTTP method "post" is deprecated. Use uppercase HTTP method like "POST".', 16384)
 2 APPPATH/Config/Routes.php(47): CodeIgniter\Router\RouteCollection->match([...], 'depot', 'Client\\OperationController::depot')
 3 SYSTEMPATH/Router/RouteCollection.php(799): CodeIgniter\Router\RouteCollection->{closure:/home/mihaja/Documents/GitHub/Final_S4/app/Config/Routes.php:45}(Object(CodeIgniter\Router\RouteCollection))
 4 APPPATH/Config/Routes.php(45): CodeIgniter\Router\RouteCollection->group('client', [...], Object(Closure))
 5 SYSTEMPATH/Router/RouteCollection.php(339): require('/home/mihaja/Documents/GitHub/Final_S4/app/Config/Routes.php')
 6 SYSTEMPATH/CodeIgniter.php(841): CodeIgniter\Router\RouteCollection->loadRoutes()
 7 SYSTEMPATH/CodeIgniter.php(464): CodeIgniter\CodeIgniter->tryToRouteIt(null)
 8 SYSTEMPATH/CodeIgniter.php(363): CodeIgniter\CodeIgniter->handleRequest(null, Object(Config\Cache), false)
 9 SYSTEMPATH/Boot.php(417): CodeIgniter\CodeIgniter->run()
10 SYSTEMPATH/Boot.php(68): CodeIgniter\Boot::runCodeIgniter(Object(CodeIgniter\CodeIgniter))
11 FCPATH/index.php(59): CodeIgniter\Boot::bootWeb(Object(Config\Paths))
12 SYSTEMPATH/rewrite.php(44): require_once('/home/mihaja/Documents/GitHub/Final_S4/public/index.php')
WARNING - 2026-07-21 04:46:40 --> [DEPRECATED] Passing lowercase HTTP method "get" is deprecated. Use uppercase HTTP method like "GET". in SYSTEMPATH/Router/RouteCollection.php on line 1026.
 1 SYSTEMPATH/Router/RouteCollection.php(1026): trigger_error('Passing lowercase HTTP method "get" is deprecated. Use uppercase HTTP method like "GET".', 16384)
 2 APPPATH/Config/Routes.php(48): CodeIgniter\Router\RouteCollection->match([...], 'retrait', 'Client\\OperationController::retrait')
 3 SYSTEMPATH/Router/RouteCollection.php(799): CodeIgniter\Router\RouteCollection->{closure:/home/mihaja/Documents/GitHub/Final_S4/app/Config/Routes.php:45}(Object(CodeIgniter\Router\RouteCollection))
 4 APPPATH/Config/Routes.php(45): CodeIgniter\Router\RouteCollection->group('client', [...], Object(Closure))
 5 SYSTEMPATH/Router/RouteCollection.php(339): require('/home/mihaja/Documents/GitHub/Final_S4/app/Config/Routes.php')
 6 SYSTEMPATH/CodeIgniter.php(841): CodeIgniter\Router\RouteCollection->loadRoutes()
 7 SYSTEMPATH/CodeIgniter.php(464): CodeIgniter\CodeIgniter->tryToRouteIt(null)
 8 SYSTEMPATH/CodeIgniter.php(363): CodeIgniter\CodeIgniter->handleRequest(null, Object(Config\Cache), false)
 9 SYSTEMPATH/Boot.php(417): CodeIgniter\CodeIgniter->run()
10 SYSTEMPATH/Boot.php(68): CodeIgniter\Boot::runCodeIgniter(Object(CodeIgniter\CodeIgniter))
11 FCPATH/index.php(59): CodeIgniter\Boot::bootWeb(Object(Config\Paths))
12 SYSTEMPATH/rewrite.php(44): require_once('/home/mihaja/Documents/GitHub/Final_S4/public/index.php')
WARNING - 2026-07-21 04:46:40 --> [DEPRECATED] Passing lowercase HTTP method "post" is deprecated. Use uppercase HTTP method like "POST". in SYSTEMPATH/Router/RouteCollection.php on line 1026.
 1 SYSTEMPATH/Router/RouteCollection.php(1026): trigger_error('Passing lowercase HTTP method "post" is deprecated. Use uppercase HTTP method like "POST".', 16384)
 2 APPPATH/Config/Routes.php(48): CodeIgniter\Router\RouteCollection->match([...], 'retrait', 'Client\\OperationController::retrait')
 3 SYSTEMPATH/Router/RouteCollection.php(799): CodeIgniter\Router\RouteCollection->{closure:/home/mihaja/Documents/GitHub/Final_S4/app/Config/Routes.php:45}(Object(CodeIgniter\Router\RouteCollection))
 4 APPPATH/Config/Routes.php(45): CodeIgniter\Router\RouteCollection->group('client', [...], Object(Closure))
 5 SYSTEMPATH/Router/RouteCollection.php(339): require('/home/mihaja/Documents/GitHub/Final_S4/app/Config/Routes.php')
 6 SYSTEMPATH/CodeIgniter.php(841): CodeIgniter\Router\RouteCollection->loadRoutes()
 7 SYSTEMPATH/CodeIgniter.php(464): CodeIgniter\CodeIgniter->tryToRouteIt(null)
 8 SYSTEMPATH/CodeIgniter.php(363): CodeIgniter\CodeIgniter->handleRequest(null, Object(Config\Cache), false)
 9 SYSTEMPATH/Boot.php(417): CodeIgniter\CodeIgniter->run()
10 SYSTEMPATH/Boot.php(68): CodeIgniter\Boot::runCodeIgniter(Object(CodeIgniter\CodeIgniter))
11 FCPATH/index.php(59): CodeIgniter\Boot::bootWeb(Object(Config\Paths))
12 SYSTEMPATH/rewrite.php(44): require_once('/home/mihaja/Documents/GitHub/Final_S4/public/index.php')
WARNING - 2026-07-21 04:46:40 --> [DEPRECATED] Passing lowercase HTTP method "get" is deprecated. Use uppercase HTTP method like "GET". in SYSTEMPATH/Router/RouteCollection.php on line 1026.
 1 SYSTEMPATH/Router/RouteCollection.php(1026): trigger_error('Passing lowercase HTTP method "get" is deprecated. Use uppercase HTTP method like "GET".', 16384)
 2 APPPATH/Config/Routes.php(49): CodeIgniter\Router\RouteCollection->match([...], 'transfert', 'Client\\OperationController::transfert')
 3 SYSTEMPATH/Router/RouteCollection.php(799): CodeIgniter\Router\RouteCollection->{closure:/home/mihaja/Documents/GitHub/Final_S4/app/Config/Routes.php:45}(Object(CodeIgniter\Router\RouteCollection))
 4 APPPATH/Config/Routes.php(45): CodeIgniter\Router\RouteCollection->group('client', [...], Object(Closure))
 5 SYSTEMPATH/Router/RouteCollection.php(339): require('/home/mihaja/Documents/GitHub/Final_S4/app/Config/Routes.php')
 6 SYSTEMPATH/CodeIgniter.php(841): CodeIgniter\Router\RouteCollection->loadRoutes()
 7 SYSTEMPATH/CodeIgniter.php(464): CodeIgniter\CodeIgniter->tryToRouteIt(null)
 8 SYSTEMPATH/CodeIgniter.php(363): CodeIgniter\CodeIgniter->handleRequest(null, Object(Config\Cache), false)
 9 SYSTEMPATH/Boot.php(417): CodeIgniter\CodeIgniter->run()
10 SYSTEMPATH/Boot.php(68): CodeIgniter\Boot::runCodeIgniter(Object(CodeIgniter\CodeIgniter))
11 FCPATH/index.php(59): CodeIgniter\Boot::bootWeb(Object(Config\Paths))
12 SYSTEMPATH/rewrite.php(44): require_once('/home/mihaja/Documents/GitHub/Final_S4/public/index.php')
WARNING - 2026-07-21 04:46:40 --> [DEPRECATED] Passing lowercase HTTP method "post" is deprecated. Use uppercase HTTP method like "POST". in SYSTEMPATH/Router/RouteCollection.php on line 1026.
 1 SYSTEMPATH/Router/RouteCollection.php(1026): trigger_error('Passing lowercase HTTP method "post" is deprecated. Use uppercase HTTP method like "POST".', 16384)
 2 APPPATH/Config/Routes.php(49): CodeIgniter\Router\RouteCollection->match([...], 'transfert', 'Client\\OperationController::transfert')
 3 SYSTEMPATH/Router/RouteCollection.php(799): CodeIgniter\Router\RouteCollection->{closure:/home/mihaja/Documents/GitHub/Final_S4/app/Config/Routes.php:45}(Object(CodeIgniter\Router\RouteCollection))
 4 APPPATH/Config/Routes.php(45): CodeIgniter\Router\RouteCollection->group('client', [...], Object(Closure))
 5 SYSTEMPATH/Router/RouteCollection.php(339): require('/home/mihaja/Documents/GitHub/Final_S4/app/Config/Routes.php')
 6 SYSTEMPATH/CodeIgniter.php(841): CodeIgniter\Router\RouteCollection->loadRoutes()
 7 SYSTEMPATH/CodeIgniter.php(464): CodeIgniter\CodeIgniter->tryToRouteIt(null)
 8 SYSTEMPATH/CodeIgniter.php(363): CodeIgniter\CodeIgniter->handleRequest(null, Object(Config\Cache), false)
 9 SYSTEMPATH/Boot.php(417): CodeIgniter\CodeIgniter->run()
10 SYSTEMPATH/Boot.php(68): CodeIgniter\Boot::runCodeIgniter(Object(CodeIgniter\CodeIgniter))
11 FCPATH/index.php(59): CodeIgniter\Boot::bootWeb(Object(Config\Paths))
12 SYSTEMPATH/rewrite.php(44): require_once('/home/mihaja/Documents/GitHub/Final_S4/public/index.php')
DEBUG - 2026-07-21 04:46:40 --> Session: Class initialized using 'CodeIgniter\Session\Handlers\FileHandler' driver.
WARNING - 2026-07-21 04:46:43 --> [DEPRECATED] Passing lowercase HTTP method "get" is deprecated. Use uppercase HTTP method like "GET". in SYSTEMPATH/Router/RouteCollection.php on line 1026.
 1 SYSTEMPATH/Router/RouteCollection.php(1026): trigger_error('Passing lowercase HTTP method "get" is deprecated. Use uppercase HTTP method like "GET".', 16384)
 2 APPPATH/Config/Routes.php(47): CodeIgniter\Router\RouteCollection->match([...], 'depot', 'Client\\OperationController::depot')
 3 SYSTEMPATH/Router/RouteCollection.php(799): CodeIgniter\Router\RouteCollection->{closure:/home/mihaja/Documents/GitHub/Final_S4/app/Config/Routes.php:45}(Object(CodeIgniter\Router\RouteCollection))
 4 APPPATH/Config/Routes.php(45): CodeIgniter\Router\RouteCollection->group('client', [...], Object(Closure))
 5 SYSTEMPATH/Router/RouteCollection.php(339): require('/home/mihaja/Documents/GitHub/Final_S4/app/Config/Routes.php')
 6 SYSTEMPATH/CodeIgniter.php(841): CodeIgniter\Router\RouteCollection->loadRoutes()
 7 SYSTEMPATH/CodeIgniter.php(464): CodeIgniter\CodeIgniter->tryToRouteIt(null)
 8 SYSTEMPATH/CodeIgniter.php(363): CodeIgniter\CodeIgniter->handleRequest(null, Object(Config\Cache), false)
 9 SYSTEMPATH/Boot.php(417): CodeIgniter\CodeIgniter->run()
10 SYSTEMPATH/Boot.php(68): CodeIgniter\Boot::runCodeIgniter(Object(CodeIgniter\CodeIgniter))
11 FCPATH/index.php(59): CodeIgniter\Boot::bootWeb(Object(Config\Paths))
12 SYSTEMPATH/rewrite.php(44): require_once('/home/mihaja/Documents/GitHub/Final_S4/public/index.php')
WARNING - 2026-07-21 04:46:43 --> [DEPRECATED] Passing lowercase HTTP method "post" is deprecated. Use uppercase HTTP method like "POST". in SYSTEMPATH/Router/RouteCollection.php on line 1026.
 1 SYSTEMPATH/Router/RouteCollection.php(1026): trigger_error('Passing lowercase HTTP method "post" is deprecated. Use uppercase HTTP method like "POST".', 16384)
 2 APPPATH/Config/Routes.php(47): CodeIgniter\Router\RouteCollection->match([...], 'depot', 'Client\\OperationController::depot')
 3 SYSTEMPATH/Router/RouteCollection.php(799): CodeIgniter\Router\RouteCollection->{closure:/home/mihaja/Documents/GitHub/Final_S4/app/Config/Routes.php:45}(Object(CodeIgniter\Router\RouteCollection))
 4 APPPATH/Config/Routes.php(45): CodeIgniter\Router\RouteCollection->group('client', [...], Object(Closure))
 5 SYSTEMPATH/Router/RouteCollection.php(339): require('/home/mihaja/Documents/GitHub/Final_S4/app/Config/Routes.php')
 6 SYSTEMPATH/CodeIgniter.php(841): CodeIgniter\Router\RouteCollection->loadRoutes()
 7 SYSTEMPATH/CodeIgniter.php(464): CodeIgniter\CodeIgniter->tryToRouteIt(null)
 8 SYSTEMPATH/CodeIgniter.php(363): CodeIgniter\CodeIgniter->handleRequest(null, Object(Config\Cache), false)
 9 SYSTEMPATH/Boot.php(417): CodeIgniter\CodeIgniter->run()
10 SYSTEMPATH/Boot.php(68): CodeIgniter\Boot::runCodeIgniter(Object(CodeIgniter\CodeIgniter))
11 FCPATH/index.php(59): CodeIgniter\Boot::bootWeb(Object(Config\Paths))
12 SYSTEMPATH/rewrite.php(44): require_once('/home/mihaja/Documents/GitHub/Final_S4/public/index.php')
WARNING - 2026-07-21 04:46:43 --> [DEPRECATED] Passing lowercase HTTP method "get" is deprecated. Use uppercase HTTP method like "GET". in SYSTEMPATH/Router/RouteCollection.php on line 1026.
 1 SYSTEMPATH/Router/RouteCollection.php(1026): trigger_error('Passing lowercase HTTP method "get" is deprecated. Use uppercase HTTP method like "GET".', 16384)
 2 APPPATH/Config/Routes.php(48): CodeIgniter\Router\RouteCollection->match([...], 'retrait', 'Client\\OperationController::retrait')
 3 SYSTEMPATH/Router/RouteCollection.php(799): CodeIgniter\Router\RouteCollection->{closure:/home/mihaja/Documents/GitHub/Final_S4/app/Config/Routes.php:45}(Object(CodeIgniter\Router\RouteCollection))
 4 APPPATH/Config/Routes.php(45): CodeIgniter\Router\RouteCollection->group('client', [...], Object(Closure))
 5 SYSTEMPATH/Router/RouteCollection.php(339): require('/home/mihaja/Documents/GitHub/Final_S4/app/Config/Routes.php')
 6 SYSTEMPATH/CodeIgniter.php(841): CodeIgniter\Router\RouteCollection->loadRoutes()
 7 SYSTEMPATH/CodeIgniter.php(464): CodeIgniter\CodeIgniter->tryToRouteIt(null)
 8 SYSTEMPATH/CodeIgniter.php(363): CodeIgniter\CodeIgniter->handleRequest(null, Object(Config\Cache), false)
 9 SYSTEMPATH/Boot.php(417): CodeIgniter\CodeIgniter->run()
10 SYSTEMPATH/Boot.php(68): CodeIgniter\Boot::runCodeIgniter(Object(CodeIgniter\CodeIgniter))
11 FCPATH/index.php(59): CodeIgniter\Boot::bootWeb(Object(Config\Paths))
12 SYSTEMPATH/rewrite.php(44): require_once('/home/mihaja/Documents/GitHub/Final_S4/public/index.php')
WARNING - 2026-07-21 04:46:43 --> [DEPRECATED] Passing lowercase HTTP method "post" is deprecated. Use uppercase HTTP method like "POST". in SYSTEMPATH/Router/RouteCollection.php on line 1026.
 1 SYSTEMPATH/Router/RouteCollection.php(1026): trigger_error('Passing lowercase HTTP method "post" is deprecated. Use uppercase HTTP method like "POST".', 16384)
 2 APPPATH/Config/Routes.php(48): CodeIgniter\Router\RouteCollection->match([...], 'retrait', 'Client\\OperationController::retrait')
 3 SYSTEMPATH/Router/RouteCollection.php(799): CodeIgniter\Router\RouteCollection->{closure:/home/mihaja/Documents/GitHub/Final_S4/app/Config/Routes.php:45}(Object(CodeIgniter\Router\RouteCollection))
 4 APPPATH/Config/Routes.php(45): CodeIgniter\Router\RouteCollection->group('client', [...], Object(Closure))
 5 SYSTEMPATH/Router/RouteCollection.php(339): require('/home/mihaja/Documents/GitHub/Final_S4/app/Config/Routes.php')
 6 SYSTEMPATH/CodeIgniter.php(841): CodeIgniter\Router\RouteCollection->loadRoutes()
 7 SYSTEMPATH/CodeIgniter.php(464): CodeIgniter\CodeIgniter->tryToRouteIt(null)
 8 SYSTEMPATH/CodeIgniter.php(363): CodeIgniter\CodeIgniter->handleRequest(null, Object(Config\Cache), false)
 9 SYSTEMPATH/Boot.php(417): CodeIgniter\CodeIgniter->run()
10 SYSTEMPATH/Boot.php(68): CodeIgniter\Boot::runCodeIgniter(Object(CodeIgniter\CodeIgniter))
11 FCPATH/index.php(59): CodeIgniter\Boot::bootWeb(Object(Config\Paths))
12 SYSTEMPATH/rewrite.php(44): require_once('/home/mihaja/Documents/GitHub/Final_S4/public/index.php')
WARNING - 2026-07-21 04:46:43 --> [DEPRECATED] Passing lowercase HTTP method "get" is deprecated. Use uppercase HTTP method like "GET". in SYSTEMPATH/Router/RouteCollection.php on line 1026.
 1 SYSTEMPATH/Router/RouteCollection.php(1026): trigger_error('Passing lowercase HTTP method "get" is deprecated. Use uppercase HTTP method like "GET".', 16384)
 2 APPPATH/Config/Routes.php(49): CodeIgniter\Router\RouteCollection->match([...], 'transfert', 'Client\\OperationController::transfert')
 3 SYSTEMPATH/Router/RouteCollection.php(799): CodeIgniter\Router\RouteCollection->{closure:/home/mihaja/Documents/GitHub/Final_S4/app/Config/Routes.php:45}(Object(CodeIgniter\Router\RouteCollection))
 4 APPPATH/Config/Routes.php(45): CodeIgniter\Router\RouteCollection->group('client', [...], Object(Closure))
 5 SYSTEMPATH/Router/RouteCollection.php(339): require('/home/mihaja/Documents/GitHub/Final_S4/app/Config/Routes.php')
 6 SYSTEMPATH/CodeIgniter.php(841): CodeIgniter\Router\RouteCollection->loadRoutes()
 7 SYSTEMPATH/CodeIgniter.php(464): CodeIgniter\CodeIgniter->tryToRouteIt(null)
 8 SYSTEMPATH/CodeIgniter.php(363): CodeIgniter\CodeIgniter->handleRequest(null, Object(Config\Cache), false)
 9 SYSTEMPATH/Boot.php(417): CodeIgniter\CodeIgniter->run()
10 SYSTEMPATH/Boot.php(68): CodeIgniter\Boot::runCodeIgniter(Object(CodeIgniter\CodeIgniter))
11 FCPATH/index.php(59): CodeIgniter\Boot::bootWeb(Object(Config\Paths))
12 SYSTEMPATH/rewrite.php(44): require_once('/home/mihaja/Documents/GitHub/Final_S4/public/index.php')
WARNING - 2026-07-21 04:46:43 --> [DEPRECATED] Passing lowercase HTTP method "post" is deprecated. Use uppercase HTTP method like "POST". in SYSTEMPATH/Router/RouteCollection.php on line 1026.
 1 SYSTEMPATH/Router/RouteCollection.php(1026): trigger_error('Passing lowercase HTTP method "post" is deprecated. Use uppercase HTTP method like "POST".', 16384)
 2 APPPATH/Config/Routes.php(49): CodeIgniter\Router\RouteCollection->match([...], 'transfert', 'Client\\OperationController::transfert')
 3 SYSTEMPATH/Router/RouteCollection.php(799): CodeIgniter\Router\RouteCollection->{closure:/home/mihaja/Documents/GitHub/Final_S4/app/Config/Routes.php:45}(Object(CodeIgniter\Router\RouteCollection))
 4 APPPATH/Config/Routes.php(45): CodeIgniter\Router\RouteCollection->group('client', [...], Object(Closure))
 5 SYSTEMPATH/Router/RouteCollection.php(339): require('/home/mihaja/Documents/GitHub/Final_S4/app/Config/Routes.php')
 6 SYSTEMPATH/CodeIgniter.php(841): CodeIgniter\Router\RouteCollection->loadRoutes()
 7 SYSTEMPATH/CodeIgniter.php(464): CodeIgniter\CodeIgniter->tryToRouteIt(null)
 8 SYSTEMPATH/CodeIgniter.php(363): CodeIgniter\CodeIgniter->handleRequest(null, Object(Config\Cache), false)
 9 SYSTEMPATH/Boot.php(417): CodeIgniter\CodeIgniter->run()
10 SYSTEMPATH/Boot.php(68): CodeIgniter\Boot::runCodeIgniter(Object(CodeIgniter\CodeIgniter))
11 FCPATH/index.php(59): CodeIgniter\Boot::bootWeb(Object(Config\Paths))
12 SYSTEMPATH/rewrite.php(44): require_once('/home/mihaja/Documents/GitHub/Final_S4/public/index.php')
DEBUG - 2026-07-21 04:46:43 --> Session: Class initialized using 'CodeIgniter\Session\Handlers\FileHandler' driver.
